group,bottleneck,field,pattern,required_check,A_value,B_value,AB_value,detail,result,ab_kind,constraint_template,constraint_category,rm_odp_viewpoint,evaluation_mode,in_paper_appendix,verdict,explanation,adaptation
1,Semantic Mismatch,Title,Loose,Coverage threshold ≥ 0.50,"flake, a one-dimensional lake physics model; flake_static_parameters; kirillin v.; zhan q.","pclake+, a process-based ecological model for lakes; pclakeplus_static_parameters; janse j.h.; janssen a.b.g.; zhan q.",integrated flake → pclake+ → ecosystem services framework,"A→AB:0.14 (covered: flake) | B→AB:0.43 (covered: pclake, pclake+, pclakeplus) | A∪B→AB:0.57 (covered: flake, pclake, pclake+, pclakeplus) | uncovered_AB: ecosystem, integrated, services",Match,INTENDED,(auxiliary) Semantic Mismatch / Title,PatternAgnostic,Domain,Deterministic,False,Match,"Deterministic check: A→AB:0.14 (covered: flake) | B→AB:0.43 (covered: pclake, pclake+, pclakeplus) | A∪B→AB:0.57 (covered: flake, pclake, pclake+, pclakeplus) | uncovered_AB: ecosystem, integrated, services",No adaptation required.
1,Semantic Mismatch,Model Version,Loose,A or B must equal AB exactly,2023.1,2023.1,1.0,A==AB:×; B==AB:×,Mismatch,INTENDED,(auxiliary) Semantic Mismatch / Model Version,PatternAgnostic,Domain,Deterministic,False,Mismatch,Deterministic check: A==AB:×; B==AB:×,Introduce an explicit mediation/adaptation step to resolve this incompatibility before integration.
1,Semantic Mismatch,Description,Loose,Coverage threshold ≥ 0.50,"flake is a one-dimensional lake physics model simulating vertical thermal structure, stratification, heat fluxes, mixing depth, ice cover. it predicts mixing regimes, thermal profiles under meteorological or climate change scenarios. outputs are used as boundary conditions for ecological models such as pclake+. pdf additions, predicts prolonged summer stratification, reduced winter stratification under warming.; lake-specific constants such as depth, albedo, sediment heat flux coefficients.","a mechanistic ecological model simulating nutrient cycling, phytoplankton, zooplankton, fish, macrophytes, detritus, sediment processes, wetland interactions. supports vertical stratification. pdf additions include, wetland purification, es module extension, hourly meteorological forcing.; constants for biogeochemistry, food webs, sediments; temperature profile + mixing depth from flake","a climate-ecology-ecosystem-services modeling framework. flake simulates stratification, thermal structure under climate scenarios. its outputs mixing depth, temperature profile force pclake+, which simulates nutrient cycling, phytoplankton groups, macrophytes, oxygen, food web dynamics. an ecosystem services es module converts ecological states into es provisioning scores using threshold-based suitability functions.","A→AB:0.29 (covered: climate, depth, ecological, flake, mixing, pclake, pclake+, pclakeplus, scenarios, stratification, structure, thermal) | B→AB:0.33 (covered: cycling, depth, ecological, es, flake, food, macrophytes, mixing, module, nutrient, phytoplankton, profile, stratification, temperature) | A∪B→AB:0.50 (covered: climate, cycling, depth, ecological, es, flake, food, macrophytes, mixing, module, nutrient, pclake, pclake+, pclakeplus, phytoplankton, profile, scenarios, stratification, structure, temperature, thermal) | uncovered_AB: based, converts, dynamics, ecology, ecosystem, force, functions, groups, its, modeling, oxygen, provisioning, scores, services, simulates, states, suitability, threshold, using, web, which",Match,INTENDED,(auxiliary) Semantic Mismatch / Description,PatternAgnostic,Domain,Deterministic,False,Match,"Deterministic check: A→AB:0.29 (covered: climate, depth, ecological, flake, mixing, pclake, pclake+, pclakeplus, scenarios, stratification, structure, thermal) | B→AB:0.33 (covered: cycling, depth, ecological, es, flake, food, macrophytes, mixing, module, nutrient, phytoplankton, profile, stratification, temperature) | A∪B→AB:0.50 (covered: climate, cycling, depth, ecological, es, flake, food, macrophytes, mixing, module, nutrient, pclake, pclake+, pclakeplus, phytoplankton, profile, scenarios, stratification, structure, temperature, thermal) | uncovered_AB: based, converts, dynamics, ecology, ecosystem, force, functions, groups, its, modeling, oxygen, provisioning, scores, services, simulates, states, suitability, threshold, using, web, which",No adaptation required.
1,Semantic Mismatch,Keywords,Loose,Coverage threshold ≥ 0.50,lake physics; thermal stratification; mixing depth; heat balance; climate change; aquatic modeling,lake ecology; eutrophication; nutrient cycling; water quality; ecosystem services; restoration; food webs,coupled modeling; stratification; eutrophication; ecosystem services; climate scenarios; restoration scenarios,"A→AB:0.38 (covered: climate, modeling, stratification) | B→AB:0.50 (covered: ecosystem, eutrophication, restoration, services) | A∪B→AB:0.88 (covered: climate, ecosystem, eutrophication, modeling, restoration, services, stratification) | uncovered_AB: scenarios",Match,INTENDED,(auxiliary) Semantic Mismatch / Keywords,PatternAgnostic,Domain,Deterministic,False,Match,"Deterministic check: A→AB:0.38 (covered: climate, modeling, stratification) | B→AB:0.50 (covered: ecosystem, eutrophication, restoration, services) | A∪B→AB:0.88 (covered: climate, ecosystem, eutrophication, modeling, restoration, services, stratification) | uncovered_AB: scenarios",No adaptation required.
1,Semantic Mismatch,Model Type,Loose,Coverage vs AB,"mechanistic, process-based model",mechanistic,,AB value missing.,Missing,INTENDED,(auxiliary) Semantic Mismatch / Model Type,PatternAgnostic,Domain,Deterministic,False,Gap,Deterministic check: AB value missing.,Provide the missing metadata field(s) for both models before this constraint can be assessed.
1,Semantic Mismatch,Scope,Loose,Coverage threshold ≥ 0.50,"simulation of temperature dynamics, vertical mixing in freshwater lakes","freshwater lakes shallow, deep","simulation of physical, ecological, es processes in freshwater lakes","A→AB:0.43 (covered: freshwater, lakes, simulation) | B→AB:0.29 (covered: freshwater, lakes) | A∪B→AB:0.43 (covered: freshwater, lakes, simulation) | uncovered_AB: ecological, es, physical, processes",Mismatch,INTENDED,Scope Compatibility,PatternAgnostic,Domain,LLMAssisted,True,Mismatch,,
1,Semantic Mismatch,Purpose & Pattern,Loose,Coverage threshold ≥ 0.50,"forecast lake thermal stratification, mixing depth for climate, water quality studies; one-way data provider to ecological or water quality models","simulate ecological responses to nutrients, climate, restoration; consumes boundary conditions from external physical models","simulate the combined physical, ecological, ecosystem-service response of lakes to climate change, management interventions.; one-way sequential coupling physical → ecological → es","A→AB:0.24 (covered: climate, ecological, one, way) | B→AB:0.24 (covered: climate, ecological, physical, simulate) | A∪B→AB:0.35 (covered: climate, ecological, one, physical, simulate, way) | uncovered_AB: change, combined, coupling, ecosystem, es, interventions, lakes, management, response, sequential, service",Mismatch,INTENDED,Purpose Compatibility,PatternAgnostic,Domain,LLMAssisted,True,Mismatch,,
1,Semantic Mismatch,Assumptions,Loose,Coverage vs AB,vertical processes dominate 1d structure; lateral homogeneity; energy balance drives stratification; meteorological forcing sufficiently describes external conditions,1d vertical structure is sufficient; external loads dominate nutrient inputs; no feedback to physical model,,AB value missing.,Missing,INTENDED,Assumption Compatibility,PatternAgnostic,Domain,LLMAssisted,True,Gap,,
1,Conceptual Quality Gap,Links to Publications & Reports,Loose,Pattern-agnostic,"kirillin et al., 2011; zhan et al., 2023",janse 2005; janse et al. 2010; janssen et al. 2019; zhan et al. 2023,,Both provide metadata.,Match,INTENDED,Conceptual Quality Evidence,PatternAgnostic,Domain,LLMAssisted,True,Match,,
1,Conceptual Quality Gap,Authors’ Unique Identifier,Loose,Pattern-agnostic,"kirillin v.; https, / / orcid.org / 0000-0002-9837-2461; zhan q.; https, / / orcid.org / 0000-0002-7765-5155","janse j.h.; https, / / orcid.org / 0000-0003-1636-679x; janssen a.b.g.; zhan q.",,Both provide metadata.,Match,INTENDED,Conceptual Quality Evidence,PatternAgnostic,Domain,LLMAssisted,True,Match,,
1,Conceptual Quality Gap,Conceptual Model Evaluation,Loose,Pattern-agnostic,"evaluated, validated against observed temperature profiles, mixing depths in multiple studies.",extensively validated in >50 lakes,,Both provide metadata.,Match,INTENDED,Conceptual Quality Evidence,PatternAgnostic,Domain,LLMAssisted,True,Match,,
1,Conceptual Quality Gap,Calibration Tools/Data,Loose,Pattern-agnostic,"historical meteorological data, in-situ temperature profiles.","empirical calibration with observed nutrients, water quality, biology, pdf study uses dutch generic calibration to avoid overfitting.",,Both provide metadata.,Match,INTENDED,Conceptual Quality Evidence,PatternAgnostic,Domain,LLMAssisted,True,Match,,
1,Conceptual Quality Gap,Validation Capabilities,Loose,Pattern-agnostic,validated against observed lake data,"validated with long-term data, pdf validation metrics include, - o2 r²=0.36, tn r²=0.40, - total chl-a r²=0.44.",,Both provide metadata.,Match,INTENDED,Conceptual Quality Evidence,PatternAgnostic,Domain,LLMAssisted,True,Match,,
1,Conceptual Quality Gap,Sensitivity Analysis,Loose,Pattern-agnostic,"boundary-condition sensitivity wind, albedo, etc.",manual or automated sensitivity tests,,Both provide metadata.,Match,INTENDED,Conceptual Quality Evidence,PatternAgnostic,Domain,LLMAssisted,True,Match,,
1,Conceptual Quality Gap,Uncertainty Analysis,Loose,Pattern-agnostic,scenario-based uncertainty assessment,"scenarios, monte carlo",,Both provide metadata.,Match,INTENDED,Conceptual Quality Evidence,PatternAgnostic,Domain,LLMAssisted,True,Match,,
1,Data Schema Mismatch,A.output,Loose,A.output ↔ B.input (≥1),water temperature profile; mixing depth; ice thickness,temperature profile + mixing depth from flake; meteorological data hourly in pdf; nutrient load data; bathymetry; hydrology,,mixing depth ↔ temperature profile + mixing depth from flake (0.90),Match,INTENDED,Variable Semantic Compatibility,InformationLevel,Information,LLMAssisted,True,Match,,
1,Data Schema Mismatch,B.output,Loose,B.output ↔ A.input (≥1),nutrients; phytoplankton groups; macrophytes; oxygen; ecosystem service indicators,meteorological forcing wind; radiation; temperature; humidity,,,Mismatch,INTENDED,Variable Semantic Compatibility,InformationLevel,Information,LLMAssisted,True,Mismatch,,
1,Data Schema Mismatch,(A or B).input vs AB.input,Loose,(A or B).input ↔ AB.input (similarity>0),A.in:meteorological forcing wind; radiation; temperature; humidity | B.in:temperature profile + mixing depth from flake; meteorological data hourly in pdf; nutrient load data; bathymetry; hydrology,,(none),max=0.00 | missing: AB.input,Missing,INTENDED,Variable Semantic Compatibility,InformationLevel,Information,LLMAssisted,True,Gap,,
1,Data Schema Mismatch,(A or B).output vs AB.output,Loose,(A or B).output ↔ AB.output (similarity>0),A.out:water temperature profile; mixing depth; ice thickness | B.out:nutrients; phytoplankton groups; macrophytes; oxygen; ecosystem service indicators,,(none),max=0.00 | missing: AB.output,Missing,INTENDED,Variable Semantic Compatibility,InformationLevel,Information,LLMAssisted,True,Gap,,
1,Temporal Resolution Mismatch,time_steps_temporal_resolution,Loose,Common exchanged variables align semantically (or a declared conversion bridges them),hourly or daily,daily,,A<->B token-sim=0.50 (>0 means aligned),Match,INTENDED,Temporal Resolution Compatibility,InformationLevel,Information,Deterministic,True,Match,Deterministic check: A<->B token-sim=0.50 (>0 means aligned),No adaptation required.
1,Temporal Coverage Mismatch,temporal_extent_coverage,Loose,Common exchanged variables align semantically (or a declared conversion bridges them),days to decades,multi-year to decadal,,A<->B token-sim=0.00 (not aligned) and no resampling/conversion policy is declared.,Mismatch,INTENDED,(auxiliary) Temporal Coverage Mismatch / temporal_extent_coverage,RuntimeLevel,Information,Deterministic,False,Mismatch,Deterministic check: A<->B token-sim=0.00 (not aligned) and no resampling/conversion policy is declared.,Introduce an explicit mediation/adaptation step to resolve this incompatibility before integration.
1,Spatial Resolution Mismatch,spatial_resolution,Loose,Common exchanged variables align semantically (or a declared conversion bridges them),user-defined depth layers typically 1-20,discrete vertical layers,,A<->B token-sim=0.14 (>0 means aligned),Match,INTENDED,Spatial Resolution Compatibility,InformationLevel,Information,Deterministic,True,Match,Deterministic check: A<->B token-sim=0.14 (>0 means aligned),No adaptation required.
1,Spatial Coverage Mismatch,spatial_extent_coverage,Loose,Common exchanged variables align semantically (or a declared conversion bridges them),single lake water column,lake water column,,A<->B token-sim=0.75 (>0 means aligned),Match,INTENDED,(auxiliary) Spatial Coverage Mismatch / spatial_extent_coverage,RuntimeLevel,Information,Deterministic,False,Match,Deterministic check: A<->B token-sim=0.75 (>0 means aligned),No adaptation required.
1,Dimensionality Mismatch,dimensionality,Loose,Common exchanged variables align semantically (or a declared conversion bridges them),1d vertical,1d,,A<->B token-sim=0.50 (>0 means aligned),Match,INTENDED,Dimensionality Compatibility,InformationLevel,Information,Deterministic,True,Match,Deterministic check: A<->B token-sim=0.50 (>0 means aligned),No adaptation required.
1,Unit Mismatch,A.output(mixing depth) -> B.input(temperature profile + mixing depth from flake),Loose,Both sides must declare a unit for the exchanged variable,m,,,Unit not declared on one or both sides.,Missing,INTENDED,Unit Compatibility,InformationLevel,Information,Deterministic,True,Gap,Deterministic check: Unit not declared on one or both sides.,Provide the missing metadata field(s) for both models before this constraint can be assessed.
1,Communication Mechanism Mismatch,communication_mechanism,Loose,Pattern-graded requirement,,,,Both sides or AB canonical interface required.,Missing,INTENDED,Interface Compatibility,RuntimeLevel,Computational,LLMAssisted,True,Gap,,
1,Error Handling Mismatch,error_handling,Loose,Pattern-graded requirement,"basic input validation, logs runtime errors","input validation, logging",,Both A and B or AB canonical required.,Match,INTENDED,Error-Handling Compatibility,RuntimeLevel,Computational,LLMAssisted,True,Match,,
1,Execution Instruction Gap,execution_instructions,Loose,Require A or B,run via command line or r / python wrappers. config files define lake-specific parameters.,run via c++ binary or r script with yaml / json configs.,,At least one side must provide.,Match,INTENDED,Execution Environment Compatibility,RuntimeLevel,Technology,LLMAssisted,True,Match,,
1,Parallel Execution Incompatibility,parallel_execution,Loose,Pattern-graded requirement,false,false,,Loose requires at least one side (or AB) to declare this.,Match,INTENDED,Execution Constraint Compatibility,RuntimeLevel,Engineering,LLMAssisted,True,Match,,
1,Execution Constraint Mismatch,execution_constraints,Loose,Pattern-graded requirement,"file-based data transfer, no feedback","consumes flake outputs, no return flow",,Loose requires at least one side (or AB) to declare this.,Match,INTENDED,Execution Ordering Compatibility,RuntimeLevel,Engineering,Deterministic,True,Match,Deterministic check: Loose requires at least one side (or AB) to declare this.,No adaptation required.
1,Acknowledgment Protocol Mismatch,acknowledgment_protocols,Loose,Pattern-graded requirement,,,,Loose requires at least one side (or AB) to declare this.,Missing,INTENDED,Synchronization Compatibility,RuntimeLevel,Engineering,LLMAssisted,True,Gap,,
1,Latency Expectation Mismatch,latency_expectations,Loose,Pattern-graded requirement,batch / offline,batch / offline,,Loose requires at least one side (or AB) to declare this.,Match,INTENDED,Latency Compatibility,RuntimeLevel,Engineering,LLMAssisted,True,Match,,
1,Data Synchronization,data_synchronization,Loose,Pattern-graded requirement,post-run file exchange,file-based,,Loose requires at least one declaration of synchronization.,Match,INTENDED,Synchronization Compatibility,RuntimeLevel,Engineering,LLMAssisted,True,Match,,
1,Programming Language Incompatibility,programming_language,Loose,Pattern-graded similarity/equality,fortran core; r interface; python interface,c++; r wrapper,,A↔B token-sim=0.00 (> 0.00),Mismatch,INTENDED,Execution Environment Compatibility,RuntimeLevel,Technology,LLMAssisted,True,Mismatch,,
1,Source Code Availability Gap,availability_of_source_code (A),Loose,Presence required,,,,A provides metadata,Missing,INTENDED,(auxiliary) Source Code Availability Gap / availability_of_source_code (A),RuntimeLevel,Technology,Deterministic,False,Gap,Deterministic check: A provides metadata,Provide the missing metadata field(s) for both models before this constraint can be assessed.
1,Source Code Availability Gap,availability_of_source_code (B),Loose,Optional at this pattern,,,,Optional.,Match,INTENDED,(auxiliary) Source Code Availability Gap / availability_of_source_code (B),RuntimeLevel,Technology,Deterministic,False,Match,Deterministic check: Optional.,No adaptation required.
1,Implementation Verification Gap,implementation_verification (A),Loose,Presence required,verified in peer-reviewed applications; compared to observed vertical temperature data,,,A provides metadata,Match,INTENDED,(auxiliary) Implementation Verification Gap / implementation_verification (A),RuntimeLevel,Technology,Deterministic,False,Match,Deterministic check: A provides metadata,No adaptation required.
1,Implementation Verification Gap,implementation_verification (B),Loose,Presence required,peer-reviewed validation; field data comparisons,,,B provides metadata,Match,INTENDED,(auxiliary) Implementation Verification Gap / implementation_verification (B),RuntimeLevel,Technology,Deterministic,False,Match,Deterministic check: B provides metadata,No adaptation required.
1,Software Environment Mismatch,software_specification_and_requirements,Loose,Pattern-graded similarity/equality,"fortran compiler or r / python build environment; meteorological forcing wind, radiation, temperature, humidity","c++ compiler, pcmodel r package; meteorological data hourly in pdf; nutrient load data; bathymetry; hydrology",,A↔B token-sim=0.10 (> 0.00),Match,INTENDED,Execution Environment Compatibility,RuntimeLevel,Technology,LLMAssisted,True,Match,,
1,Hardware Resource Mismatch,hardware_specification_and_requirements,Loose,Pattern-graded similarity/equality,standard desktop / server,standard desktop / server,,A↔B token-sim=1.00 (> 0.00),Match,INTENDED,Execution Environment Compatibility,RuntimeLevel,Technology,LLMAssisted,True,Match,,
1,Distribution Version Mismatch,distribution_version,Loose,Pattern-graded similarity/equality,2023.1,2023.1,,A↔B token-sim=1.00 (> 0.00),Match,INTENDED,Execution Environment Compatibility,RuntimeLevel,Technology,LLMAssisted,True,Match,,
1,File Format Mismatch,file_formats,Loose,Presence required,,,,Neither provides metadata.,Missing,INTENDED,Data Format Compatibility,InformationLevel,Information,Deterministic,True,Gap,Deterministic check: Neither provides metadata.,Provide the missing metadata field(s) for both models before this constraint can be assessed.
1,License Incompatibility,license,Loose,Pattern-graded requirement,gnu gpl,gnu gpl,,A↔B token-sim=1.00 (> 0.00),Match,INTENDED,License Compatibility,RuntimeLevel,Technology,LLMAssisted,True,Match,,
1,Landing Page Gap,landing_page (A),Loose,Presence required,"https, / / github.com / aemon-j / flaker",,,A provides landing page,Match,INTENDED,(auxiliary) Landing Page Gap / landing_page (A),RuntimeLevel,Technology,Deterministic,False,Match,Deterministic check: A provides landing page,No adaptation required.
1,Landing Page Gap,landing_page (B),Loose,Presence required,"https, / / github.com / pcmodel / pcmodel",,,B provides landing page,Match,INTENDED,(auxiliary) Landing Page Gap / landing_page (B),RuntimeLevel,Technology,Deterministic,False,Match,Deterministic check: B provides landing page,No adaptation required.
1,Operating Environment Mismatch,operating_system,Loose,Declared operating systems must overlap,,,,Operating system not declared on one or both sides.,Missing,INTENDED,Operating Environment Compatibility,RuntimeLevel,Technology,Deterministic,True,Gap,Deterministic check: Operating system not declared on one or both sides.,Provide the missing metadata field(s) for both models before this constraint can be assessed.
1,Semantic Mismatch,Title,One-Way,Coverage threshold ≥ 0.50,"flake, a one-dimensional lake physics model; flake_static_parameters; kirillin v.; zhan q.","pclake+, a process-based ecological model for lakes; pclakeplus_static_parameters; janse j.h.; janssen a.b.g.; zhan q.",integrated flake → pclake+ → ecosystem services framework; extracted from pdf study,"A→AB:0.10 (covered: flake) | B→AB:0.30 (covered: pclake, pclake+, pclakeplus) | A∪B→AB:0.40 (covered: flake, pclake, pclake+, pclakeplus) | uncovered_AB: ecosystem, extracted, integrated, pdf, services, study",Mismatch,INTEGRATED,(auxiliary) Semantic Mismatch / Title,PatternAgnostic,Domain,Deterministic,False,Mismatch,"Deterministic check: A→AB:0.10 (covered: flake) | B→AB:0.30 (covered: pclake, pclake+, pclakeplus) | A∪B→AB:0.40 (covered: flake, pclake, pclake+, pclakeplus) | uncovered_AB: ecosystem, extracted, integrated, pdf, services, study",Introduce an explicit mediation/adaptation step to resolve this incompatibility before integration.
1,Semantic Mismatch,Model Version,One-Way,A or B must equal AB exactly,2023.1,2023.1,1.0,A==AB:×; B==AB:×,Mismatch,INTEGRATED,(auxiliary) Semantic Mismatch / Model Version,PatternAgnostic,Domain,Deterministic,False,Mismatch,Deterministic check: A==AB:×; B==AB:×,Introduce an explicit mediation/adaptation step to resolve this incompatibility before integration.
1,Semantic Mismatch,Description,One-Way,Coverage threshold ≥ 0.50,"flake is a one-dimensional lake physics model simulating vertical thermal structure, stratification, heat fluxes, mixing depth, ice cover. it predicts mixing regimes, thermal profiles under meteorological or climate change scenarios. outputs are used as boundary conditions for ecological models such as pclake+. pdf additions, predicts prolonged summer stratification, reduced winter stratification under warming.; lake-specific constants such as depth, albedo, sediment heat flux coefficients.","a mechanistic ecological model simulating nutrient cycling, phytoplankton, zooplankton, fish, macrophytes, detritus, sediment processes, wetland interactions. supports vertical stratification. pdf additions include, wetland purification, es module extension, hourly meteorological forcing.; constants for biogeochemistry, food webs, sediments; temperature profile + mixing depth from flake","a climate-ecology-ecosystem-services modeling framework. flake simulates stratification, thermal structure under climate scenarios. its outputs mixing depth, temperature profile force pclake+, which simulates nutrient cycling, phytoplankton groups, macrophytes, oxygen, food web dynamics. an ecosystem services es module converts ecological states into es provisioning scores using threshold-based suitability functions.; hourly weather data for forcing flake, pclake+","A→AB:0.27 (covered: climate, depth, ecological, flake, mixing, pclake, pclake+, pclakeplus, scenarios, stratification, structure, thermal) | B→AB:0.36 (covered: cycling, depth, ecological, es, flake, food, forcing, hourly, macrophytes, mixing, module, nutrient, phytoplankton, profile, stratification, temperature) | A∪B→AB:0.51 (covered: climate, cycling, depth, ecological, es, flake, food, forcing, hourly, macrophytes, mixing, module, nutrient, pclake, pclake+, pclakeplus, phytoplankton, profile, scenarios, stratification, structure, temperature, thermal) | uncovered_AB: based, converts, dynamics, ecology, ecosystem, force, functions, groups, its, modeling, oxygen, provisioning, scores, services, simulates, states, suitability, threshold, using, weather, web, which",Match,INTEGRATED,(auxiliary) Semantic Mismatch / Description,PatternAgnostic,Domain,Deterministic,False,Match,"Deterministic check: A→AB:0.27 (covered: climate, depth, ecological, flake, mixing, pclake, pclake+, pclakeplus, scenarios, stratification, structure, thermal) | B→AB:0.36 (covered: cycling, depth, ecological, es, flake, food, forcing, hourly, macrophytes, mixing, module, nutrient, phytoplankton, profile, stratification, temperature) | A∪B→AB:0.51 (covered: climate, cycling, depth, ecological, es, flake, food, forcing, hourly, macrophytes, mixing, module, nutrient, pclake, pclake+, pclakeplus, phytoplankton, profile, scenarios, stratification, structure, temperature, thermal) | uncovered_AB: based, converts, dynamics, ecology, ecosystem, force, functions, groups, its, modeling, oxygen, provisioning, scores, services, simulates, states, suitability, threshold, using, weather, web, which",No adaptation required.
1,Semantic Mismatch,Keywords,One-Way,Coverage threshold ≥ 0.50,lake physics; thermal stratification; mixing depth; heat balance; climate change; aquatic modeling,lake ecology; eutrophication; nutrient cycling; water quality; ecosystem services; restoration; food webs,coupled modeling; stratification; eutrophication; ecosystem services; climate scenarios; restoration scenarios,"A→AB:0.38 (covered: climate, modeling, stratification) | B→AB:0.50 (covered: ecosystem, eutrophication, restoration, services) | A∪B→AB:0.88 (covered: climate, ecosystem, eutrophication, modeling, restoration, services, stratification) | uncovered_AB: scenarios",Match,INTEGRATED,(auxiliary) Semantic Mismatch / Keywords,PatternAgnostic,Domain,Deterministic,False,Match,"Deterministic check: A→AB:0.38 (covered: climate, modeling, stratification) | B→AB:0.50 (covered: ecosystem, eutrophication, restoration, services) | A∪B→AB:0.88 (covered: climate, ecosystem, eutrophication, modeling, restoration, services, stratification) | uncovered_AB: scenarios",No adaptation required.
1,Semantic Mismatch,Model Type,One-Way,Coverage vs AB,"mechanistic, process-based model",mechanistic,,AB value missing.,Missing,INTEGRATED,(auxiliary) Semantic Mismatch / Model Type,PatternAgnostic,Domain,Deterministic,False,Gap,Deterministic check: AB value missing.,Provide the missing metadata field(s) for both models before this constraint can be assessed.
1,Semantic Mismatch,Scope,One-Way,Coverage threshold ≥ 0.50,"simulation of temperature dynamics, vertical mixing in freshwater lakes","freshwater lakes shallow, deep","lakes, artificial water bodies","A→AB:0.25 (covered: lakes) | B→AB:0.25 (covered: lakes) | A∪B→AB:0.25 (covered: lakes) | uncovered_AB: artificial, bodies, water",Mismatch,INTEGRATED,Scope Compatibility,PatternAgnostic,Domain,LLMAssisted,True,Mismatch,,
1,Semantic Mismatch,Purpose & Pattern,One-Way,Coverage threshold ≥ 0.50,"forecast lake thermal stratification, mixing depth for climate, water quality studies; one-way data provider to ecological or water quality models","simulate ecological responses to nutrients, climate, restoration; consumes boundary conditions from external physical models","simulate the combined physical, ecological, ecosystem-service response of lakes to climate change, management interventions.; one-way sequential coupling physical → ecological → es; one-way","A→AB:0.24 (covered: climate, ecological, one, way) | B→AB:0.24 (covered: climate, ecological, physical, simulate) | A∪B→AB:0.35 (covered: climate, ecological, one, physical, simulate, way) | uncovered_AB: change, combined, coupling, ecosystem, es, interventions, lakes, management, response, sequential, service",Mismatch,INTEGRATED,Purpose Compatibility,PatternAgnostic,Domain,LLMAssisted,True,Mismatch,,
1,Semantic Mismatch,Assumptions,One-Way,Coverage threshold ≥ 0.50,vertical processes dominate 1d structure; lateral homogeneity; energy balance drives stratification; meteorological forcing sufficiently describes external conditions,1d vertical structure is sufficient; external loads dominate nutrient inputs; no feedback to physical model,physical processes drive ecological responses; no feedback from ecology to physics; threshold-based es suitability is representative of real conditions,"A→AB:0.12 (covered: conditions, processes) | B→AB:0.24 (covered: feedback, is, no, physical) | A∪B→AB:0.35 (covered: conditions, feedback, is, no, physical, processes) | uncovered_AB: based, drive, ecological, ecology, es, physics, real, representative, responses, suitability, threshold",Mismatch,INTEGRATED,Assumption Compatibility,PatternAgnostic,Domain,LLMAssisted,True,Mismatch,,
1,Conceptual Quality Gap,Links to Publications & Reports,One-Way,Pattern-agnostic,"kirillin et al., 2011; zhan et al., 2023",janse 2005; janse et al. 2010; janssen et al. 2019; zhan et al. 2023,,Both provide metadata.,Match,INTEGRATED,Conceptual Quality Evidence,PatternAgnostic,Domain,LLMAssisted,True,Match,,
1,Conceptual Quality Gap,Authors’ Unique Identifier,One-Way,Pattern-agnostic,"kirillin v.; https, / / orcid.org / 0000-0002-9837-2461; zhan q.; https, / / orcid.org / 0000-0002-7765-5155","janse j.h.; https, / / orcid.org / 0000-0003-1636-679x; janssen a.b.g.; zhan q.",,Both provide metadata.,Match,INTEGRATED,Conceptual Quality Evidence,PatternAgnostic,Domain,LLMAssisted,True,Match,,
1,Conceptual Quality Gap,Conceptual Model Evaluation,One-Way,Pattern-agnostic,"evaluated, validated against observed temperature profiles, mixing depths in multiple studies.",extensively validated in >50 lakes,,Both provide metadata.,Match,INTEGRATED,Conceptual Quality Evidence,PatternAgnostic,Domain,LLMAssisted,True,Match,,
1,Conceptual Quality Gap,Calibration Tools/Data,One-Way,Pattern-agnostic,"historical meteorological data, in-situ temperature profiles.","empirical calibration with observed nutrients, water quality, biology, pdf study uses dutch generic calibration to avoid overfitting.",,Both provide metadata.,Match,INTEGRATED,Conceptual Quality Evidence,PatternAgnostic,Domain,LLMAssisted,True,Match,,
1,Conceptual Quality Gap,Validation Capabilities,One-Way,Pattern-agnostic,validated against observed lake data,"validated with long-term data, pdf validation metrics include, - o2 r²=0.36, tn r²=0.40, - total chl-a r²=0.44.",,Both provide metadata.,Match,INTEGRATED,Conceptual Quality Evidence,PatternAgnostic,Domain,LLMAssisted,True,Match,,
1,Conceptual Quality Gap,Sensitivity Analysis,One-Way,Pattern-agnostic,"boundary-condition sensitivity wind, albedo, etc.",manual or automated sensitivity tests,,Both provide metadata.,Match,INTEGRATED,Conceptual Quality Evidence,PatternAgnostic,Domain,LLMAssisted,True,Match,,
1,Conceptual Quality Gap,Uncertainty Analysis,One-Way,Pattern-agnostic,scenario-based uncertainty assessment,"scenarios, monte carlo",,Both provide metadata.,Match,INTEGRATED,Conceptual Quality Evidence,PatternAgnostic,Domain,LLMAssisted,True,Match,,
1,Data Schema Mismatch,A.output,One-Way,A.output ↔ B.input (≥1 semantic match),water temperature profile; mixing depth; ice thickness,temperature profile + mixing depth from flake; meteorological data hourly in pdf; nutrient load data; bathymetry; hydrology,,mixing depth ↔ temperature profile + mixing depth from flake (0.90),Match,INTEGRATED,Variable Semantic Compatibility,InformationLevel,Information,LLMAssisted,True,Match,,
1,Data Schema Mismatch,A.input vs AB.input,One-Way,A.input ↔ AB.input (similarity>0),meteorological forcing wind; radiation; temperature; humidity,,(none),sim=0.00 | missing: AB.input,Missing,INTEGRATED,Variable Semantic Compatibility,InformationLevel,Information,LLMAssisted,True,Gap,,
1,Data Schema Mismatch,B.output vs AB.output,One-Way,B.output ↔ AB.output (similarity>0),,nutrients; phytoplankton groups; macrophytes; oxygen; ecosystem service indicators,thermal structure; mixing depth; nutrient concentrations; phytoplankton groups; macrophytes; oxygen; ecosystem service scores 0-1,sim=0.68,Match,INTEGRATED,Variable Semantic Compatibility,InformationLevel,Information,LLMAssisted,True,Match,,
1,Temporal Resolution Mismatch,time_steps_temporal_resolution,One-Way,Common exchanged variables align semantically (or a declared conversion bridges them),hourly or daily,daily,hourly to daily,A<->B token-sim=0.50 (>0 means aligned),Match,INTEGRATED,Temporal Resolution Compatibility,InformationLevel,Information,Deterministic,True,Match,Deterministic check: A<->B token-sim=0.50 (>0 means aligned),No adaptation required.
1,Temporal Coverage Mismatch,temporal_extent_coverage,One-Way,Common exchanged variables align semantically (or a declared conversion bridges them),days to decades,multi-year to decadal,historical + 2050 climate projections,A<->B token-sim=0.00 (not aligned) and no resampling/conversion policy is declared.,Mismatch,INTEGRATED,(auxiliary) Temporal Coverage Mismatch / temporal_extent_coverage,RuntimeLevel,Information,Deterministic,False,Mismatch,Deterministic check: A<->B token-sim=0.00 (not aligned) and no resampling/conversion policy is declared.,Introduce an explicit mediation/adaptation step to resolve this incompatibility before integration.
1,Spatial Resolution Mismatch,spatial_resolution,One-Way,Common exchanged variables align semantically (or a declared conversion bridges them),user-defined depth layers typically 1-20,discrete vertical layers,"layered structure inherited from flake, pclake+",A<->B token-sim=0.14 (>0 means aligned),Match,INTEGRATED,Spatial Resolution Compatibility,InformationLevel,Information,Deterministic,True,Match,Deterministic check: A<->B token-sim=0.14 (>0 means aligned),No adaptation required.
1,Spatial Coverage Mismatch,spatial_extent_coverage,One-Way,Common exchanged variables align semantically (or a declared conversion bridges them),single lake water column,lake water column,vertical lake column,A<->B token-sim=0.75 (>0 means aligned),Match,INTEGRATED,(auxiliary) Spatial Coverage Mismatch / spatial_extent_coverage,RuntimeLevel,Information,Deterministic,False,Match,Deterministic check: A<->B token-sim=0.75 (>0 means aligned),No adaptation required.
1,Dimensionality Mismatch,dimensionality,One-Way,Common exchanged variables align semantically (or a declared conversion bridges them),1d vertical,1d,1d,A<->B token-sim=0.50 (>0 means aligned),Match,INTEGRATED,Dimensionality Compatibility,InformationLevel,Information,Deterministic,True,Match,Deterministic check: A<->B token-sim=0.50 (>0 means aligned),No adaptation required.
1,Unit Mismatch,A.output(mixing depth) -> B.input(temperature profile + mixing depth from flake),One-Way,Both sides must declare a unit for the exchanged variable,m,,,Unit not declared on one or both sides.,Missing,INTEGRATED,Unit Compatibility,InformationLevel,Information,Deterministic,True,Gap,Deterministic check: Unit not declared on one or both sides.,Provide the missing metadata field(s) for both models before this constraint can be assessed.
1,Communication Mechanism Mismatch,communication_mechanism,One-Way,Pattern-graded requirement,,,,Not required for One-Way; any declared IO is acceptable.,Match,INTEGRATED,Interface Compatibility,RuntimeLevel,Computational,LLMAssisted,True,Match,,
1,Error Handling Mismatch,error_handling,One-Way,Pattern-graded requirement,"basic input validation, logs runtime errors","input validation, logging",handled by individual model components,At least one of A/B/AB must define error handling.,Match,INTEGRATED,Error-Handling Compatibility,RuntimeLevel,Computational,LLMAssisted,True,Match,,
1,Execution Instruction Gap,execution_instructions,One-Way,Require A only,run via command line or r / python wrappers. config files define lake-specific parameters.,,,Producer (A) must provide run instructions.,Match,INTEGRATED,Execution Environment Compatibility,RuntimeLevel,Technology,LLMAssisted,True,Match,,
1,Execution Instruction Gap,execution_instructions,One-Way,B optional in One-Way,,run via c++ binary or r script with yaml / json configs.,,B optional,Match,INTEGRATED,Execution Environment Compatibility,RuntimeLevel,Technology,LLMAssisted,True,Match,,
1,Parallel Execution Incompatibility,parallel_execution,One-Way,Pattern-graded requirement,false,false,false,Not required for One-Way.,Match,INTEGRATED,Execution Constraint Compatibility,RuntimeLevel,Engineering,LLMAssisted,True,Match,,
1,Execution Constraint Mismatch,execution_constraints,One-Way,Pattern-graded requirement,"file-based data transfer, no feedback","consumes flake outputs, no return flow","sequential, common timestep",Not required for One-Way.,Match,INTEGRATED,Execution Ordering Compatibility,RuntimeLevel,Engineering,Deterministic,True,Match,Deterministic check: Not required for One-Way.,No adaptation required.
1,Acknowledgment Protocol Mismatch,acknowledgment_protocols,One-Way,Pattern-graded requirement,,,,Not required for One-Way.,Match,INTEGRATED,Synchronization Compatibility,RuntimeLevel,Engineering,LLMAssisted,True,Match,,
1,Latency Expectation Mismatch,latency_expectations,One-Way,Pattern-graded requirement,batch / offline,batch / offline,synchronous / stepwise file transfer,Not required for One-Way.,Match,INTEGRATED,Latency Compatibility,RuntimeLevel,Engineering,LLMAssisted,True,Match,,
1,Data Synchronization,data_synchronization,One-Way,Pattern-graded requirement,post-run file exchange,file-based,sequential forcing,Not required for One-Way.,Match,INTEGRATED,Synchronization Compatibility,RuntimeLevel,Engineering,LLMAssisted,True,Match,,
1,Programming Language Incompatibility,programming_language,One-Way,Pattern-graded similarity/equality,fortran core; r interface; python interface,c++; r wrapper,"fortran flake; c++ pclake+; r, python wrappers",A↔B token-sim=0.00 (> 0.00),Mismatch,INTEGRATED,Execution Environment Compatibility,RuntimeLevel,Technology,LLMAssisted,True,Mismatch,,
1,Source Code Availability Gap,availability_of_source_code (A),One-Way,Optional at this pattern,,,,Optional.,Match,INTEGRATED,(auxiliary) Source Code Availability Gap / availability_of_source_code (A),RuntimeLevel,Technology,Deterministic,False,Match,Deterministic check: Optional.,No adaptation required.
1,Source Code Availability Gap,availability_of_source_code (B),One-Way,Optional for One-Way (B),,,,Optional for B in One-Way.,Match,INTEGRATED,(auxiliary) Source Code Availability Gap / availability_of_source_code (B),RuntimeLevel,Technology,Deterministic,False,Match,Deterministic check: Optional for B in One-Way.,No adaptation required.
1,Implementation Verification Gap,implementation_verification (A),One-Way,Presence required,verified in peer-reviewed applications; compared to observed vertical temperature data,,,A provides metadata,Match,INTEGRATED,(auxiliary) Implementation Verification Gap / implementation_verification (A),RuntimeLevel,Technology,Deterministic,False,Match,Deterministic check: A provides metadata,No adaptation required.
1,Implementation Verification Gap,implementation_verification (B),One-Way,Optional for One-Way (B),peer-reviewed validation; field data comparisons,,,Optional for B in One-Way.,Match,INTEGRATED,(auxiliary) Implementation Verification Gap / implementation_verification (B),RuntimeLevel,Technology,Deterministic,False,Match,Deterministic check: Optional for B in One-Way.,No adaptation required.
1,Software Environment Mismatch,software_specification_and_requirements,One-Way,Pattern-graded similarity/equality,"fortran compiler or r / python build environment; meteorological forcing wind, radiation, temperature, humidity","c++ compiler, pcmodel r package; meteorological data hourly in pdf; nutrient load data; bathymetry; hydrology",flake compiled environment; pcmodel r package; pclake+ c++ binary,A↔B token-sim=0.10 (> 0.00),Match,INTEGRATED,Execution Environment Compatibility,RuntimeLevel,Technology,LLMAssisted,True,Match,,
1,Hardware Resource Mismatch,hardware_specification_and_requirements,One-Way,Pattern-graded similarity/equality,standard desktop / server,standard desktop / server,,A↔B token-sim=1.00 (> 0.00),Match,INTEGRATED,Execution Environment Compatibility,RuntimeLevel,Technology,LLMAssisted,True,Match,,
1,Distribution Version Mismatch,distribution_version,One-Way,Pattern-graded similarity/equality,2023.1,2023.1,,A↔B token-sim=1.00 (> 0.00),Match,INTEGRATED,Execution Environment Compatibility,RuntimeLevel,Technology,LLMAssisted,True,Match,,
1,File Format Mismatch,file_formats,One-Way,Not required at this pattern,,,,Absent but optional for this pattern.,Match,INTEGRATED,Data Format Compatibility,InformationLevel,Information,Deterministic,True,Match,Deterministic check: Absent but optional for this pattern.,No adaptation required.
1,License Incompatibility,license,One-Way,Pattern-graded requirement,gnu gpl,gnu gpl,,A↔B token-sim=1.00 (> 0.00),Match,INTEGRATED,License Compatibility,RuntimeLevel,Technology,LLMAssisted,True,Match,,
1,Landing Page Gap,landing_page (A),One-Way,Presence required,"https, / / github.com / aemon-j / flaker",,,A provides landing page,Match,INTEGRATED,(auxiliary) Landing Page Gap / landing_page (A),RuntimeLevel,Technology,Deterministic,False,Match,Deterministic check: A provides landing page,No adaptation required.
1,Landing Page Gap,landing_page (B),One-Way,Presence required,"https, / / github.com / pcmodel / pcmodel",,,B provides landing page,Match,INTEGRATED,(auxiliary) Landing Page Gap / landing_page (B),RuntimeLevel,Technology,Deterministic,False,Match,Deterministic check: B provides landing page,No adaptation required.
1,Operating Environment Mismatch,operating_system,One-Way,Declared operating systems must overlap,,,,Operating system not declared on one or both sides.,Missing,INTEGRATED,Operating Environment Compatibility,RuntimeLevel,Technology,Deterministic,True,Gap,Deterministic check: Operating system not declared on one or both sides.,Provide the missing metadata field(s) for both models before this constraint can be assessed.
10,Semantic Mismatch,Title,Embedded,Coverage threshold ≥ 0.50,"ofam3, ocean forecasting australian model, version 3; ofam3_config_parameters","wombat, whole ocean model of biogeochemistry, trophic-dynamics; wombat_config_parameters",embedded ofam3-wombat coupled ocean-biogeochemistry model; ofam3_wombat_coupling_parameters; oke et al.,"A→AB:0.22 (covered: ofam3, parameters) | B→AB:0.33 (covered: biogeochemistry, parameters, wombat) | A∪B→AB:0.44 (covered: biogeochemistry, ofam3, parameters, wombat) | uncovered_AB: al, coupling, embedded, et, oke",Mismatch,INTENDED,(auxiliary) Semantic Mismatch / Title,PatternAgnostic,Domain,Deterministic,False,Mismatch,"Deterministic check: A→AB:0.22 (covered: ofam3, parameters) | B→AB:0.33 (covered: biogeochemistry, parameters, wombat) | A∪B→AB:0.44 (covered: biogeochemistry, ofam3, parameters, wombat) | uncovered_AB: al, coupling, embedded, et, oke",Introduce an explicit mediation/adaptation step to resolve this incompatibility before integration.
10,Semantic Mismatch,Model Version,Embedded,A or B must equal AB exactly,3.0; 2009; v1.1,2013.1; 2008; 2011,ofam3 v3.0 + wombat 2013.1; 2013,A==AB:×; B==AB:×,Mismatch,INTENDED,(auxiliary) Semantic Mismatch / Model Version,PatternAgnostic,Domain,Deterministic,False,Mismatch,Deterministic check: A==AB:×; B==AB:×,Introduce an explicit mediation/adaptation step to resolve this incompatibility before integration.
10,Semantic Mismatch,Description,Embedded,Coverage threshold ≥ 0.50,"ofam3 is a near-global, eddy-resolving ocean general circulation model based on mom4p1. it resolves mesoscale variability, large-scale circulation, can run with wombat embedded for biogeochemistry. the published configuration uses z* coordinates, eddy-resolving 1 / 10° horizontal resolution, 51 vertical levels with 5-10 m spacing in the upper 200 m, forced by 3-hourly era-interim surface fluxes.; model grid, vertical resolution, viscosity, mixing scheme, surface restoring strengths, forcing options for the ofam3 configuration described in oke et al. 2013.; 3-hourly era-interim surface heat, freshwater, momentum fluxes plus monthly climatological sst, sss fields used for surface restoring, when coupled, also receives atmospheric co₂, other fields required by embedded wombat.","wombat is a three-dimensional npzd-type ocean biogeochemistry module that simulates nutrients, phytoplankton, zooplankton, detritus, related carbon, oxygen cycles. in oke et al. 2013 it is embedded in ofam3 to represent large-scale biogeochemical cycling, ecosystem variability.; ecosystem constants uptake rates, remineralization rates, stoichiometric ratios, temperature functions , gas-exchange parameters used in the embedded ofam3-wombat configuration.; receives the evolving 3d physical fields, external forcing terms nutrient deposition, atmospheric co₂ from ofam3 at each timestep via embedded calls.","an embedded 3d coupled system where the ofam3 eddy-resolving ocean circulation model calls the wombat npzd-type biogeochemical module in-memory at each timestep. the configuration described in oke et al. 2013 uses a 1 / 10° z*-coordinate grid from 75°s to 75°n to simulate mesoscale dynamics, large-scale biogeochemical cycling.","A→AB:0.53 (covered: 10, 2013, al, circulation, configuration, described, eddy, embedded, et, grid, large, mesoscale, ofam3, oke, resolving, scale, uses, wombat) | B→AB:0.56 (covered: 2013, 3d, al, biogeochemical, calls, configuration, cycling, each, embedded, et, large, module, npzd, ofam3, oke, scale, timestep, type, wombat) | A∪B→AB:0.79 (covered: 10, 2013, 3d, al, biogeochemical, calls, circulation, configuration, cycling, described, each, eddy, embedded, et, grid, large, mesoscale, module, npzd, ofam3, oke, resolving, scale, timestep, type, uses, wombat) | uncovered_AB: 75, coordinate, dynamics, memory, simulate, system, where",Match,INTENDED,(auxiliary) Semantic Mismatch / Description,PatternAgnostic,Domain,Deterministic,False,Match,"Deterministic check: A→AB:0.53 (covered: 10, 2013, al, circulation, configuration, described, eddy, embedded, et, grid, large, mesoscale, ofam3, oke, resolving, scale, uses, wombat) | B→AB:0.56 (covered: 2013, 3d, al, biogeochemical, calls, configuration, cycling, each, embedded, et, large, module, npzd, ofam3, oke, scale, timestep, type, wombat) | A∪B→AB:0.79 (covered: 10, 2013, 3d, al, biogeochemical, calls, circulation, configuration, cycling, described, each, eddy, embedded, et, grid, large, mesoscale, module, npzd, ofam3, oke, resolving, scale, timestep, type, uses, wombat) | uncovered_AB: 75, coordinate, dynamics, memory, simulate, system, where",No adaptation required.
10,Semantic Mismatch,Keywords,Embedded,Coverage threshold ≥ 0.50,ocean circulation; eddy-resolving; climate modeling; biogeochemistry; ocean forecasting; mesoscale variability,biogeochemistry; npzd model; carbon cycle; nutrient cycling; phytoplankton; ocean ecosystems,ocean circulation; biogeochemistry; npzd model; eddy-resolving; carbon cycle; embedded coupling,"A→AB:0.44 (covered: biogeochemistry, circulation, eddy, resolving) | B→AB:0.44 (covered: biogeochemistry, carbon, cycle, npzd) | A∪B→AB:0.78 (covered: biogeochemistry, carbon, circulation, cycle, eddy, npzd, resolving) | uncovered_AB: coupling, embedded",Match,INTENDED,(auxiliary) Semantic Mismatch / Keywords,PatternAgnostic,Domain,Deterministic,False,Match,"Deterministic check: A→AB:0.44 (covered: biogeochemistry, circulation, eddy, resolving) | B→AB:0.44 (covered: biogeochemistry, carbon, cycle, npzd) | A∪B→AB:0.78 (covered: biogeochemistry, carbon, circulation, cycle, eddy, npzd, resolving) | uncovered_AB: coupling, embedded",No adaptation required.
10,Semantic Mismatch,Model Type,Embedded,Coverage threshold ≥ 0.50,"mechanistic, process-based general circulation model gcm",process-based biogeochemical cycling model npzd-type,mechanistic embedded physical-biogeochemical coupled system,"A→AB:0.20 (covered: mechanistic) | B→AB:0.20 (covered: biogeochemical) | A∪B→AB:0.40 (covered: biogeochemical, mechanistic) | uncovered_AB: embedded, physical, system",Mismatch,INTENDED,(auxiliary) Semantic Mismatch / Model Type,PatternAgnostic,Domain,Deterministic,False,Mismatch,"Deterministic check: A→AB:0.20 (covered: mechanistic) | B→AB:0.20 (covered: biogeochemical) | A∪B→AB:0.40 (covered: biogeochemical, mechanistic) | uncovered_AB: embedded, physical, system",Introduce an explicit mediation/adaptation step to resolve this incompatibility before integration.
10,Semantic Mismatch,Scope,Embedded,Coverage threshold ≥ 0.50,"simulation of physical ocean dynamics, optionally embedded biogeochemical processes at near-global scale","simulation of nutrient cycles, primary production, biogeochemical tracers in a global / near-global ocean context",near-global ocean circulation with embedded npzd-type biogeochemistry,"A→AB:0.43 (covered: embedded, global, near) | B→AB:0.29 (covered: global, near) | A∪B→AB:0.43 (covered: embedded, global, near) | uncovered_AB: biogeochemistry, circulation, npzd, type",Mismatch,INTENDED,Scope Compatibility,PatternAgnostic,Domain,LLMAssisted,True,Mismatch,,
10,Semantic Mismatch,Purpose & Pattern,Embedded,Coverage threshold ≥ 0.50,"hindcast, forecast upper-ocean circulation, mesoscale eddies, physical drivers of biogeochemical variability.; embedded physical core that can call wombat biogeochemistry in-memory at each timestep when enabled.","quantify nutrient, carbon cycling, chlorophyll distributions, ecosystem variability when embedded in a 3d ocean circulation model.; embedded biogeochemical module called in-memory from the host circulation model ofam3 at each timestep.","quantify physical-biogeochemical interactions, including nutrient, carbon cycling, chlorophyll distributions, ecosystem variability, in an eddy-resolving near-global ocean configuration.; embedded coupling, wombat is called directly from ofam3’s time-stepping loop in lockstep with physical integration.; embedded","A→AB:0.17 (covered: biogeochemical, embedded, physical, variability, wombat) | B→AB:0.41 (covered: biogeochemical, called, carbon, chlorophyll, cycling, distributions, ecosystem, embedded, nutrient, ofam3, quantify, variability) | A∪B→AB:0.48 (covered: biogeochemical, called, carbon, chlorophyll, cycling, distributions, ecosystem, embedded, nutrient, ofam3, physical, quantify, variability, wombat) | uncovered_AB: configuration, coupling, directly, eddy, global, including, integration, interactions, is, lockstep, loop, near, resolving, stepping, time",Mismatch,INTENDED,Purpose Compatibility,PatternAgnostic,Domain,LLMAssisted,True,Mismatch,,
10,Semantic Mismatch,Assumptions,Embedded,Coverage threshold ≥ 0.50,"ocean represented using z* vertical coordinate system on a 1 / 10° grid.; forced by 1.5° era-interim 3-hourly heat, freshwater, momentum fluxes.; surface temperature, salinity restored toward observed climatologies.; no explicit sea-ice model in the ofam3 configuration of oke et al. 2013.","ecosystem structure represented by a simple npzd-type framework.; stoichiometry is based on redfield-like elemental ratios.; phytoplankton growth is limited by light, nutrients e.g., phosphate, iron , temperature.; air-sea gas exchange parameterized using wind speed, climatological sea-ice cover.","ofam3 provides the resolved 3d physical state velocity, temperature, salinity, mld .; wombat uses npzd-type equations with redfield-based stoichiometry, simple ecosystem structure.; air-sea gas exchange is parameterized using winds, climatological ice cover.; coupled system shares the same 1 / 10° grid, vertical coordinate, timestep.","A→AB:0.24 (covered: 10, coordinate, grid, ofam3, salinity, system, temperature, using, vertical) | B→AB:0.43 (covered: air, based, climatological, cover, ecosystem, gas, is, npzd, parameterized, redfield, simple, stoichiometry, structure, temperature, type, using) | A∪B→AB:0.62 (covered: 10, air, based, climatological, coordinate, cover, ecosystem, gas, grid, is, npzd, ofam3, parameterized, redfield, salinity, simple, stoichiometry, structure, system, temperature, type, using, vertical) | uncovered_AB: 3d, equations, mld, physical, provides, resolved, same, shares, state, timestep, uses, velocity, winds, wombat",Match,INTENDED,Assumption Compatibility,PatternAgnostic,Domain,LLMAssisted,True,Match,,
10,Conceptual Quality Gap,Links to Publications & Reports,Embedded,Pattern-agnostic,"oke et al., 2013, geosci. model dev., 6, 591-615","oke et al., 2013, geosci. model dev., 6, 591-615",,Both provide metadata.,Match,INTENDED,Conceptual Quality Evidence,PatternAgnostic,Domain,LLMAssisted,True,Match,,
10,Conceptual Quality Gap,Authors’ Unique Identifier,Embedded,Pattern-agnostic,,,,Neither provides metadata.,Missing,INTENDED,Conceptual Quality Evidence,PatternAgnostic,Domain,LLMAssisted,True,Gap,,
10,Conceptual Quality Gap,Conceptual Model Evaluation,Embedded,Pattern-agnostic,"demonstrated skill for large-scale circulation, mesoscale eddies, enso indices, upper-ocean structure when evaluated against satellite sst, sla, in situ transports, mixed layer depth climatologies.","evaluated in oke et al. 2013 against observed chlorophyll-a, nutrient distributions, co₂ fluxes, oxygen-related metrics when embedded in the ofam3 circulation model.",,Both provide metadata.,Match,INTENDED,Conceptual Quality Evidence,PatternAgnostic,Domain,LLMAssisted,True,Match,,
10,Conceptual Quality Gap,Calibration Tools/Data,Embedded,Pattern-agnostic,"era-interim atmospheric forcing, climatological temperature, salinity, observed large-scale transports acc, boundary currents , satellite altimetry sea level anomaly, satellite / reanalysis sst for surface restoring, evaluation.","iron deposition climatologies, nutrient, oxygen climatologies, observed co₂ flux products, satellite chlorophyll-a e.g., seawifs used for tuning, evaluation as documented in oke et al. 2013.",,Both provide metadata.,Match,INTENDED,Conceptual Quality Evidence,PatternAgnostic,Domain,LLMAssisted,True,Match,,
10,Conceptual Quality Gap,Validation Capabilities,Embedded,Pattern-agnostic,"yes — validated extensively against observed sst, sla, mld, large-scale transports, variability indices using the configuration documented in oke et al. 2013.","yes — supports validation of global / near-global chlorophyll patterns, carbon cycle estimates, regional nutrient / oxygen profiles against observations.",,Both provide metadata.,Match,INTENDED,Conceptual Quality Evidence,PatternAgnostic,Domain,LLMAssisted,True,Match,,
10,Conceptual Quality Gap,Sensitivity Analysis,Embedded,Pattern-agnostic,"sensitivity tested for vertical mixing schemes, restoring timescales, details of atmospheric forcing, freshwater balance.","sensitivity to nutrient limitation, light availability, other key rate parameters can be explored via alternative wombat namelist settings.",,Both provide metadata.,Match,INTENDED,Conceptual Quality Evidence,PatternAgnostic,Domain,LLMAssisted,True,Match,,
10,Conceptual Quality Gap,Uncertainty Analysis,Embedded,Pattern-agnostic,"scenario-based hindcasts, comparisons against multiple observational datasets, uncertainty explored via forcing choices, parameter perturbation experiments.","uncertainty arises from parameterizations, forcing, ensemble, scenario runs can be used to probe biogeochemical response to physical, chemical drivers.",,Both provide metadata.,Match,INTENDED,Conceptual Quality Evidence,PatternAgnostic,Domain,LLMAssisted,True,Match,,
10,Data Schema Mismatch,Direction (any),Embedded,A.output ↔ B.input OR B.output ↔ A.input (≥1),A.out:sea level; 3d temperature; salinity; currents; mixed layer depth; large-scale transports; enso indices; when wombat is enabled chlorophyll-a; other tracers.,B.out:nutrient concentrations; phytoplankton; zooplankton biomass; detritus; chlorophyll-a; oxygen; carbon-cycle flux diagnostics written via the host ofam3 i / o system.,,A2B:✓; B2A:×,Match,INTENDED,Variable Semantic Compatibility,InformationLevel,Information,LLMAssisted,True,Match,,
10,Data Schema Mismatch,(A or B).input vs AB.input,Embedded,(A or B).input ↔ AB.input (similarity>0),A.in:surface_heat_fluxes; surface_freshwater_fluxes; surface_momentum_fluxes; 10m_wind_speed; 2m_air_temperature; 2m_specific_humidity; downward_longwave_radiation; precipitation_rate; restoring_sst_climatology; restoring_sss_climatology; 3-hourly era-interim surface heat; freshwater; momentum fluxes plus monthly climatological sst; sss fields used for surface restoring; when coupled; also receives atmospheric co₂; other fields required by embedded wombat.; surface heat; momentum fluxes 3-hourly 1.5° fields; satellite altimetry for sla validation; mean sea level reference | B.in:temperature_profile; salinity_profile; 3d_velocity_field; mixed_layer_depth; external_nutrient_forcing; atmospheric_co2_properties; receives the evolving 3d physical fields; external forcing terms nutrient deposition; atmospheric co₂ from ofam3 at each timestep via embedded calls.; chlorophyll-a products for large-scale validation; dust / iron forcing fields for nutrient limitation experiments,,(none),max=0.00 | missing: AB.input,Missing,INTENDED,Variable Semantic Compatibility,InformationLevel,Information,LLMAssisted,True,Gap,,
10,Data Schema Mismatch,(A or B).output vs AB.output,Embedded,(A or B).output ↔ AB.output (similarity>0),A.out:sea level; 3d temperature; salinity; currents; mixed layer depth; large-scale transports; enso indices; when wombat is enabled chlorophyll-a; other tracers. | B.out:nutrient concentrations; phytoplankton; zooplankton biomass; detritus; chlorophyll-a; oxygen; carbon-cycle flux diagnostics written via the host ofam3 i / o system.,,(none),max=0.00 | missing: AB.output,Missing,INTENDED,Variable Semantic Compatibility,InformationLevel,Information,LLMAssisted,True,Gap,,
10,Temporal Resolution Mismatch,time_steps_temporal_resolution,Embedded,Common exchanged variables align semantically (or a declared conversion bridges them),"model timestep minutes, typical diagnostics daily to monthly","updated every host-model timestep, diagnostics daily to monthly","physical timesteps minutes, biogeochemistry updated every physical step, diagnostics daily to monthly",A<->B token-sim=0.44 (>0 means aligned),Match,INTENDED,Temporal Resolution Compatibility,InformationLevel,Information,Deterministic,True,Match,Deterministic check: A<->B token-sim=0.44 (>0 means aligned),No adaptation required.
10,Temporal Coverage Mismatch,temporal_extent_coverage,Embedded,Common exchanged variables align semantically (or a declared conversion bridges them),"multi-decadal integrations 32-year experiment, 14-year spin-up + 18-year analysis period","multi-decadal integrations e.g., 32-year experiment in oke et al. 2013","multi-decadal integrations 32-year experiment, 18-year coupled analysis period",A<->B token-sim=0.31 (>0 means aligned),Match,INTENDED,(auxiliary) Temporal Coverage Mismatch / temporal_extent_coverage,RuntimeLevel,Information,Deterministic,False,Match,Deterministic check: A<->B token-sim=0.31 (>0 means aligned),No adaptation required.
10,Spatial Resolution Mismatch,spatial_resolution,Embedded,Common exchanged variables align semantically (or a declared conversion bridges them),"1 / 10° horizontal, 5 m vertical at the surface increasing to 10 m by 200 m depth, thicker layers below","inherits 1 / 10° horizontal grid, z* vertical coordinate of ofam3.","1 / 10° horizontal, 51 vertical levels with 5-10 m spacing in upper 200 m",A<->B token-sim=0.21 (>0 means aligned),Match,INTENDED,Spatial Resolution Compatibility,InformationLevel,Information,Deterministic,True,Match,Deterministic check: A<->B token-sim=0.21 (>0 means aligned),No adaptation required.
10,Spatial Coverage Mismatch,spatial_extent_coverage,Embedded,Common exchanged variables align semantically (or a declared conversion bridges them),"near-global ocean 75°s-75°n, all longitudes","same as the host circulation model ofam3 near-global domain, 75°s-75°n .","near-global ocean 75°s-75°n, all longitudes",A<->B token-sim=0.22 (>0 means aligned),Match,INTENDED,(auxiliary) Spatial Coverage Mismatch / spatial_extent_coverage,RuntimeLevel,Information,Deterministic,False,Match,Deterministic check: A<->B token-sim=0.22 (>0 means aligned),No adaptation required.
10,Dimensionality Mismatch,dimensionality,Embedded,Common exchanged variables align semantically (or a declared conversion bridges them),"3d longitude, latitude, depth","3d longitude, latitude, depth","3d longitude, latitude, depth",A<->B token-sim=1.00 (>0 means aligned),Match,INTENDED,Dimensionality Compatibility,InformationLevel,Information,Deterministic,True,Match,Deterministic check: A<->B token-sim=1.00 (>0 means aligned),No adaptation required.
10,Unit Mismatch,A.output(salinity) -> B.input(salinity_profile),Embedded,Both sides must declare a unit for the exchanged variable,m,,,Unit not declared on one or both sides.,Missing,INTENDED,Unit Compatibility,InformationLevel,Information,Deterministic,True,Gap,Deterministic check: Unit not declared on one or both sides.,Provide the missing metadata field(s) for both models before this constraint can be assessed.
10,Unit Mismatch,A.output(mixed layer depth) -> B.input(mixed_layer_depth),Embedded,Both sides must declare a unit for the exchanged variable,Sv,,,Unit not declared on one or both sides.,Missing,INTENDED,Unit Compatibility,InformationLevel,Information,Deterministic,True,Gap,Deterministic check: Unit not declared on one or both sides.,Provide the missing metadata field(s) for both models before this constraint can be assessed.
10,Communication Mechanism Mismatch,communication_mechanism,Embedded,Pattern-graded requirement,,,,"Embedded requires A, B, and AB to declare mechanism.",Missing,INTENDED,Interface Compatibility,RuntimeLevel,Computational,LLMAssisted,True,Gap,,
10,Error Handling Mismatch,error_handling,Embedded,Pattern-graded requirement,"runtime logging with cfl, instability checks, synchronous abort on failure, restart from the latest netcdf / binary restart file no automated recovery logic .","relies on shared runtime checks with ofam3, nans or unphysical tracer values are detected via diagnostics, with coupled job abortion, restart from a consistent netcdf / binary state if needed.",,"Embedded requires A, B, and AB error handling.",Missing,INTENDED,Error-Handling Compatibility,RuntimeLevel,Computational,LLMAssisted,True,Gap,,
10,Execution Instruction Gap,execution_instructions,Embedded,Require both sides,"configure ofam3 / mom4p1 via namelist text files, compile with mpi, netcdf support, launch via mpirun on an hpc system, integrations are typically submitted as batch jobs with periodic netcdf history, restart output.","configure wombat parameters via namelists, compile as part of the coupled ofam3 executable, runs only within the host model’s time-stepping loop, is not used as a fully independent stand-alone model at 1 / 10° resolution.",,Both A and B must provide.,Match,INTENDED,Execution Environment Compatibility,RuntimeLevel,Technology,LLMAssisted,True,Match,,
10,Parallel Execution Incompatibility,parallel_execution,Embedded,Pattern-graded requirement,true,true,true,Embedded requires synchronous/low-latency cues (as applicable).,Match,INTENDED,Execution Constraint Compatibility,RuntimeLevel,Engineering,LLMAssisted,True,Match,,
10,Execution Constraint Mismatch,execution_constraints,Embedded,Pattern-graded requirement,"requires stable cfl conditions on a 1 / 10° grid, baroclinic timestep, embedded wombat calls must remain synchronous across all mpi ranks.","must run in lockstep with the host model on the same grid, timestep, with tracer advection, biogeochemical source-sink terms applied consistently across mpi ranks.",,"Embedded requires A, B, and AB to declare this.",Missing,INTENDED,Execution Ordering Compatibility,RuntimeLevel,Engineering,Deterministic,True,Gap,"Deterministic check: Embedded requires A, B, and AB to declare this.",Provide the missing metadata field(s) for both models before this constraint can be assessed.
10,Acknowledgment Protocol Mismatch,acknowledgment_protocols,Embedded,Pattern-graded requirement,"cite oke et al. 2013 gmd, acknowledge csiro / bureau of meteorology when using ofam3 or derivative configurations.","when using wombat as embedded in ofam3, cite oke et al. 2013 gmd, acknowledge csiro / bom, consult institutional agreements for redistribution.",,"Embedded requires A, B, and AB to declare this.",Missing,INTENDED,Synchronization Compatibility,RuntimeLevel,Engineering,LLMAssisted,True,Gap,,
10,Latency Expectation Mismatch,latency_expectations,Embedded,Pattern-graded requirement,,,,"Embedded requires A, B, and AB to declare this.",Missing,INTENDED,Latency Compatibility,RuntimeLevel,Engineering,LLMAssisted,True,Gap,,
10,Data Synchronization,data_synchronization,Embedded,Pattern-graded requirement,"internal state synchronized across mpi ranks by mom4p1, history, restart netcdf files written at scheduled intervals for analysis, continuation runs.","in-memory, synchronous updates each timestep, tracer fields are advected, updated within the host’s integration cycle, captured in shared netcdf restart, history files.",,"Embedded requires A, B, and AB synchronization metadata.",Missing,INTENDED,Synchronization Compatibility,RuntimeLevel,Engineering,LLMAssisted,True,Gap,,
10,Programming Language Incompatibility,programming_language,Embedded,Exact equality required,native_c_cpp_fortran_family,native_c_cpp_fortran_family,native_c_cpp_fortran_family,Equal.,Match,INTENDED,Execution Environment Compatibility,RuntimeLevel,Technology,LLMAssisted,True,Match,,
10,Source Code Availability Gap,availability_of_source_code (A),Embedded,Presence required,,,,A provides metadata,Missing,INTENDED,(auxiliary) Source Code Availability Gap / availability_of_source_code (A),RuntimeLevel,Technology,Deterministic,False,Gap,Deterministic check: A provides metadata,Provide the missing metadata field(s) for both models before this constraint can be assessed.
10,Source Code Availability Gap,availability_of_source_code (B),Embedded,Presence required,,,,B provides metadata,Missing,INTENDED,(auxiliary) Source Code Availability Gap / availability_of_source_code (B),RuntimeLevel,Technology,Deterministic,False,Gap,Deterministic check: B provides metadata,Provide the missing metadata field(s) for both models before this constraint can be assessed.
10,Implementation Verification Gap,implementation_verification (A),Embedded,Presence required,"peer-reviewed comparison with observed circulation, variability indices, biogeochemical fields when wombat is enabled in oke et al. 2013.; time series, climatologies compared against sst, sla products, transport estimates, other observational / reanalysis datasets as in oke et al. 2013.",,,A provides metadata,Match,INTENDED,(auxiliary) Implementation Verification Gap / implementation_verification (A),RuntimeLevel,Technology,Deterministic,False,Match,Deterministic check: A provides metadata,No adaptation required.
10,Implementation Verification Gap,implementation_verification (B),Embedded,Presence required,"verified indirectly through the coupled ofam3-wombat experiments in oke et al. 2013 by reproducing observed biogeochemical, carbon-cycle patterns.; biogeochemical output compared against chlorophyll, nutrient, oxygen, co₂ flux datasets in the evaluation described by oke et al. 2013.",,,B provides metadata,Match,INTENDED,(auxiliary) Implementation Verification Gap / implementation_verification (B),RuntimeLevel,Technology,Deterministic,False,Match,Deterministic check: B provides metadata,No adaptation required.
10,Software Environment Mismatch,software_specification_and_requirements,Embedded,Exact equality required,"fortran compiler with c_abi toolchain, mpi for distributed-memory parallelism, netcdf4_family e.g., netcdf4 / nco for i / o, batch scheduler on an hpc system.; surface heat, freshwater, momentum fluxes 3-hourly 1.5° fields; satellite altimetry for sla validation, mean sea level reference","requires compilation, embedding within ofam3 mom4p1-based using a fortran compiler with c_abi, mpi for parallel execution, netcdf4_family i / o through the host model.; chlorophyll-a products for large-scale validation; dust / iron forcing fields for nutrient limitation experiments",,Not equal.,Mismatch,INTENDED,Execution Environment Compatibility,RuntimeLevel,Technology,LLMAssisted,True,Mismatch,,
10,Hardware Resource Mismatch,hardware_specification_and_requirements,Embedded,Exact equality required,high-performance computing hpc environment required due to eddy-resolving 1 / 10° resolution.,"shares the hpc requirements of the host eddy-resolving circulation model e.g., ofam3 on a distributed-memory cluster .",,Not equal.,Mismatch,INTENDED,Execution Environment Compatibility,RuntimeLevel,Technology,LLMAssisted,True,Mismatch,,
10,Distribution Version Mismatch,distribution_version,Embedded,Exact equality required,3.0,2013.1,2013 embedded ofam3-wombat configuration,Not equal.,Mismatch,INTENDED,Execution Environment Compatibility,RuntimeLevel,Technology,LLMAssisted,True,Mismatch,,
10,File Format Mismatch,file_formats,Embedded,Exact equality required,netcdf,netcdf,netcdf,Equal.,Match,INTENDED,Data Format Compatibility,InformationLevel,Information,Deterministic,True,Match,Deterministic check: Equal.,No adaptation required.
10,License Incompatibility,license,Embedded,Pattern-graded requirement,"research / institutional use csiro / bureau of meteorology, not an osi open-source license .",research / institutional use csiro / bureau of meteorology .,,Exact equality required at Embedded.,Mismatch,INTENDED,License Compatibility,RuntimeLevel,Technology,LLMAssisted,True,Mismatch,,
10,Landing Page Gap,landing_page (A),Embedded,Presence required,"http, / / www.bom.gov.au / oceanography / forecasts /",,,A provides landing page,Match,INTENDED,(auxiliary) Landing Page Gap / landing_page (A),RuntimeLevel,Technology,Deterministic,False,Match,Deterministic check: A provides landing page,No adaptation required.
10,Landing Page Gap,landing_page (B),Embedded,Presence required,"http, / / www.bom.gov.au / oceanography / forecasts /",,,B provides landing page,Match,INTENDED,(auxiliary) Landing Page Gap / landing_page (B),RuntimeLevel,Technology,Deterministic,False,Match,Deterministic check: B provides landing page,No adaptation required.
10,Operating Environment Mismatch,operating_system,Embedded,Declared operating systems must overlap,,,,Operating system not declared on one or both sides.,Missing,INTENDED,Operating Environment Compatibility,RuntimeLevel,Technology,Deterministic,True,Gap,Deterministic check: Operating system not declared on one or both sides.,Provide the missing metadata field(s) for both models before this constraint can be assessed.
10,Semantic Mismatch,Title,Embedded,Coverage threshold ≥ 0.50,"ofam3, ocean forecasting australian model, version 3; ofam3_config_parameters","wombat, whole ocean model of biogeochemistry, trophic-dynamics; wombat_config_parameters",embedded ofam3-wombat coupled ocean-biogeochemistry model; ofam3_wombat_coupling_parameters,"A→AB:0.33 (covered: ofam3, parameters) | B→AB:0.50 (covered: biogeochemistry, parameters, wombat) | A∪B→AB:0.67 (covered: biogeochemistry, ofam3, parameters, wombat) | uncovered_AB: coupling, embedded",Match,INTEGRATED,(auxiliary) Semantic Mismatch / Title,PatternAgnostic,Domain,Deterministic,False,Match,"Deterministic check: A→AB:0.33 (covered: ofam3, parameters) | B→AB:0.50 (covered: biogeochemistry, parameters, wombat) | A∪B→AB:0.67 (covered: biogeochemistry, ofam3, parameters, wombat) | uncovered_AB: coupling, embedded",No adaptation required.
10,Semantic Mismatch,Model Version,Embedded,A or B must equal AB exactly,3.0; 2009; v1.1,2013.1; 2008; 2011,ofam3 v3.0 + wombat 2013.1; 2013,A==AB:×; B==AB:×,Mismatch,INTEGRATED,(auxiliary) Semantic Mismatch / Model Version,PatternAgnostic,Domain,Deterministic,False,Mismatch,Deterministic check: A==AB:×; B==AB:×,Introduce an explicit mediation/adaptation step to resolve this incompatibility before integration.
10,Semantic Mismatch,Description,Embedded,Coverage threshold ≥ 0.50,"ofam3 is a near-global, eddy-resolving ocean general circulation model based on mom4p1. it resolves mesoscale variability, large-scale circulation, can run with wombat embedded for biogeochemistry. the published configuration uses z* coordinates, eddy-resolving 1 / 10° horizontal resolution, 51 vertical levels with 5-10 m spacing in the upper 200 m, forced by 3-hourly era-interim surface fluxes.; model grid, vertical resolution, viscosity, mixing scheme, surface restoring strengths, forcing options for the ofam3 configuration described in oke et al. 2013.; 3-hourly era-interim surface heat, freshwater, momentum fluxes plus monthly climatological sst, sss fields used for surface restoring, when coupled, also receives atmospheric co₂, other fields required by embedded wombat.","wombat is a three-dimensional npzd-type ocean biogeochemistry module that simulates nutrients, phytoplankton, zooplankton, detritus, related carbon, oxygen cycles. in oke et al. 2013 it is embedded in ofam3 to represent large-scale biogeochemical cycling, ecosystem variability.; ecosystem constants uptake rates, remineralization rates, stoichiometric ratios, temperature functions , gas-exchange parameters used in the embedded ofam3-wombat configuration.; receives the evolving 3d physical fields, external forcing terms nutrient deposition, atmospheric co₂ from ofam3 at each timestep via embedded calls.","an embedded 3d coupled system where the ofam3 eddy-resolving ocean circulation model calls the wombat npzd-type biogeochemical module in-memory at each timestep. the configuration described in oke et al. 2013 uses a 1 / 10° z*-coordinate grid from 75°s to 75°n to simulate mesoscale dynamics, large-scale biogeochemical cycling.; parameters controlling timestep alignment, tracer advection / diffusion, coupling of physical tendencies with biogeochemical source-sink terms in the embedded system.; ofam3 receives era-interim surface forcing, climatological restoring fields, wombat receives the evolving physical state t, s, velocity, mld , external forcings e.g., atmospheric co₂, iron deposition as in-memory inputs at each step.","A→AB:0.41 (covered: 10, 2013, al, atmospheric, circulation, climatological, co, configuration, described, eddy, embedded, era, et, forcing, grid, interim, large, mesoscale, ofam3, oke, receives, resolving, restoring, scale, uses, wombat) | B→AB:0.46 (covered: 2013, 3d, al, atmospheric, biogeochemical, calls, co, configuration, cycling, deposition, each, embedded, et, evolving, external, forcing, large, module, npzd, ofam3, oke, parameters, physical, receives, scale, terms, timestep, type, wombat) | A∪B→AB:0.65 (covered: 10, 2013, 3d, al, atmospheric, biogeochemical, calls, circulation, climatological, co, configuration, cycling, deposition, described, each, eddy, embedded, era, et, evolving, external, forcing, grid, interim, large, mesoscale, module, npzd, ofam3, oke, parameters, physical, receives, resolving, restoring, scale, terms, timestep, type, uses, wombat) | uncovered_AB: 75, advection, alignment, controlling, coordinate, coupling, diffusion, dynamics, forcings, iron, memory, mld, simulate, sink, source, state, step, system, tendencies, tracer, velocity, where",Match,INTEGRATED,(auxiliary) Semantic Mismatch / Description,PatternAgnostic,Domain,Deterministic,False,Match,"Deterministic check: A→AB:0.41 (covered: 10, 2013, al, atmospheric, circulation, climatological, co, configuration, described, eddy, embedded, era, et, forcing, grid, interim, large, mesoscale, ofam3, oke, receives, resolving, restoring, scale, uses, wombat) | B→AB:0.46 (covered: 2013, 3d, al, atmospheric, biogeochemical, calls, co, configuration, cycling, deposition, each, embedded, et, evolving, external, forcing, large, module, npzd, ofam3, oke, parameters, physical, receives, scale, terms, timestep, type, wombat) | A∪B→AB:0.65 (covered: 10, 2013, 3d, al, atmospheric, biogeochemical, calls, circulation, climatological, co, configuration, cycling, deposition, described, each, eddy, embedded, era, et, evolving, external, forcing, grid, interim, large, mesoscale, module, npzd, ofam3, oke, parameters, physical, receives, resolving, restoring, scale, terms, timestep, type, uses, wombat) | uncovered_AB: 75, advection, alignment, controlling, coordinate, coupling, diffusion, dynamics, forcings, iron, memory, mld, simulate, sink, source, state, step, system, tendencies, tracer, velocity, where",No adaptation required.
10,Semantic Mismatch,Keywords,Embedded,Coverage threshold ≥ 0.50,ocean circulation; eddy-resolving; climate modeling; biogeochemistry; ocean forecasting; mesoscale variability,biogeochemistry; npzd model; carbon cycle; nutrient cycling; phytoplankton; ocean ecosystems,ocean circulation; biogeochemistry; npzd model; eddy-resolving; carbon cycle; embedded coupling,"A→AB:0.44 (covered: biogeochemistry, circulation, eddy, resolving) | B→AB:0.44 (covered: biogeochemistry, carbon, cycle, npzd) | A∪B→AB:0.78 (covered: biogeochemistry, carbon, circulation, cycle, eddy, npzd, resolving) | uncovered_AB: coupling, embedded",Match,INTEGRATED,(auxiliary) Semantic Mismatch / Keywords,PatternAgnostic,Domain,Deterministic,False,Match,"Deterministic check: A→AB:0.44 (covered: biogeochemistry, circulation, eddy, resolving) | B→AB:0.44 (covered: biogeochemistry, carbon, cycle, npzd) | A∪B→AB:0.78 (covered: biogeochemistry, carbon, circulation, cycle, eddy, npzd, resolving) | uncovered_AB: coupling, embedded",No adaptation required.
10,Semantic Mismatch,Model Type,Embedded,Coverage threshold ≥ 0.50,"mechanistic, process-based general circulation model gcm",process-based biogeochemical cycling model npzd-type,mechanistic embedded physical-biogeochemical coupled system,"A→AB:0.20 (covered: mechanistic) | B→AB:0.20 (covered: biogeochemical) | A∪B→AB:0.40 (covered: biogeochemical, mechanistic) | uncovered_AB: embedded, physical, system",Mismatch,INTEGRATED,(auxiliary) Semantic Mismatch / Model Type,PatternAgnostic,Domain,Deterministic,False,Mismatch,"Deterministic check: A→AB:0.20 (covered: mechanistic) | B→AB:0.20 (covered: biogeochemical) | A∪B→AB:0.40 (covered: biogeochemical, mechanistic) | uncovered_AB: embedded, physical, system",Introduce an explicit mediation/adaptation step to resolve this incompatibility before integration.
10,Semantic Mismatch,Scope,Embedded,Coverage threshold ≥ 0.50,"simulation of physical ocean dynamics, optionally embedded biogeochemical processes at near-global scale","simulation of nutrient cycles, primary production, biogeochemical tracers in a global / near-global ocean context",near-global ocean circulation with embedded npzd-type biogeochemistry,"A→AB:0.43 (covered: embedded, global, near) | B→AB:0.29 (covered: global, near) | A∪B→AB:0.43 (covered: embedded, global, near) | uncovered_AB: biogeochemistry, circulation, npzd, type",Mismatch,INTEGRATED,Scope Compatibility,PatternAgnostic,Domain,LLMAssisted,True,Mismatch,,
10,Semantic Mismatch,Purpose & Pattern,Embedded,Coverage threshold ≥ 0.50,"hindcast, forecast upper-ocean circulation, mesoscale eddies, physical drivers of biogeochemical variability.; embedded physical core that can call wombat biogeochemistry in-memory at each timestep when enabled.","quantify nutrient, carbon cycling, chlorophyll distributions, ecosystem variability when embedded in a 3d ocean circulation model.; embedded biogeochemical module called in-memory from the host circulation model ofam3 at each timestep.","quantify physical-biogeochemical interactions, including nutrient, carbon cycling, chlorophyll distributions, ecosystem variability, in an eddy-resolving near-global ocean configuration.; embedded coupling, wombat is called directly from ofam3’s time-stepping loop in lockstep with physical integration.; embedded","A→AB:0.17 (covered: biogeochemical, embedded, physical, variability, wombat) | B→AB:0.41 (covered: biogeochemical, called, carbon, chlorophyll, cycling, distributions, ecosystem, embedded, nutrient, ofam3, quantify, variability) | A∪B→AB:0.48 (covered: biogeochemical, called, carbon, chlorophyll, cycling, distributions, ecosystem, embedded, nutrient, ofam3, physical, quantify, variability, wombat) | uncovered_AB: configuration, coupling, directly, eddy, global, including, integration, interactions, is, lockstep, loop, near, resolving, stepping, time",Mismatch,INTEGRATED,Purpose Compatibility,PatternAgnostic,Domain,LLMAssisted,True,Mismatch,,
10,Semantic Mismatch,Assumptions,Embedded,Coverage threshold ≥ 0.50,"ocean represented using z* vertical coordinate system on a 1 / 10° grid.; forced by 1.5° era-interim 3-hourly heat, freshwater, momentum fluxes.; surface temperature, salinity restored toward observed climatologies.; no explicit sea-ice model in the ofam3 configuration of oke et al. 2013.","ecosystem structure represented by a simple npzd-type framework.; stoichiometry is based on redfield-like elemental ratios.; phytoplankton growth is limited by light, nutrients e.g., phosphate, iron , temperature.; air-sea gas exchange parameterized using wind speed, climatological sea-ice cover.","ofam3 provides the resolved 3d physical state velocity, temperature, salinity, mld .; wombat uses npzd-type equations with redfield-based stoichiometry, simple ecosystem structure.; air-sea gas exchange is parameterized using winds, climatological ice cover.; coupled system shares the same 1 / 10° grid, vertical coordinate, timestep.","A→AB:0.24 (covered: 10, coordinate, grid, ofam3, salinity, system, temperature, using, vertical) | B→AB:0.43 (covered: air, based, climatological, cover, ecosystem, gas, is, npzd, parameterized, redfield, simple, stoichiometry, structure, temperature, type, using) | A∪B→AB:0.62 (covered: 10, air, based, climatological, coordinate, cover, ecosystem, gas, grid, is, npzd, ofam3, parameterized, redfield, salinity, simple, stoichiometry, structure, system, temperature, type, using, vertical) | uncovered_AB: 3d, equations, mld, physical, provides, resolved, same, shares, state, timestep, uses, velocity, winds, wombat",Match,INTEGRATED,Assumption Compatibility,PatternAgnostic,Domain,LLMAssisted,True,Match,,
10,Conceptual Quality Gap,Links to Publications & Reports,Embedded,Pattern-agnostic,"oke et al., 2013, geosci. model dev., 6, 591-615","oke et al., 2013, geosci. model dev., 6, 591-615",,Both provide metadata.,Match,INTEGRATED,Conceptual Quality Evidence,PatternAgnostic,Domain,LLMAssisted,True,Match,,
10,Conceptual Quality Gap,Authors’ Unique Identifier,Embedded,Pattern-agnostic,,,,Neither provides metadata.,Missing,INTEGRATED,Conceptual Quality Evidence,PatternAgnostic,Domain,LLMAssisted,True,Gap,,
10,Conceptual Quality Gap,Conceptual Model Evaluation,Embedded,Pattern-agnostic,"demonstrated skill for large-scale circulation, mesoscale eddies, enso indices, upper-ocean structure when evaluated against satellite sst, sla, in situ transports, mixed layer depth climatologies.","evaluated in oke et al. 2013 against observed chlorophyll-a, nutrient distributions, co₂ fluxes, oxygen-related metrics when embedded in the ofam3 circulation model.",,Both provide metadata.,Match,INTEGRATED,Conceptual Quality Evidence,PatternAgnostic,Domain,LLMAssisted,True,Match,,
10,Conceptual Quality Gap,Calibration Tools/Data,Embedded,Pattern-agnostic,"era-interim atmospheric forcing, climatological temperature, salinity, observed large-scale transports acc, boundary currents , satellite altimetry sea level anomaly, satellite / reanalysis sst for surface restoring, evaluation.","iron deposition climatologies, nutrient, oxygen climatologies, observed co₂ flux products, satellite chlorophyll-a e.g., seawifs used for tuning, evaluation as documented in oke et al. 2013.",,Both provide metadata.,Match,INTEGRATED,Conceptual Quality Evidence,PatternAgnostic,Domain,LLMAssisted,True,Match,,
10,Conceptual Quality Gap,Validation Capabilities,Embedded,Pattern-agnostic,"yes — validated extensively against observed sst, sla, mld, large-scale transports, variability indices using the configuration documented in oke et al. 2013.","yes — supports validation of global / near-global chlorophyll patterns, carbon cycle estimates, regional nutrient / oxygen profiles against observations.",,Both provide metadata.,Match,INTEGRATED,Conceptual Quality Evidence,PatternAgnostic,Domain,LLMAssisted,True,Match,,
10,Conceptual Quality Gap,Sensitivity Analysis,Embedded,Pattern-agnostic,"sensitivity tested for vertical mixing schemes, restoring timescales, details of atmospheric forcing, freshwater balance.","sensitivity to nutrient limitation, light availability, other key rate parameters can be explored via alternative wombat namelist settings.",,Both provide metadata.,Match,INTEGRATED,Conceptual Quality Evidence,PatternAgnostic,Domain,LLMAssisted,True,Match,,
10,Conceptual Quality Gap,Uncertainty Analysis,Embedded,Pattern-agnostic,"scenario-based hindcasts, comparisons against multiple observational datasets, uncertainty explored via forcing choices, parameter perturbation experiments.","uncertainty arises from parameterizations, forcing, ensemble, scenario runs can be used to probe biogeochemical response to physical, chemical drivers.",,Both provide metadata.,Match,INTEGRATED,Conceptual Quality Evidence,PatternAgnostic,Domain,LLMAssisted,True,Match,,
10,Data Schema Mismatch,Direction (any),Embedded,A.output ↔ B.input OR B.output ↔ A.input (≥1),A.out:sea level; 3d temperature; salinity; currents; mixed layer depth; large-scale transports; enso indices; when wombat is enabled chlorophyll-a; other tracers.,B.out:nutrient concentrations; phytoplankton; zooplankton biomass; detritus; chlorophyll-a; oxygen; carbon-cycle flux diagnostics written via the host ofam3 i / o system.,,A2B:✓; B2A:×,Match,INTEGRATED,Variable Semantic Compatibility,InformationLevel,Information,LLMAssisted,True,Match,,
10,Data Schema Mismatch,(A or B).input vs AB.input,Embedded,(A or B).input ↔ AB.input (similarity>0),A.in:surface_heat_fluxes; surface_freshwater_fluxes; surface_momentum_fluxes; 10m_wind_speed; 2m_air_temperature; 2m_specific_humidity; downward_longwave_radiation; precipitation_rate; restoring_sst_climatology; restoring_sss_climatology; 3-hourly era-interim surface heat; freshwater; momentum fluxes plus monthly climatological sst; sss fields used for surface restoring; when coupled; also receives atmospheric co₂; other fields required by embedded wombat.; surface heat; momentum fluxes 3-hourly 1.5° fields; satellite altimetry for sla validation; mean sea level reference | B.in:temperature_profile; salinity_profile; 3d_velocity_field; mixed_layer_depth; external_nutrient_forcing; atmospheric_co2_properties; receives the evolving 3d physical fields; external forcing terms nutrient deposition; atmospheric co₂ from ofam3 at each timestep via embedded calls.; chlorophyll-a products for large-scale validation; dust / iron forcing fields for nutrient limitation experiments,,3d_physical_state_from_ofam3; atmospheric_forcing_fields; external_biogeochemical_forcings,max=0.13,Match,INTEGRATED,Variable Semantic Compatibility,InformationLevel,Information,LLMAssisted,True,Match,,
10,Data Schema Mismatch,(A or B).output vs AB.output,Embedded,(A or B).output ↔ AB.output (similarity>0),A.out:sea level; 3d temperature; salinity; currents; mixed layer depth; large-scale transports; enso indices; when wombat is enabled chlorophyll-a; other tracers. | B.out:nutrient concentrations; phytoplankton; zooplankton biomass; detritus; chlorophyll-a; oxygen; carbon-cycle flux diagnostics written via the host ofam3 i / o system.,,coupled 3d physical fields t; s; velocity; mld; biogeochemical tracers nutrients; chlorophyll-a; carbon; oxygen; co₂ fluxes .,max=0.80,Match,INTEGRATED,Variable Semantic Compatibility,InformationLevel,Information,LLMAssisted,True,Match,,
10,Temporal Resolution Mismatch,time_steps_temporal_resolution,Embedded,Common exchanged variables align semantically (or a declared conversion bridges them),"model timestep minutes, typical diagnostics daily to monthly","updated every host-model timestep, diagnostics daily to monthly","physical timesteps minutes, biogeochemistry updated every physical step, diagnostics daily to monthly",A<->B token-sim=0.44 (>0 means aligned),Match,INTEGRATED,Temporal Resolution Compatibility,InformationLevel,Information,Deterministic,True,Match,Deterministic check: A<->B token-sim=0.44 (>0 means aligned),No adaptation required.
10,Temporal Coverage Mismatch,temporal_extent_coverage,Embedded,Common exchanged variables align semantically (or a declared conversion bridges them),"multi-decadal integrations 32-year experiment, 14-year spin-up + 18-year analysis period","multi-decadal integrations e.g., 32-year experiment in oke et al. 2013","multi-decadal integrations 32-year experiment, 18-year coupled analysis period",A<->B token-sim=0.31 (>0 means aligned),Match,INTEGRATED,(auxiliary) Temporal Coverage Mismatch / temporal_extent_coverage,RuntimeLevel,Information,Deterministic,False,Match,Deterministic check: A<->B token-sim=0.31 (>0 means aligned),No adaptation required.
10,Spatial Resolution Mismatch,spatial_resolution,Embedded,Common exchanged variables align semantically (or a declared conversion bridges them),"1 / 10° horizontal, 5 m vertical at the surface increasing to 10 m by 200 m depth, thicker layers below","inherits 1 / 10° horizontal grid, z* vertical coordinate of ofam3.","1 / 10° horizontal, 51 vertical levels with 5-10 m spacing in upper 200 m",A<->B token-sim=0.21 (>0 means aligned),Match,INTEGRATED,Spatial Resolution Compatibility,InformationLevel,Information,Deterministic,True,Match,Deterministic check: A<->B token-sim=0.21 (>0 means aligned),No adaptation required.
10,Spatial Coverage Mismatch,spatial_extent_coverage,Embedded,Common exchanged variables align semantically (or a declared conversion bridges them),"near-global ocean 75°s-75°n, all longitudes","same as the host circulation model ofam3 near-global domain, 75°s-75°n .","near-global ocean 75°s-75°n, all longitudes",A<->B token-sim=0.22 (>0 means aligned),Match,INTEGRATED,(auxiliary) Spatial Coverage Mismatch / spatial_extent_coverage,RuntimeLevel,Information,Deterministic,False,Match,Deterministic check: A<->B token-sim=0.22 (>0 means aligned),No adaptation required.
10,Dimensionality Mismatch,dimensionality,Embedded,Common exchanged variables align semantically (or a declared conversion bridges them),"3d longitude, latitude, depth","3d longitude, latitude, depth","3d longitude, latitude, depth",A<->B token-sim=1.00 (>0 means aligned),Match,INTEGRATED,Dimensionality Compatibility,InformationLevel,Information,Deterministic,True,Match,Deterministic check: A<->B token-sim=1.00 (>0 means aligned),No adaptation required.
10,Unit Mismatch,A.output(salinity) -> B.input(salinity_profile),Embedded,Both sides must declare a unit for the exchanged variable,m,,,Unit not declared on one or both sides.,Missing,INTEGRATED,Unit Compatibility,InformationLevel,Information,Deterministic,True,Gap,Deterministic check: Unit not declared on one or both sides.,Provide the missing metadata field(s) for both models before this constraint can be assessed.
10,Unit Mismatch,A.output(mixed layer depth) -> B.input(mixed_layer_depth),Embedded,Both sides must declare a unit for the exchanged variable,Sv,,,Unit not declared on one or both sides.,Missing,INTEGRATED,Unit Compatibility,InformationLevel,Information,Deterministic,True,Gap,Deterministic check: Unit not declared on one or both sides.,Provide the missing metadata field(s) for both models before this constraint can be assessed.
10,Communication Mechanism Mismatch,communication_mechanism,Embedded,Pattern-graded requirement,,,,"Embedded requires A, B, and AB to declare mechanism.",Missing,INTEGRATED,Interface Compatibility,RuntimeLevel,Computational,LLMAssisted,True,Gap,,
10,Error Handling Mismatch,error_handling,Embedded,Pattern-graded requirement,"runtime logging with cfl, instability checks, synchronous abort on failure, restart from the latest netcdf / binary restart file no automated recovery logic .","relies on shared runtime checks with ofam3, nans or unphysical tracer values are detected via diagnostics, with coupled job abortion, restart from a consistent netcdf / binary state if needed.","shared with ofam3, runtime checks on physical, tracer fields, coupled run aborts synchronously on instability, allowing restart from consistent netcdf / binary restart files.","A↔AB=0.22, B↔AB=0.31 (>0 required).",Match,INTEGRATED,Error-Handling Compatibility,RuntimeLevel,Computational,LLMAssisted,True,Match,,
10,Execution Instruction Gap,execution_instructions,Embedded,Require both sides,"configure ofam3 / mom4p1 via namelist text files, compile with mpi, netcdf support, launch via mpirun on an hpc system, integrations are typically submitted as batch jobs with periodic netcdf history, restart output.","configure wombat parameters via namelists, compile as part of the coupled ofam3 executable, runs only within the host model’s time-stepping loop, is not used as a fully independent stand-alone model at 1 / 10° resolution.",,Both A and B must provide.,Match,INTEGRATED,Execution Environment Compatibility,RuntimeLevel,Technology,LLMAssisted,True,Match,,
10,Parallel Execution Incompatibility,parallel_execution,Embedded,Pattern-graded requirement,true,true,true,Embedded requires synchronous/low-latency cues (as applicable).,Match,INTEGRATED,Execution Constraint Compatibility,RuntimeLevel,Engineering,LLMAssisted,True,Match,,
10,Execution Constraint Mismatch,execution_constraints,Embedded,Pattern-graded requirement,"requires stable cfl conditions on a 1 / 10° grid, baroclinic timestep, embedded wombat calls must remain synchronous across all mpi ranks.","must run in lockstep with the host model on the same grid, timestep, with tracer advection, biogeochemical source-sink terms applied consistently across mpi ranks.","synchronous, lockstep integration, wombat is called every ofam3 timestep on the same 3d grid, tight coupling requires consistent tracer advection, conservation across mpi ranks.",Embedded requires synchronous/low-latency cues (as applicable).,Match,INTEGRATED,Execution Ordering Compatibility,RuntimeLevel,Engineering,Deterministic,True,Match,Deterministic check: Embedded requires synchronous/low-latency cues (as applicable).,No adaptation required.
10,Acknowledgment Protocol Mismatch,acknowledgment_protocols,Embedded,Pattern-graded requirement,"cite oke et al. 2013 gmd, acknowledge csiro / bureau of meteorology when using ofam3 or derivative configurations.","when using wombat as embedded in ofam3, cite oke et al. 2013 gmd, acknowledge csiro / bom, consult institutional agreements for redistribution.","cite oke et al. 2013 gmd as the reference for the embedded ofam3-wombat system, acknowledge csiro / bom when using the configuration or its outputs.",Embedded requires synchronous/low-latency cues (as applicable).,Match,INTEGRATED,Synchronization Compatibility,RuntimeLevel,Engineering,LLMAssisted,True,Match,,
10,Latency Expectation Mismatch,latency_expectations,Embedded,Pattern-graded requirement,,,,"Embedded requires A, B, and AB to declare this.",Missing,INTEGRATED,Latency Compatibility,RuntimeLevel,Engineering,LLMAssisted,True,Gap,,
10,Data Synchronization,data_synchronization,Embedded,Pattern-graded requirement,"internal state synchronized across mpi ranks by mom4p1, history, restart netcdf files written at scheduled intervals for analysis, continuation runs.","in-memory, synchronous updates each timestep, tracer fields are advected, updated within the host’s integration cycle, captured in shared netcdf restart, history files.","low-latency in-memory exchange at every timestep same time step, same grid , restart files contain synchronized physical, biogeochemical state for seamless continuation.",Embedded expects explicit synchronous/lockstep cues.,Match,INTEGRATED,Synchronization Compatibility,RuntimeLevel,Engineering,LLMAssisted,True,Match,,
10,Programming Language Incompatibility,programming_language,Embedded,Exact equality required,native_c_cpp_fortran_family,native_c_cpp_fortran_family,native_c_cpp_fortran_family,Equal.,Match,INTEGRATED,Execution Environment Compatibility,RuntimeLevel,Technology,LLMAssisted,True,Match,,
10,Source Code Availability Gap,availability_of_source_code (A),Embedded,Presence required,,,,A provides metadata,Missing,INTEGRATED,(auxiliary) Source Code Availability Gap / availability_of_source_code (A),RuntimeLevel,Technology,Deterministic,False,Gap,Deterministic check: A provides metadata,Provide the missing metadata field(s) for both models before this constraint can be assessed.
10,Source Code Availability Gap,availability_of_source_code (B),Embedded,Presence required,,,,B provides metadata,Missing,INTEGRATED,(auxiliary) Source Code Availability Gap / availability_of_source_code (B),RuntimeLevel,Technology,Deterministic,False,Gap,Deterministic check: B provides metadata,Provide the missing metadata field(s) for both models before this constraint can be assessed.
10,Implementation Verification Gap,implementation_verification (A),Embedded,Presence required,"peer-reviewed comparison with observed circulation, variability indices, biogeochemical fields when wombat is enabled in oke et al. 2013.; time series, climatologies compared against sst, sla products, transport estimates, other observational / reanalysis datasets as in oke et al. 2013.",,,A provides metadata,Match,INTEGRATED,(auxiliary) Implementation Verification Gap / implementation_verification (A),RuntimeLevel,Technology,Deterministic,False,Match,Deterministic check: A provides metadata,No adaptation required.
10,Implementation Verification Gap,implementation_verification (B),Embedded,Presence required,"verified indirectly through the coupled ofam3-wombat experiments in oke et al. 2013 by reproducing observed biogeochemical, carbon-cycle patterns.; biogeochemical output compared against chlorophyll, nutrient, oxygen, co₂ flux datasets in the evaluation described by oke et al. 2013.",,,B provides metadata,Match,INTEGRATED,(auxiliary) Implementation Verification Gap / implementation_verification (B),RuntimeLevel,Technology,Deterministic,False,Match,Deterministic check: B provides metadata,No adaptation required.
10,Software Environment Mismatch,software_specification_and_requirements,Embedded,Exact equality required,"fortran compiler with c_abi toolchain, mpi for distributed-memory parallelism, netcdf4_family e.g., netcdf4 / nco for i / o, batch scheduler on an hpc system.; surface heat, freshwater, momentum fluxes 3-hourly 1.5° fields; satellite altimetry for sla validation, mean sea level reference","requires compilation, embedding within ofam3 mom4p1-based using a fortran compiler with c_abi, mpi for parallel execution, netcdf4_family i / o through the host model.; chlorophyll-a products for large-scale validation; dust / iron forcing fields for nutrient limitation experiments","fortran 90 toolchain with c_abi compatibility, mpi for distributed-memory parallelism, netcdf4_family for i / o, same hpc environment as ofam3.; era-interim surface fluxes; climatological nutrient, carbon-cycle datasets for evaluation; satellite sst, sla, chlorophyll-a products",Not equal.,Mismatch,INTEGRATED,Execution Environment Compatibility,RuntimeLevel,Technology,LLMAssisted,True,Mismatch,,
10,Hardware Resource Mismatch,hardware_specification_and_requirements,Embedded,Exact equality required,high-performance computing hpc environment required due to eddy-resolving 1 / 10° resolution.,"shares the hpc requirements of the host eddy-resolving circulation model e.g., ofam3 on a distributed-memory cluster .","hpc cluster with sufficient memory, cpu to run 1 / 10° eddy-resolving coupled integrations.",Not equal.,Mismatch,INTEGRATED,Execution Environment Compatibility,RuntimeLevel,Technology,LLMAssisted,True,Mismatch,,
10,Distribution Version Mismatch,distribution_version,Embedded,Exact equality required,3.0,2013.1,2013 embedded ofam3-wombat configuration,Not equal.,Mismatch,INTEGRATED,Execution Environment Compatibility,RuntimeLevel,Technology,LLMAssisted,True,Mismatch,,
10,File Format Mismatch,file_formats,Embedded,Exact equality required,netcdf,netcdf,netcdf,Equal.,Match,INTEGRATED,Data Format Compatibility,InformationLevel,Information,Deterministic,True,Match,Deterministic check: Equal.,No adaptation required.
10,License Incompatibility,license,Embedded,Pattern-graded requirement,"research / institutional use csiro / bureau of meteorology, not an osi open-source license .",research / institutional use csiro / bureau of meteorology .,,Exact equality required at Embedded.,Mismatch,INTEGRATED,License Compatibility,RuntimeLevel,Technology,LLMAssisted,True,Mismatch,,
10,Landing Page Gap,landing_page (A),Embedded,Presence required,"http, / / www.bom.gov.au / oceanography / forecasts /",,,A provides landing page,Match,INTEGRATED,(auxiliary) Landing Page Gap / landing_page (A),RuntimeLevel,Technology,Deterministic,False,Match,Deterministic check: A provides landing page,No adaptation required.
10,Landing Page Gap,landing_page (B),Embedded,Presence required,"http, / / www.bom.gov.au / oceanography / forecasts /",,,B provides landing page,Match,INTEGRATED,(auxiliary) Landing Page Gap / landing_page (B),RuntimeLevel,Technology,Deterministic,False,Match,Deterministic check: B provides landing page,No adaptation required.
10,Operating Environment Mismatch,operating_system,Embedded,Declared operating systems must overlap,,,,Operating system not declared on one or both sides.,Missing,INTEGRATED,Operating Environment Compatibility,RuntimeLevel,Technology,Deterministic,True,Gap,Deterministic check: Operating system not declared on one or both sides.,Provide the missing metadata field(s) for both models before this constraint can be assessed.
11,Semantic Mismatch,Title,Shared,Coverage threshold ≥ 0.50,penn state integrated hydrologic model pihm,"pihmgis, gis-based hydrologic model builder",integrated pihm-pihmgis system via shared data model,"A→AB:0.33 (covered: integrated, pihm) | B→AB:0.17 (covered: pihmgis) | A∪B→AB:0.50 (covered: integrated, pihm, pihmgis) | uncovered_AB: shared, system, via",Match,INTENDED,(auxiliary) Semantic Mismatch / Title,PatternAgnostic,Domain,Deterministic,False,Match,"Deterministic check: A→AB:0.33 (covered: integrated, pihm) | B→AB:0.17 (covered: pihmgis) | A∪B→AB:0.50 (covered: integrated, pihm, pihmgis) | uncovered_AB: shared, system, via",No adaptation required.
11,Semantic Mismatch,Model Version,Shared,A or B must equal AB exactly,as described in pihmgis integration paper,as described in object-oriented shared data model paper,as implemented in shared data model framework,A==AB:×; B==AB:×,Mismatch,INTENDED,(auxiliary) Semantic Mismatch / Model Version,PatternAgnostic,Domain,Deterministic,False,Mismatch,Deterministic check: A==AB:×; B==AB:×,Introduce an explicit mediation/adaptation step to resolve this incompatibility before integration.
11,Semantic Mismatch,Description,Shared,Coverage threshold ≥ 0.50,"a fully coupled, multi-process hydrologic model solving surface-subsurface flow, channel routing, interception, snow, evapotranspiration, groundwater dynamics using a semi-discrete finite-volume formulation on an unstructured mesh. used as the core hydrologic engine integrated via a shared data model in pihmgis.; mesh, parameters, forcing assembled by pihmgis","a gis-based model building, parameterization system that constructs the unstructured mesh, river network, soil / land-cover parameters, forcing inputs for pihm. uses an object-oriented shared data model that allows gis, the hydrologic model to operate on consistent shared data structures.; geospatial datasets consumed to produce pihm structures","a shared-data-model-based hydrologic modeling system where the pihm hydrologic engine, pihmgis gis builder operate on a unified object-oriented database. gis layers, model parameters, mesh elements, hydrologic states share the same data structures, enabling consistent, non-file-based, synchronous updates between gis, hydrologic modeling components.","A→AB:0.19 (covered: engine, hydrologic, mesh, parameters, pihmgis, shared) | B→AB:0.42 (covered: based, consistent, gis, hydrologic, mesh, object, operate, oriented, parameters, pihm, shared, structures, system) | A∪B→AB:0.48 (covered: based, consistent, engine, gis, hydrologic, mesh, object, operate, oriented, parameters, pihm, pihmgis, shared, structures, system) | uncovered_AB: between, builder, database, elements, enabling, file, layers, modeling, non, same, share, states, synchronous, unified, updates, where",Mismatch,INTENDED,(auxiliary) Semantic Mismatch / Description,PatternAgnostic,Domain,Deterministic,False,Mismatch,"Deterministic check: A→AB:0.19 (covered: engine, hydrologic, mesh, parameters, pihmgis, shared) | B→AB:0.42 (covered: based, consistent, gis, hydrologic, mesh, object, operate, oriented, parameters, pihm, shared, structures, system) | A∪B→AB:0.48 (covered: based, consistent, engine, gis, hydrologic, mesh, object, operate, oriented, parameters, pihm, pihmgis, shared, structures, system) | uncovered_AB: between, builder, database, elements, enabling, file, layers, modeling, non, same, share, states, synchronous, unified, updates, where",Introduce an explicit mediation/adaptation step to resolve this incompatibility before integration.
11,Semantic Mismatch,Keywords,Shared,Coverage threshold ≥ 0.50,hydrologic model; surface-subsurface coupling; finite-volume; watershed modeling; unstructured mesh,gis model builder; shared data model; mesh generation; parameterization; watershed delineation,shared data model; gis-hydrology coupling; object-oriented integration; pihm; pihmgis,"A→AB:0.11 (covered: coupling) | B→AB:0.22 (covered: gis, shared) | A∪B→AB:0.33 (covered: coupling, gis, shared) | uncovered_AB: hydrology, integration, object, oriented, pihm, pihmgis",Mismatch,INTENDED,(auxiliary) Semantic Mismatch / Keywords,PatternAgnostic,Domain,Deterministic,False,Mismatch,"Deterministic check: A→AB:0.11 (covered: coupling) | B→AB:0.22 (covered: gis, shared) | A∪B→AB:0.33 (covered: coupling, gis, shared) | uncovered_AB: hydrology, integration, object, oriented, pihm, pihmgis",Introduce an explicit mediation/adaptation step to resolve this incompatibility before integration.
11,Semantic Mismatch,Model Type,Shared,Coverage threshold ≥ 0.50,mechanistic,mechanistic preprocessing / gis-builder,mechanistic + integrated gis-model system,"A→AB:0.25 (covered: mechanistic) | B→AB:0.50 (covered: gis, mechanistic) | A∪B→AB:0.50 (covered: gis, mechanistic) | uncovered_AB: integrated, system",Match,INTENDED,(auxiliary) Semantic Mismatch / Model Type,PatternAgnostic,Domain,Deterministic,False,Match,"Deterministic check: A→AB:0.25 (covered: mechanistic) | B→AB:0.50 (covered: gis, mechanistic) | A∪B→AB:0.50 (covered: gis, mechanistic) | uncovered_AB: integrated, system",No adaptation required.
11,Semantic Mismatch,Scope,Shared,Coverage threshold ≥ 0.50,watershed to basin-scale hydrologic simulation,"watershed terrain, parameter processing",unified gis-hydrologic modeling environment,"A→AB:0.20 (covered: hydrologic) | B→AB:0.00 (covered: —) | A∪B→AB:0.20 (covered: hydrologic) | uncovered_AB: environment, gis, modeling, unified",Mismatch,INTENDED,Scope Compatibility,PatternAgnostic,Domain,LLMAssisted,True,Mismatch,,
11,Semantic Mismatch,Purpose & Pattern,Shared,Coverage threshold ≥ 0.50,"simulate the coupled surface, subsurface, channel hydrology of a watershed; multi-process hydrologic core running on an unstructured mesh","prepare meshes, parameters, forcing inputs for pihm; gis-based model-building workflow with shared data structures","enable consistent, real-time data sharing between gis, hydrologic model components; shared-state integration via unified object-oriented database; shared","A→AB:0.06 (covered: hydrologic) | B→AB:0.12 (covered: gis, shared) | A∪B→AB:0.19 (covered: gis, hydrologic, shared) | uncovered_AB: between, consistent, database, enable, integration, object, oriented, real, sharing, state, time, unified, via",Mismatch,INTENDED,Purpose Compatibility,PatternAgnostic,Domain,LLMAssisted,True,Mismatch,,
11,Semantic Mismatch,Assumptions,Shared,Coverage threshold ≥ 0.50,"variably saturated subsurface flow solved via richards equation; overland, channel flow follow diffusive / kinematic wave approximations; snow, et, canopy processes are spatially aggregated per mesh element; watershed is represented via a triangular irregular network tin","dem-based watershed delineation is accurate; soil, land-cover maps represent spatial variability; tin mesh captures hydrologic connectivity","gis, hydrologic components can operate on a unified schema; internal database reflects spatial, hydrologic topology consistently; no file-based coupling required at runtime","A→AB:0.00 (covered: —) | B→AB:0.18 (covered: based, hydrologic, spatial) | A∪B→AB:0.18 (covered: based, hydrologic, spatial) | uncovered_AB: can, consistently, coupling, database, file, gis, internal, no, operate, reflects, required, runtime, topology, unified",Mismatch,INTENDED,Assumption Compatibility,PatternAgnostic,Domain,LLMAssisted,True,Mismatch,,
11,Conceptual Quality Gap,Links to Publications & Reports,Shared,Pattern-agnostic,"bhatt et al. 2008-2009 , pihm papers referenced in pihmgis integration paper","bhatt et al. 2008-2009 , referenced in the pihmgis shared data model paper",,Both provide metadata.,Match,INTENDED,Conceptual Quality Evidence,PatternAgnostic,Domain,LLMAssisted,True,Match,,
11,Conceptual Quality Gap,Authors’ Unique Identifier,Shared,Pattern-agnostic,,,,Neither provides metadata.,Missing,INTENDED,Conceptual Quality Evidence,PatternAgnostic,Domain,LLMAssisted,True,Gap,,
11,Conceptual Quality Gap,Conceptual Model Evaluation,Shared,Pattern-agnostic,validated through pihm standard test cases,"ensures consistency between gis layers, hydrologic model state variables",,Both provide metadata.,Match,INTENDED,Conceptual Quality Evidence,PatternAgnostic,Domain,LLMAssisted,True,Match,,
11,Conceptual Quality Gap,Calibration Tools/Data,Shared,Pattern-agnostic,"streamflow, soil moisture, groundwater levels","dem, soils, land-cover, hydrography layers",,Both provide metadata.,Match,INTENDED,Conceptual Quality Evidence,PatternAgnostic,Domain,LLMAssisted,True,Match,,
11,Conceptual Quality Gap,Validation Capabilities,Shared,Pattern-agnostic,"streamflow, water table depth, soil moisture","topological consistency, mesh quality checks",,Both provide metadata.,Match,INTENDED,Conceptual Quality Evidence,PatternAgnostic,Domain,LLMAssisted,True,Match,,
11,Conceptual Quality Gap,Sensitivity Analysis,Shared,Pattern-agnostic,"hydraulic conductivity, manning’s parameters, et parameters","mesh refinement, parameter perturbation",,Both provide metadata.,Match,INTENDED,Conceptual Quality Evidence,PatternAgnostic,Domain,LLMAssisted,True,Match,,
11,Conceptual Quality Gap,Uncertainty Analysis,Shared,Pattern-agnostic,scenario-based hydrologic forcing perturbations,gis input uncertainty propagation not explicitly handled,,Both provide metadata.,Match,INTENDED,Conceptual Quality Evidence,PatternAgnostic,Domain,LLMAssisted,True,Match,,
11,Data Schema Mismatch,A.output,Shared,A.output ↔ B.input (≥1),surface runoff; soil moisture; groundwater storage; stream discharge,dem; soils; land cover; hydrography; geospatial datasets consumed to produce pihm structures,,,Mismatch,INTENDED,Variable Semantic Compatibility,InformationLevel,Information,LLMAssisted,True,Mismatch,,
11,Data Schema Mismatch,B.output,Shared,B.output ↔ A.input (≥1),mesh connectivity; soil / landcover parameters; river network topology; forcing time series,precipitation; temperature; landcover-based et parameters; soil hydraulic parameters; channel geometry; mesh; parameters; forcing assembled by pihmgis,,mesh connectivity ↔ mesh (0.90); soil / landcover parameters ↔ parameters (0.90),Match,INTENDED,Variable Semantic Compatibility,InformationLevel,Information,LLMAssisted,True,Match,,
11,Data Schema Mismatch,(A or B).input vs AB.input,Shared,(A or B).input ↔ AB.input (similarity>0),A.in:precipitation; temperature; landcover-based et parameters; soil hydraulic parameters; channel geometry; mesh; parameters; forcing assembled by pihmgis | B.in:dem; soils; land cover; hydrography; geospatial datasets consumed to produce pihm structures,,(none),max=0.00 | missing: AB.input,Missing,INTENDED,Variable Semantic Compatibility,InformationLevel,Information,LLMAssisted,True,Gap,,
11,Data Schema Mismatch,(A or B).output vs AB.output,Shared,(A or B).output ↔ AB.output (similarity>0),A.out:surface runoff; soil moisture; groundwater storage; stream discharge | B.out:mesh connectivity; soil / landcover parameters; river network topology; forcing time series,,hydrologic states; gis-consistent spatial fields,max=0.00,Mismatch,INTENDED,Variable Semantic Compatibility,InformationLevel,Information,LLMAssisted,True,Mismatch,,
11,Temporal Resolution Mismatch,time_steps_temporal_resolution,Shared,Common exchanged variables align semantically (or a declared conversion bridges them),sub-hourly to hourly timesteps,n / a,sub-hourly to hourly,A<->B token-sim=0.00 (not aligned) and no resampling/conversion policy is declared.,Mismatch,INTENDED,Temporal Resolution Compatibility,InformationLevel,Information,Deterministic,True,Mismatch,Deterministic check: A<->B token-sim=0.00 (not aligned) and no resampling/conversion policy is declared.,Resample the exchanged variable to the temporal resolution required by the receiving model.
11,Temporal Coverage Mismatch,temporal_extent_coverage,Shared,Common exchanged variables align semantically (or a declared conversion bridges them),event to multi-year simulations,static preprocessing,event to multi-year hydrologic runs,A<->B token-sim=0.00 (not aligned) and no resampling/conversion policy is declared.,Mismatch,INTENDED,(auxiliary) Temporal Coverage Mismatch / temporal_extent_coverage,RuntimeLevel,Information,Deterministic,False,Mismatch,Deterministic check: A<->B token-sim=0.00 (not aligned) and no resampling/conversion policy is declared.,Introduce an explicit mediation/adaptation step to resolve this incompatibility before integration.
11,Spatial Resolution Mismatch,spatial_resolution,Shared,Common exchanged variables align semantically (or a declared conversion bridges them),unstructured triangular mesh,raster resolution → mesh resolution,tin mesh with shared gis backing,A<->B token-sim=0.20 (>0 means aligned),Match,INTENDED,Spatial Resolution Compatibility,InformationLevel,Information,Deterministic,True,Match,Deterministic check: A<->B token-sim=0.20 (>0 means aligned),No adaptation required.
11,Spatial Coverage Mismatch,spatial_extent_coverage,Shared,Common exchanged variables align semantically (or a declared conversion bridges them),watershed / basin domain defined by dem,watershed defined by dem,watershed domain defined by dem,A<->B token-sim=0.60 (>0 means aligned),Match,INTENDED,(auxiliary) Spatial Coverage Mismatch / spatial_extent_coverage,RuntimeLevel,Information,Deterministic,False,Match,Deterministic check: A<->B token-sim=0.60 (>0 means aligned),No adaptation required.
11,Dimensionality Mismatch,dimensionality,Shared,Common exchanged variables align semantically (or a declared conversion bridges them),3d subsurface + 2d surface + 1d channel network,2d spatial gis layers,3d hydrologic + 2d gis layers shared schema,A<->B token-sim=0.11 (>0 means aligned),Match,INTENDED,Dimensionality Compatibility,InformationLevel,Information,Deterministic,True,Match,Deterministic check: A<->B token-sim=0.11 (>0 means aligned),No adaptation required.
11,Unit Mismatch,B.output(mesh connectivity) -> A.input(mesh),Shared,Both sides must declare a unit for the exchanged variable,various,,,Unit not declared on one or both sides.,Missing,INTENDED,Unit Compatibility,InformationLevel,Information,Deterministic,True,Gap,Deterministic check: Unit not declared on one or both sides.,Provide the missing metadata field(s) for both models before this constraint can be assessed.
11,Unit Mismatch,B.output(soil / landcover parameters) -> A.input(parameters),Shared,Both sides must declare a unit for the exchanged variable,,,,Unit not declared on one or both sides.,Missing,INTENDED,Unit Compatibility,InformationLevel,Information,Deterministic,True,Gap,Deterministic check: Unit not declared on one or both sides.,Provide the missing metadata field(s) for both models before this constraint can be assessed.
11,Communication Mechanism Mismatch,communication_mechanism,Shared,Pattern-graded requirement,,,,Both sides must declare mechanism.,Missing,INTENDED,Interface Compatibility,RuntimeLevel,Computational,LLMAssisted,True,Gap,,
11,Error Handling Mismatch,error_handling,Shared,Pattern-graded requirement,"timestep control, mass-balance checks, solver convergence verification","topology checks, layer alignment tests, projection validation",,Shared requires A and B to define error handling.,Match,INTENDED,Error-Handling Compatibility,RuntimeLevel,Computational,LLMAssisted,True,Match,,
11,Execution Instruction Gap,execution_instructions,Shared,Require both sides,"run using pihm executables with mesh, parameter files",run through gui or command-line to produce pihm-ready inputs,,Both A and B must provide.,Match,INTENDED,Execution Environment Compatibility,RuntimeLevel,Technology,LLMAssisted,True,Match,,
11,Parallel Execution Incompatibility,parallel_execution,Shared,Pattern-graded requirement,false,false,false,Shared requires both A and B to declare this.,Match,INTENDED,Execution Constraint Compatibility,RuntimeLevel,Engineering,LLMAssisted,True,Match,,
11,Execution Constraint Mismatch,execution_constraints,Shared,Pattern-graded requirement,,,,Shared requires both A and B to declare this.,Missing,INTENDED,Execution Ordering Compatibility,RuntimeLevel,Engineering,Deterministic,True,Gap,Deterministic check: Shared requires both A and B to declare this.,Provide the missing metadata field(s) for both models before this constraint can be assessed.
11,Acknowledgment Protocol Mismatch,acknowledgment_protocols,Shared,Pattern-graded requirement,,,,Shared requires both A and B to declare this.,Missing,INTENDED,Synchronization Compatibility,RuntimeLevel,Engineering,LLMAssisted,True,Gap,,
11,Latency Expectation Mismatch,latency_expectations,Shared,Pattern-graded requirement,,,,Shared requires both A and B to declare this.,Missing,INTENDED,Latency Compatibility,RuntimeLevel,Engineering,LLMAssisted,True,Gap,,
11,Data Synchronization,data_synchronization,Shared,Pattern-graded requirement,,,,Shared requires A and B to declare synchronization.,Missing,INTENDED,Synchronization Compatibility,RuntimeLevel,Engineering,LLMAssisted,True,Gap,,
11,Programming Language Incompatibility,programming_language,Shared,Pattern-graded similarity/equality,c; c-family,c++; native_c_cpp_fortran_family,c; c++; native_c_cpp_fortran_family,A↔B token-sim=0.00 (> 0.25),Mismatch,INTENDED,Execution Environment Compatibility,RuntimeLevel,Technology,LLMAssisted,True,Mismatch,,
11,Source Code Availability Gap,availability_of_source_code (A),Shared,Presence required,,,,A provides metadata,Missing,INTENDED,(auxiliary) Source Code Availability Gap / availability_of_source_code (A),RuntimeLevel,Technology,Deterministic,False,Gap,Deterministic check: A provides metadata,Provide the missing metadata field(s) for both models before this constraint can be assessed.
11,Source Code Availability Gap,availability_of_source_code (B),Shared,Presence required,,,,B provides metadata,Missing,INTENDED,(auxiliary) Source Code Availability Gap / availability_of_source_code (B),RuntimeLevel,Technology,Deterministic,False,Gap,Deterministic check: B provides metadata,Provide the missing metadata field(s) for both models before this constraint can be assessed.
11,Implementation Verification Gap,implementation_verification (A),Shared,Presence required,"cross-checked with pihm standard examples; hydrograph, water balance checks",,,A provides metadata,Match,INTENDED,(auxiliary) Implementation Verification Gap / implementation_verification (A),RuntimeLevel,Technology,Deterministic,False,Match,Deterministic check: A provides metadata,No adaptation required.
11,Implementation Verification Gap,implementation_verification (B),Shared,Presence required,"internal mesh, topology integrity checks; mesh-gis consistency checks",,,B provides metadata,Match,INTENDED,(auxiliary) Implementation Verification Gap / implementation_verification (B),RuntimeLevel,Technology,Deterministic,False,Match,Deterministic check: B provides metadata,No adaptation required.
11,Software Environment Mismatch,software_specification_and_requirements,Shared,Pattern-graded similarity/equality,netcdf4_family; c_abi,gdal_family; sqlite; xml_family,,A↔B token-sim=0.17 (> 0.25),Mismatch,INTENDED,Execution Environment Compatibility,RuntimeLevel,Technology,LLMAssisted,True,Mismatch,,
11,Hardware Resource Mismatch,hardware_specification_and_requirements,Shared,Pattern-graded similarity/equality,workstation,workstation,workstation,A↔B token-sim=1.00 (> 0.25),Match,INTENDED,Execution Environment Compatibility,RuntimeLevel,Technology,LLMAssisted,True,Match,,
11,Distribution Version Mismatch,distribution_version,Shared,Pattern-graded similarity/equality,pihm version used in pihmgis paper,as implemented in the object-oriented shared data model,shared-data-model pihm-pihmgis framework,A↔B token-sim=0.00 (> 0.25),Mismatch,INTENDED,Execution Environment Compatibility,RuntimeLevel,Technology,LLMAssisted,True,Mismatch,,
11,File Format Mismatch,file_formats,Shared,Presence required,,,,Neither provides metadata.,Missing,INTENDED,Data Format Compatibility,InformationLevel,Information,Deterministic,True,Gap,Deterministic check: Neither provides metadata.,Provide the missing metadata field(s) for both models before this constraint can be assessed.
11,License Incompatibility,license,Shared,Pattern-graded requirement,research / academic per pihm community,research / academic,,A↔B token-sim=0.40 (> 0.25),Match,INTENDED,License Compatibility,RuntimeLevel,Technology,LLMAssisted,True,Match,,
11,Landing Page Gap,landing_page (A),Shared,Presence required,,,,A provides landing page,Missing,INTENDED,(auxiliary) Landing Page Gap / landing_page (A),RuntimeLevel,Technology,Deterministic,False,Gap,Deterministic check: A provides landing page,Provide the missing metadata field(s) for both models before this constraint can be assessed.
11,Landing Page Gap,landing_page (B),Shared,Presence required,,,,B provides landing page,Missing,INTENDED,(auxiliary) Landing Page Gap / landing_page (B),RuntimeLevel,Technology,Deterministic,False,Gap,Deterministic check: B provides landing page,Provide the missing metadata field(s) for both models before this constraint can be assessed.
11,Operating Environment Mismatch,operating_system,Shared,Declared operating systems must overlap,,,,Operating system not declared on one or both sides.,Missing,INTENDED,Operating Environment Compatibility,RuntimeLevel,Technology,Deterministic,True,Gap,Deterministic check: Operating system not declared on one or both sides.,Provide the missing metadata field(s) for both models before this constraint can be assessed.
11,Semantic Mismatch,Title,Shared,Coverage threshold ≥ 0.50,penn state integrated hydrologic model pihm,"pihmgis, gis-based hydrologic model builder",integrated pihm-pihmgis system via shared data model,"A→AB:0.33 (covered: integrated, pihm) | B→AB:0.17 (covered: pihmgis) | A∪B→AB:0.50 (covered: integrated, pihm, pihmgis) | uncovered_AB: shared, system, via",Match,INTEGRATED,(auxiliary) Semantic Mismatch / Title,PatternAgnostic,Domain,Deterministic,False,Match,"Deterministic check: A→AB:0.33 (covered: integrated, pihm) | B→AB:0.17 (covered: pihmgis) | A∪B→AB:0.50 (covered: integrated, pihm, pihmgis) | uncovered_AB: shared, system, via",No adaptation required.
11,Semantic Mismatch,Model Version,Shared,A or B must equal AB exactly,as described in pihmgis integration paper,as described in object-oriented shared data model paper,as implemented in shared data model framework,A==AB:×; B==AB:×,Mismatch,INTEGRATED,(auxiliary) Semantic Mismatch / Model Version,PatternAgnostic,Domain,Deterministic,False,Mismatch,Deterministic check: A==AB:×; B==AB:×,Introduce an explicit mediation/adaptation step to resolve this incompatibility before integration.
11,Semantic Mismatch,Description,Shared,Coverage threshold ≥ 0.50,"a fully coupled, multi-process hydrologic model solving surface-subsurface flow, channel routing, interception, snow, evapotranspiration, groundwater dynamics using a semi-discrete finite-volume formulation on an unstructured mesh. used as the core hydrologic engine integrated via a shared data model in pihmgis.; mesh, parameters, forcing assembled by pihmgis","a gis-based model building, parameterization system that constructs the unstructured mesh, river network, soil / land-cover parameters, forcing inputs for pihm. uses an object-oriented shared data model that allows gis, the hydrologic model to operate on consistent shared data structures.; geospatial datasets consumed to produce pihm structures","a shared-data-model-based hydrologic modeling system where the pihm hydrologic engine, pihmgis gis builder operate on a unified object-oriented database. gis layers, model parameters, mesh elements, hydrologic states share the same data structures, enabling consistent, non-file-based, synchronous updates between gis, hydrologic modeling components.","A→AB:0.19 (covered: engine, hydrologic, mesh, parameters, pihmgis, shared) | B→AB:0.42 (covered: based, consistent, gis, hydrologic, mesh, object, operate, oriented, parameters, pihm, shared, structures, system) | A∪B→AB:0.48 (covered: based, consistent, engine, gis, hydrologic, mesh, object, operate, oriented, parameters, pihm, pihmgis, shared, structures, system) | uncovered_AB: between, builder, database, elements, enabling, file, layers, modeling, non, same, share, states, synchronous, unified, updates, where",Mismatch,INTEGRATED,(auxiliary) Semantic Mismatch / Description,PatternAgnostic,Domain,Deterministic,False,Mismatch,"Deterministic check: A→AB:0.19 (covered: engine, hydrologic, mesh, parameters, pihmgis, shared) | B→AB:0.42 (covered: based, consistent, gis, hydrologic, mesh, object, operate, oriented, parameters, pihm, shared, structures, system) | A∪B→AB:0.48 (covered: based, consistent, engine, gis, hydrologic, mesh, object, operate, oriented, parameters, pihm, pihmgis, shared, structures, system) | uncovered_AB: between, builder, database, elements, enabling, file, layers, modeling, non, same, share, states, synchronous, unified, updates, where",Introduce an explicit mediation/adaptation step to resolve this incompatibility before integration.
11,Semantic Mismatch,Keywords,Shared,Coverage threshold ≥ 0.50,hydrologic model; surface-subsurface coupling; finite-volume; watershed modeling; unstructured mesh,gis model builder; shared data model; mesh generation; parameterization; watershed delineation,shared data model; gis-hydrology coupling; object-oriented integration; pihm; pihmgis,"A→AB:0.11 (covered: coupling) | B→AB:0.22 (covered: gis, shared) | A∪B→AB:0.33 (covered: coupling, gis, shared) | uncovered_AB: hydrology, integration, object, oriented, pihm, pihmgis",Mismatch,INTEGRATED,(auxiliary) Semantic Mismatch / Keywords,PatternAgnostic,Domain,Deterministic,False,Mismatch,"Deterministic check: A→AB:0.11 (covered: coupling) | B→AB:0.22 (covered: gis, shared) | A∪B→AB:0.33 (covered: coupling, gis, shared) | uncovered_AB: hydrology, integration, object, oriented, pihm, pihmgis",Introduce an explicit mediation/adaptation step to resolve this incompatibility before integration.
11,Semantic Mismatch,Model Type,Shared,Coverage threshold ≥ 0.50,mechanistic,mechanistic preprocessing / gis-builder,mechanistic + integrated gis-model system,"A→AB:0.25 (covered: mechanistic) | B→AB:0.50 (covered: gis, mechanistic) | A∪B→AB:0.50 (covered: gis, mechanistic) | uncovered_AB: integrated, system",Match,INTEGRATED,(auxiliary) Semantic Mismatch / Model Type,PatternAgnostic,Domain,Deterministic,False,Match,"Deterministic check: A→AB:0.25 (covered: mechanistic) | B→AB:0.50 (covered: gis, mechanistic) | A∪B→AB:0.50 (covered: gis, mechanistic) | uncovered_AB: integrated, system",No adaptation required.
11,Semantic Mismatch,Scope,Shared,Coverage threshold ≥ 0.50,watershed to basin-scale hydrologic simulation,"watershed terrain, parameter processing",unified gis-hydrologic modeling environment,"A→AB:0.20 (covered: hydrologic) | B→AB:0.00 (covered: —) | A∪B→AB:0.20 (covered: hydrologic) | uncovered_AB: environment, gis, modeling, unified",Mismatch,INTEGRATED,Scope Compatibility,PatternAgnostic,Domain,LLMAssisted,True,Mismatch,,
11,Semantic Mismatch,Purpose & Pattern,Shared,Coverage threshold ≥ 0.50,"simulate the coupled surface, subsurface, channel hydrology of a watershed; multi-process hydrologic core running on an unstructured mesh","prepare meshes, parameters, forcing inputs for pihm; gis-based model-building workflow with shared data structures","enable consistent, real-time data sharing between gis, hydrologic model components; shared-state integration via unified object-oriented database; shared","A→AB:0.06 (covered: hydrologic) | B→AB:0.12 (covered: gis, shared) | A∪B→AB:0.19 (covered: gis, hydrologic, shared) | uncovered_AB: between, consistent, database, enable, integration, object, oriented, real, sharing, state, time, unified, via",Mismatch,INTEGRATED,Purpose Compatibility,PatternAgnostic,Domain,LLMAssisted,True,Mismatch,,
11,Semantic Mismatch,Assumptions,Shared,Coverage threshold ≥ 0.50,"variably saturated subsurface flow solved via richards equation; overland, channel flow follow diffusive / kinematic wave approximations; snow, et, canopy processes are spatially aggregated per mesh element; watershed is represented via a triangular irregular network tin","dem-based watershed delineation is accurate; soil, land-cover maps represent spatial variability; tin mesh captures hydrologic connectivity","gis, hydrologic components can operate on a unified schema; internal database reflects spatial, hydrologic topology consistently; no file-based coupling required at runtime","A→AB:0.00 (covered: —) | B→AB:0.18 (covered: based, hydrologic, spatial) | A∪B→AB:0.18 (covered: based, hydrologic, spatial) | uncovered_AB: can, consistently, coupling, database, file, gis, internal, no, operate, reflects, required, runtime, topology, unified",Mismatch,INTEGRATED,Assumption Compatibility,PatternAgnostic,Domain,LLMAssisted,True,Mismatch,,
11,Conceptual Quality Gap,Links to Publications & Reports,Shared,Pattern-agnostic,"bhatt et al. 2008-2009 , pihm papers referenced in pihmgis integration paper","bhatt et al. 2008-2009 , referenced in the pihmgis shared data model paper",,Both provide metadata.,Match,INTEGRATED,Conceptual Quality Evidence,PatternAgnostic,Domain,LLMAssisted,True,Match,,
11,Conceptual Quality Gap,Authors’ Unique Identifier,Shared,Pattern-agnostic,,,,Neither provides metadata.,Missing,INTEGRATED,Conceptual Quality Evidence,PatternAgnostic,Domain,LLMAssisted,True,Gap,,
11,Conceptual Quality Gap,Conceptual Model Evaluation,Shared,Pattern-agnostic,validated through pihm standard test cases,"ensures consistency between gis layers, hydrologic model state variables",,Both provide metadata.,Match,INTEGRATED,Conceptual Quality Evidence,PatternAgnostic,Domain,LLMAssisted,True,Match,,
11,Conceptual Quality Gap,Calibration Tools/Data,Shared,Pattern-agnostic,"streamflow, soil moisture, groundwater levels","dem, soils, land-cover, hydrography layers",,Both provide metadata.,Match,INTEGRATED,Conceptual Quality Evidence,PatternAgnostic,Domain,LLMAssisted,True,Match,,
11,Conceptual Quality Gap,Validation Capabilities,Shared,Pattern-agnostic,"streamflow, water table depth, soil moisture","topological consistency, mesh quality checks",,Both provide metadata.,Match,INTEGRATED,Conceptual Quality Evidence,PatternAgnostic,Domain,LLMAssisted,True,Match,,
11,Conceptual Quality Gap,Sensitivity Analysis,Shared,Pattern-agnostic,"hydraulic conductivity, manning’s parameters, et parameters","mesh refinement, parameter perturbation",,Both provide metadata.,Match,INTEGRATED,Conceptual Quality Evidence,PatternAgnostic,Domain,LLMAssisted,True,Match,,
11,Conceptual Quality Gap,Uncertainty Analysis,Shared,Pattern-agnostic,scenario-based hydrologic forcing perturbations,gis input uncertainty propagation not explicitly handled,,Both provide metadata.,Match,INTEGRATED,Conceptual Quality Evidence,PatternAgnostic,Domain,LLMAssisted,True,Match,,
11,Data Schema Mismatch,A.output,Shared,A.output ↔ B.input (≥1),surface runoff; soil moisture; groundwater storage; stream discharge,dem; soils; land cover; hydrography; geospatial datasets consumed to produce pihm structures,,,Mismatch,INTEGRATED,Variable Semantic Compatibility,InformationLevel,Information,LLMAssisted,True,Mismatch,,
11,Data Schema Mismatch,B.output,Shared,B.output ↔ A.input (≥1),mesh connectivity; soil / landcover parameters; river network topology; forcing time series,precipitation; temperature; landcover-based et parameters; soil hydraulic parameters; channel geometry; mesh; parameters; forcing assembled by pihmgis,,mesh connectivity ↔ mesh (0.90); soil / landcover parameters ↔ parameters (0.90),Match,INTEGRATED,Variable Semantic Compatibility,InformationLevel,Information,LLMAssisted,True,Match,,
11,Data Schema Mismatch,(A or B).input vs AB.input,Shared,(A or B).input ↔ AB.input (similarity>0),A.in:precipitation; temperature; landcover-based et parameters; soil hydraulic parameters; channel geometry; mesh; parameters; forcing assembled by pihmgis | B.in:dem; soils; land cover; hydrography; geospatial datasets consumed to produce pihm structures,,(none),max=0.00 | missing: AB.input,Missing,INTEGRATED,Variable Semantic Compatibility,InformationLevel,Information,LLMAssisted,True,Gap,,
11,Data Schema Mismatch,(A or B).output vs AB.output,Shared,(A or B).output ↔ AB.output (similarity>0),A.out:surface runoff; soil moisture; groundwater storage; stream discharge | B.out:mesh connectivity; soil / landcover parameters; river network topology; forcing time series,,hydrologic states; gis-consistent spatial fields,max=0.00,Mismatch,INTEGRATED,Variable Semantic Compatibility,InformationLevel,Information,LLMAssisted,True,Mismatch,,
11,Temporal Resolution Mismatch,time_steps_temporal_resolution,Shared,Common exchanged variables align semantically (or a declared conversion bridges them),sub-hourly to hourly timesteps,n / a,sub-hourly to hourly,A<->B token-sim=0.00 (not aligned) and no resampling/conversion policy is declared.,Mismatch,INTEGRATED,Temporal Resolution Compatibility,InformationLevel,Information,Deterministic,True,Mismatch,Deterministic check: A<->B token-sim=0.00 (not aligned) and no resampling/conversion policy is declared.,Resample the exchanged variable to the temporal resolution required by the receiving model.
11,Temporal Coverage Mismatch,temporal_extent_coverage,Shared,Common exchanged variables align semantically (or a declared conversion bridges them),event to multi-year simulations,static preprocessing,event to multi-year hydrologic runs,A<->B token-sim=0.00 (not aligned) and no resampling/conversion policy is declared.,Mismatch,INTEGRATED,(auxiliary) Temporal Coverage Mismatch / temporal_extent_coverage,RuntimeLevel,Information,Deterministic,False,Mismatch,Deterministic check: A<->B token-sim=0.00 (not aligned) and no resampling/conversion policy is declared.,Introduce an explicit mediation/adaptation step to resolve this incompatibility before integration.
11,Spatial Resolution Mismatch,spatial_resolution,Shared,Common exchanged variables align semantically (or a declared conversion bridges them),unstructured triangular mesh,raster resolution → mesh resolution,tin mesh with shared gis backing,A<->B token-sim=0.20 (>0 means aligned),Match,INTEGRATED,Spatial Resolution Compatibility,InformationLevel,Information,Deterministic,True,Match,Deterministic check: A<->B token-sim=0.20 (>0 means aligned),No adaptation required.
11,Spatial Coverage Mismatch,spatial_extent_coverage,Shared,Common exchanged variables align semantically (or a declared conversion bridges them),watershed / basin domain defined by dem,watershed defined by dem,watershed domain defined by dem,A<->B token-sim=0.60 (>0 means aligned),Match,INTEGRATED,(auxiliary) Spatial Coverage Mismatch / spatial_extent_coverage,RuntimeLevel,Information,Deterministic,False,Match,Deterministic check: A<->B token-sim=0.60 (>0 means aligned),No adaptation required.
11,Dimensionality Mismatch,dimensionality,Shared,Common exchanged variables align semantically (or a declared conversion bridges them),3d subsurface + 2d surface + 1d channel network,2d spatial gis layers,3d hydrologic + 2d gis layers shared schema,A<->B token-sim=0.11 (>0 means aligned),Match,INTEGRATED,Dimensionality Compatibility,InformationLevel,Information,Deterministic,True,Match,Deterministic check: A<->B token-sim=0.11 (>0 means aligned),No adaptation required.
11,Unit Mismatch,B.output(mesh connectivity) -> A.input(mesh),Shared,Both sides must declare a unit for the exchanged variable,various,,,Unit not declared on one or both sides.,Missing,INTEGRATED,Unit Compatibility,InformationLevel,Information,Deterministic,True,Gap,Deterministic check: Unit not declared on one or both sides.,Provide the missing metadata field(s) for both models before this constraint can be assessed.
11,Unit Mismatch,B.output(soil / landcover parameters) -> A.input(parameters),Shared,Both sides must declare a unit for the exchanged variable,,,,Unit not declared on one or both sides.,Missing,INTEGRATED,Unit Compatibility,InformationLevel,Information,Deterministic,True,Gap,Deterministic check: Unit not declared on one or both sides.,Provide the missing metadata field(s) for both models before this constraint can be assessed.
11,Communication Mechanism Mismatch,communication_mechanism,Shared,Pattern-graded requirement,,,,Both sides must declare mechanism.,Missing,INTEGRATED,Interface Compatibility,RuntimeLevel,Computational,LLMAssisted,True,Gap,,
11,Error Handling Mismatch,error_handling,Shared,Pattern-graded requirement,"timestep control, mass-balance checks, solver convergence verification","topology checks, layer alignment tests, projection validation",,Shared requires A and B to define error handling.,Match,INTEGRATED,Error-Handling Compatibility,RuntimeLevel,Computational,LLMAssisted,True,Match,,
11,Execution Instruction Gap,execution_instructions,Shared,Require both sides,"run using pihm executables with mesh, parameter files",run through gui or command-line to produce pihm-ready inputs,,Both A and B must provide.,Match,INTEGRATED,Execution Environment Compatibility,RuntimeLevel,Technology,LLMAssisted,True,Match,,
11,Parallel Execution Incompatibility,parallel_execution,Shared,Pattern-graded requirement,false,false,false,Shared requires both A and B to declare this.,Match,INTEGRATED,Execution Constraint Compatibility,RuntimeLevel,Engineering,LLMAssisted,True,Match,,
11,Execution Constraint Mismatch,execution_constraints,Shared,Pattern-graded requirement,,,"schema consistency, synchronized shared-structure updates",Shared requires both A and B to declare this.,Missing,INTEGRATED,Execution Ordering Compatibility,RuntimeLevel,Engineering,Deterministic,True,Gap,Deterministic check: Shared requires both A and B to declare this.,Provide the missing metadata field(s) for both models before this constraint can be assessed.
11,Acknowledgment Protocol Mismatch,acknowledgment_protocols,Shared,Pattern-graded requirement,,,shared-object commit mechanism,Shared requires both A and B to declare this.,Missing,INTEGRATED,Synchronization Compatibility,RuntimeLevel,Engineering,LLMAssisted,True,Gap,,
11,Latency Expectation Mismatch,latency_expectations,Shared,Pattern-graded requirement,,,low latency in-memory access,Shared requires both A and B to declare this.,Missing,INTEGRATED,Latency Compatibility,RuntimeLevel,Engineering,LLMAssisted,True,Gap,,
11,Data Synchronization,data_synchronization,Shared,Pattern-graded requirement,,,real-time two-way shared-state synchronization,Shared requires A and B to declare synchronization.,Missing,INTEGRATED,Synchronization Compatibility,RuntimeLevel,Engineering,LLMAssisted,True,Gap,,
11,Programming Language Incompatibility,programming_language,Shared,Pattern-graded similarity/equality,c; c-family,c++; native_c_cpp_fortran_family,c; c++; native_c_cpp_fortran_family,A↔B token-sim=0.00 (> 0.25),Mismatch,INTEGRATED,Execution Environment Compatibility,RuntimeLevel,Technology,LLMAssisted,True,Mismatch,,
11,Source Code Availability Gap,availability_of_source_code (A),Shared,Presence required,,,,A provides metadata,Missing,INTEGRATED,(auxiliary) Source Code Availability Gap / availability_of_source_code (A),RuntimeLevel,Technology,Deterministic,False,Gap,Deterministic check: A provides metadata,Provide the missing metadata field(s) for both models before this constraint can be assessed.
11,Source Code Availability Gap,availability_of_source_code (B),Shared,Presence required,,,,B provides metadata,Missing,INTEGRATED,(auxiliary) Source Code Availability Gap / availability_of_source_code (B),RuntimeLevel,Technology,Deterministic,False,Gap,Deterministic check: B provides metadata,Provide the missing metadata field(s) for both models before this constraint can be assessed.
11,Implementation Verification Gap,implementation_verification (A),Shared,Presence required,"cross-checked with pihm standard examples; hydrograph, water balance checks",,,A provides metadata,Match,INTEGRATED,(auxiliary) Implementation Verification Gap / implementation_verification (A),RuntimeLevel,Technology,Deterministic,False,Match,Deterministic check: A provides metadata,No adaptation required.
11,Implementation Verification Gap,implementation_verification (B),Shared,Presence required,"internal mesh, topology integrity checks; mesh-gis consistency checks",,,B provides metadata,Match,INTEGRATED,(auxiliary) Implementation Verification Gap / implementation_verification (B),RuntimeLevel,Technology,Deterministic,False,Match,Deterministic check: B provides metadata,No adaptation required.
11,Software Environment Mismatch,software_specification_and_requirements,Shared,Pattern-graded similarity/equality,netcdf4_family; c_abi,gdal_family; sqlite; xml_family,gdal_family; sqlite; xml_family; netcdf4_family; c_abi,A↔B token-sim=0.17 (> 0.25),Mismatch,INTEGRATED,Execution Environment Compatibility,RuntimeLevel,Technology,LLMAssisted,True,Mismatch,,
11,Hardware Resource Mismatch,hardware_specification_and_requirements,Shared,Pattern-graded similarity/equality,workstation,workstation,workstation,A↔B token-sim=1.00 (> 0.25),Match,INTEGRATED,Execution Environment Compatibility,RuntimeLevel,Technology,LLMAssisted,True,Match,,
11,Distribution Version Mismatch,distribution_version,Shared,Pattern-graded similarity/equality,pihm version used in pihmgis paper,as implemented in the object-oriented shared data model,shared-data-model pihm-pihmgis framework,A↔B token-sim=0.00 (> 0.25),Mismatch,INTEGRATED,Execution Environment Compatibility,RuntimeLevel,Technology,LLMAssisted,True,Mismatch,,
11,File Format Mismatch,file_formats,Shared,Presence required,,,,Neither provides metadata.,Missing,INTEGRATED,Data Format Compatibility,InformationLevel,Information,Deterministic,True,Gap,Deterministic check: Neither provides metadata.,Provide the missing metadata field(s) for both models before this constraint can be assessed.
11,License Incompatibility,license,Shared,Pattern-graded requirement,research / academic per pihm community,research / academic,,A↔B token-sim=0.40 (> 0.25),Match,INTEGRATED,License Compatibility,RuntimeLevel,Technology,LLMAssisted,True,Match,,
11,Landing Page Gap,landing_page (A),Shared,Presence required,,,,A provides landing page,Missing,INTEGRATED,(auxiliary) Landing Page Gap / landing_page (A),RuntimeLevel,Technology,Deterministic,False,Gap,Deterministic check: A provides landing page,Provide the missing metadata field(s) for both models before this constraint can be assessed.
11,Landing Page Gap,landing_page (B),Shared,Presence required,,,,B provides landing page,Missing,INTEGRATED,(auxiliary) Landing Page Gap / landing_page (B),RuntimeLevel,Technology,Deterministic,False,Gap,Deterministic check: B provides landing page,Provide the missing metadata field(s) for both models before this constraint can be assessed.
11,Operating Environment Mismatch,operating_system,Shared,Declared operating systems must overlap,,,,Operating system not declared on one or both sides.,Missing,INTEGRATED,Operating Environment Compatibility,RuntimeLevel,Technology,Deterministic,True,Gap,Deterministic check: Operating system not declared on one or both sides.,Provide the missing metadata field(s) for both models before this constraint can be assessed.
2,Semantic Mismatch,Title,Loose,Coverage threshold ≥ 0.50,"mismip+, marine ice sheet model intercomparison project, phase 3; mismipplus_parameters; stephen l. cornford; xylar s. asay-davis","isomip+, ice shelf-ocean model intercomparison project, phase 2; isomipplus_parameters; paul r. holland; xylar s. asay-davis",coupled nemo-ecwam ocean-wave modeling system; coupling_params; øyvind breivik; jean-marc molines,"A→AB:0.00 (covered: —) | B→AB:0.00 (covered: —) | A∪B→AB:0.00 (covered: —) | uncovered_AB: breivik, coupling, ecwam, jean, marc, modeling, molines, nemo, params, system, wave, yvind",Mismatch,INTENDED,(auxiliary) Semantic Mismatch / Title,PatternAgnostic,Domain,Deterministic,False,Mismatch,"Deterministic check: A→AB:0.00 (covered: —) | B→AB:0.00 (covered: —) | A∪B→AB:0.00 (covered: —) | uncovered_AB: breivik, coupling, ecwam, jean, marc, modeling, molines, nemo, params, system, wave, yvind",Introduce an explicit mediation/adaptation step to resolve this incompatibility before integration.
2,Semantic Mismatch,Model Version,Loose,A or B must equal AB exactly,2016.1,2016.1,nemo v3.4 + ecwam cy38r1; 2015; cy38r1; v3.4,A==AB:×; B==AB:×,Mismatch,INTENDED,(auxiliary) Semantic Mismatch / Model Version,PatternAgnostic,Domain,Deterministic,False,Mismatch,Deterministic check: A==AB:×; B==AB:×,Introduce an explicit mediation/adaptation step to resolve this incompatibility before integration.
2,Semantic Mismatch,Description,Loose,Coverage threshold ≥ 0.50,"idealized benchmark experiments to evaluate grounding-line migration, buttressing, ice-shelf response under perturbed sub-shelf melt rates. mismip+ defines a standard idealized domain, bedrock geometry, friction laws, melt-rate forcing designed to isolate grounding-line physics, compare performance across ice-sheet models. used as the ice component receiving ocean-driven melt from isomip+, producing updated ice geometry for coupled misomip experiments.; weertman-type power-law sliding; sub-shelf melt-rate fields from isomip+; topography, ice rheology, sliding laws, bed parameters; sub-shelf melt rates used as forcing","ocean-only benchmark experiments simulating sub-shelf ocean circulation, thermodynamics, melt beneath idealized ice shelves. isomip+ provides sub-shelf melt-rate fields that drive mismip+ ice-sheet models, are used as the ocean component of coupled misomip configurations.; ice geometry from mismip+ runs; thermodynamics, drag, eos coefficients, restoring fields; ice geometry for ocean cavity model","a coupled wave-ocean modeling system integrating nemo ocean general circulation model , ecwam spectral wave model to account for surface wave effects in ocean dynamics. in the breivik et al. 2015 configuration, ecwam provides sea-state dependent surface stress, stokes drift, turbulent kinetic energy tke flux from breaking waves to nemo, which in turn updates upper-ocean temperature, currents, mixed layer depth. the system can be run in ocean-only forced mode nemo forced by ecwam fields derived from era-interim or as part of a fully coupled ifs-ecwam-nemo configuration.","A→AB:0.00 (covered: —) | B→AB:0.06 (covered: circulation, only, provides) | A∪B→AB:0.06 (covered: circulation, only, provides) | uncovered_AB: 2015, account, al, be, breaking, breivik, can, configuration, currents, dependent, depth, derived, drift, dynamics, ecwam, effects, energy, era, et, forced, fully, general, ifs, integrating, interim, kinetic, layer, mixed, mode, modeling, nemo, part, run, spectral, state, stokes, stress, system, temperature, tke, turbulent, turn, updates, upper, wave, waves, which",Mismatch,INTENDED,(auxiliary) Semantic Mismatch / Description,PatternAgnostic,Domain,Deterministic,False,Mismatch,"Deterministic check: A→AB:0.00 (covered: —) | B→AB:0.06 (covered: circulation, only, provides) | A∪B→AB:0.06 (covered: circulation, only, provides) | uncovered_AB: 2015, account, al, be, breaking, breivik, can, configuration, currents, dependent, depth, derived, drift, dynamics, ecwam, effects, energy, era, et, forced, fully, general, ifs, integrating, interim, kinetic, layer, mixed, mode, modeling, nemo, part, run, spectral, state, stokes, stress, system, temperature, tke, turbulent, turn, updates, upper, wave, waves, which",Introduce an explicit mediation/adaptation step to resolve this incompatibility before integration.
2,Semantic Mismatch,Keywords,Loose,Coverage threshold ≥ 0.50,marine ice sheets; grounding line; ice shelves; ice dynamics; sea-level rise; intercomparison; grounding-line numerics,ice shelf; sub-shelf melt; ocean circulation; benchmarking; ocean cavity; marine ice sheet interaction,wave-ocean interaction; stokes drift; ocean mixing; coupled modeling; surface stress; tke injection; stokes-coriolis force,"A→AB:0.00 (covered: —) | B→AB:0.09 (covered: interaction) | A∪B→AB:0.09 (covered: interaction) | uncovered_AB: coriolis, drift, force, injection, mixing, modeling, stokes, stress, tke, wave",Mismatch,INTENDED,(auxiliary) Semantic Mismatch / Keywords,PatternAgnostic,Domain,Deterministic,False,Mismatch,"Deterministic check: A→AB:0.00 (covered: —) | B→AB:0.09 (covered: interaction) | A∪B→AB:0.09 (covered: interaction) | uncovered_AB: coriolis, drift, force, injection, mixing, modeling, stokes, stress, tke, wave",Introduce an explicit mediation/adaptation step to resolve this incompatibility before integration.
2,Semantic Mismatch,Model Type,Loose,Coverage threshold ≥ 0.50,mechanistic,mechanistic,mechanistic,A→AB:1.00 (covered: mechanistic) | B→AB:1.00 (covered: mechanistic) | A∪B→AB:1.00 (covered: mechanistic) | uncovered_AB: —,Match,INTENDED,(auxiliary) Semantic Mismatch / Model Type,PatternAgnostic,Domain,Deterministic,False,Match,Deterministic check: A→AB:1.00 (covered: mechanistic) | B→AB:1.00 (covered: mechanistic) | A∪B→AB:1.00 (covered: mechanistic) | uncovered_AB: —,No adaptation required.
2,Semantic Mismatch,Scope,Loose,Coverage threshold ≥ 0.50,idealized marine ice sheet experiments at decadal to millennial scales,idealized 3d ocean cavity experiments multi-decadal,"global, regional oceans with wave-affected surface layer dynamics","A→AB:0.00 (covered: —) | B→AB:0.00 (covered: —) | A∪B→AB:0.00 (covered: —) | uncovered_AB: affected, dynamics, global, layer, oceans, regional, wave",Mismatch,INTENDED,Scope Compatibility,PatternAgnostic,Domain,LLMAssisted,True,Mismatch,,
2,Semantic Mismatch,Purpose & Pattern,Loose,Coverage threshold ≥ 0.50,"benchmark grounding-line behavior, sensitivity to ocean-induced melting; consumes sub-shelf melt-rate fields to update ice geometry","simulate sub-shelf melt rates using imposed ice draft & far-field conditions; consumes ice geometry fields, produces melt-rate fields","simulate realistic ocean dynamics including surface wave effects on mixing, momentum flux, upper-ocean structure; two-way earth-system coupling ifs-ecwam-nemo with direct flux forcing from the wave model to the ocean, indirect feedback from ocean currents, sst to the wave, atmospheric components.; loose","A→AB:0.00 (covered: —) | B→AB:0.04 (covered: simulate) | A∪B→AB:0.04 (covered: simulate) | uncovered_AB: atmospheric, coupling, currents, direct, dynamics, earth, ecwam, effects, feedback, forcing, ifs, including, indirect, loose, mixing, momentum, nemo, realistic, sst, structure, system, two, upper, wave, way",Mismatch,INTENDED,Purpose Compatibility,PatternAgnostic,Domain,LLMAssisted,True,Mismatch,,
2,Semantic Mismatch,Assumptions,Loose,Coverage vs AB,"models may use ssa, sia, hybrid, or full-stokes formulations; fixed bedrock geometry, accumulation / precipitation fields; prescribed basal friction law, ice rheology from protocol; synthetic idealized ice-shelf configuration","ice draft geometry supplied externally from mismip+; no atmospheric or sea-ice processes; far-field temperature / salinity restoring; idealized cavity, open-ocean boundary",,AB value missing.,Missing,INTENDED,Assumption Compatibility,PatternAgnostic,Domain,LLMAssisted,True,Gap,,
2,Conceptual Quality Gap,Links to Publications & Reports,Loose,Pattern-agnostic,"asay-davis et al. 2016 , geosci. model dev.; pattyn et al. 2013 , the cryosphere","asay-davis et al. 2016 , geosci. model dev.; holland et al. 2008",,Both provide metadata.,Match,INTENDED,Conceptual Quality Evidence,PatternAgnostic,Domain,LLMAssisted,True,Match,,
2,Conceptual Quality Gap,Authors’ Unique Identifier,Loose,Pattern-agnostic,"stephen l. cornford; ice sheet model design, coordination; xylar s. asay-davis; design of mismip+ protocol","paul r. holland; ocean model physics, melt formulation; xylar s. asay-davis; protocol coordination",,Both provide metadata.,Match,INTENDED,Conceptual Quality Evidence,PatternAgnostic,Domain,LLMAssisted,True,Match,,
2,Conceptual Quality Gap,Conceptual Model Evaluation,Loose,Pattern-agnostic,"validated through multi-model intercomparison, comparison to semi-analytical grounding-line solutions.","matches expected plume behavior, melt sensitivity",,Both provide metadata.,Match,INTENDED,Conceptual Quality Evidence,PatternAgnostic,Domain,LLMAssisted,True,Match,,
2,Conceptual Quality Gap,Calibration Tools/Data,Loose,Pattern-agnostic,,,,Neither provides metadata.,Missing,INTENDED,Conceptual Quality Evidence,PatternAgnostic,Domain,LLMAssisted,True,Gap,,
2,Conceptual Quality Gap,Validation Capabilities,Loose,Pattern-agnostic,,,,Neither provides metadata.,Missing,INTENDED,Conceptual Quality Evidence,PatternAgnostic,Domain,LLMAssisted,True,Gap,,
2,Conceptual Quality Gap,Sensitivity Analysis,Loose,Pattern-agnostic,"resolution sensitivity, parameter perturbations","resolution, melt formulation tests",,Both provide metadata.,Match,INTENDED,Conceptual Quality Evidence,PatternAgnostic,Domain,LLMAssisted,True,Match,,
2,Conceptual Quality Gap,Uncertainty Analysis,Loose,Pattern-agnostic,"scenario-based melt-rate perturbations, friction laws",scenario-based,,Both provide metadata.,Match,INTENDED,Conceptual Quality Evidence,PatternAgnostic,Domain,LLMAssisted,True,Match,,
2,Data Schema Mismatch,A.output,Loose,A.output ↔ B.input (≥1),ice_draft_geometry; grounding_line_position; ice_thickness; volume_above_flotation,ice_draft_geometry; grounding_line_position; ice geometry from mismip+ runs; ice geometry for ocean cavity model,,ice_draft_geometry ↔ ice_draft_geometry (1.00); grounding_line_position ↔ grounding_line_position (1.00),Match,INTENDED,Variable Semantic Compatibility,InformationLevel,Information,LLMAssisted,True,Match,,
2,Data Schema Mismatch,B.output,Loose,B.output ↔ A.input (≥1),melt_rate; ocean_velocity; temperature; salinity,melt_rate; sub-shelf melt-rate fields from isomip+; sub-shelf melt rates used as forcing,,melt_rate ↔ melt_rate (1.00),Match,INTENDED,Variable Semantic Compatibility,InformationLevel,Information,LLMAssisted,True,Match,,
2,Data Schema Mismatch,(A or B).input vs AB.input,Loose,(A or B).input ↔ AB.input (similarity>0),A.in:melt_rate; sub-shelf melt-rate fields from isomip+; sub-shelf melt rates used as forcing | B.in:ice_draft_geometry; grounding_line_position; ice geometry from mismip+ runs; ice geometry for ocean cavity model,,(none),max=0.00 | missing: AB.input,Missing,INTENDED,Variable Semantic Compatibility,InformationLevel,Information,LLMAssisted,True,Gap,,
2,Data Schema Mismatch,(A or B).output vs AB.output,Loose,(A or B).output ↔ AB.output (similarity>0),A.out:ice_draft_geometry; grounding_line_position; ice_thickness; volume_above_flotation | B.out:melt_rate; ocean_velocity; temperature; salinity,,(none),max=0.00 | missing: AB.output,Missing,INTENDED,Variable Semantic Compatibility,InformationLevel,Information,LLMAssisted,True,Gap,,
2,Temporal Resolution Mismatch,time_steps_temporal_resolution,Loose,Common exchanged variables align semantically (or a declared conversion bridges them),,,"ocean internal step ~1 h, wave step ~15 min, coupling interval ~3 h",One or both sides missing metadata.,Missing,INTENDED,Temporal Resolution Compatibility,InformationLevel,Information,Deterministic,True,Gap,Deterministic check: One or both sides missing metadata.,Provide the missing metadata field(s) for both models before this constraint can be assessed.
2,Temporal Coverage Mismatch,temporal_extent_coverage,Loose,Common exchanged variables align semantically (or a declared conversion bridges them),100-1000 years,1-100 years,"multi-year to multi-decadal simulations e.g., 1979-2009 hindcasts, 7-month seasonal forecasts",A<->B token-sim=0.33 (>0 means aligned),Match,INTENDED,(auxiliary) Temporal Coverage Mismatch / temporal_extent_coverage,RuntimeLevel,Information,Deterministic,False,Match,Deterministic check: A<->B token-sim=0.33 (>0 means aligned),No adaptation required.
2,Spatial Resolution Mismatch,spatial_resolution,Loose,Common exchanged variables align semantically (or a declared conversion bridges them),0.25-1 km recommended,2 km horizontal,"~1° orca1 ocean grid with 42 vertical levels 10 m top level , ecwam at ~1.5° global resolution in the reference experiments.",A<->B token-sim=0.25 (>0 means aligned),Match,INTENDED,Spatial Resolution Compatibility,InformationLevel,Information,Deterministic,True,Match,Deterministic check: A<->B token-sim=0.25 (>0 means aligned),No adaptation required.
2,Spatial Coverage Mismatch,spatial_extent_coverage,Loose,Common exchanged variables align semantically (or a declared conversion bridges them),idealized domain,idealized ocean cavity,"global ocean orca1 grid or regional domains e.g., north atlantic with corresponding wave grid",A<->B token-sim=0.33 (>0 means aligned),Match,INTENDED,(auxiliary) Spatial Coverage Mismatch / spatial_extent_coverage,RuntimeLevel,Information,Deterministic,False,Match,Deterministic check: A<->B token-sim=0.33 (>0 means aligned),No adaptation required.
2,Dimensionality Mismatch,dimensionality,Loose,Common exchanged variables align semantically (or a declared conversion bridges them),2d or 3d,3d,"3d ocean , 2d spectral waves",A<->B token-sim=0.50 (>0 means aligned),Match,INTENDED,Dimensionality Compatibility,InformationLevel,Information,Deterministic,True,Match,Deterministic check: A<->B token-sim=0.50 (>0 means aligned),No adaptation required.
2,Unit Mismatch,A.output(ice_draft_geometry) -> B.input(ice_draft_geometry),Loose,Units must be equal or known-equivalent,m,m,,'m' ~ 'm' (equivalent).,Match,INTENDED,Unit Compatibility,InformationLevel,Information,Deterministic,True,Match,Deterministic check: 'm' ~ 'm' (equivalent).,No adaptation required.
2,Unit Mismatch,A.output(grounding_line_position) -> B.input(grounding_line_position),Loose,Both sides must declare a unit for the exchanged variable,m^3,,,Unit not declared on one or both sides.,Missing,INTENDED,Unit Compatibility,InformationLevel,Information,Deterministic,True,Gap,Deterministic check: Unit not declared on one or both sides.,Provide the missing metadata field(s) for both models before this constraint can be assessed.
2,Unit Mismatch,B.output(melt_rate) -> A.input(melt_rate),Loose,Units must be equal or known-equivalent,m a^-1,m a^-1,,'m a^-1' ~ 'm a^-1' (equivalent).,Match,INTENDED,Unit Compatibility,InformationLevel,Information,Deterministic,True,Match,Deterministic check: 'm a^-1' ~ 'm a^-1' (equivalent).,No adaptation required.
2,Communication Mechanism Mismatch,communication_mechanism,Loose,Pattern-graded requirement,,,,Both sides or AB canonical interface required.,Missing,INTENDED,Interface Compatibility,RuntimeLevel,Computational,LLMAssisted,True,Gap,,
2,Error Handling Mismatch,error_handling,Loose,Pattern-graded requirement,"model-specific logs, checks",restart strategies for numerical instability,"error handling is inherited from component models nemo, ecwam, ifs , coupling infrastructure, includes checks on cfl stability, nans, flux consistency, restart capability.",Both A and B or AB canonical required.,Match,INTENDED,Error-Handling Compatibility,RuntimeLevel,Computational,LLMAssisted,True,Match,,
2,Execution Instruction Gap,execution_instructions,Loose,Require A or B,"initialize, apply prescribed melt forcing, run forward","initialize from t / s fields, apply geometry, integrate",,At least one side must provide.,Match,INTENDED,Execution Environment Compatibility,RuntimeLevel,Technology,LLMAssisted,True,Match,,
2,Parallel Execution Incompatibility,parallel_execution,Loose,Pattern-graded requirement,true,true,true,Loose requires at least one side (or AB) to declare this.,Match,INTENDED,Execution Constraint Compatibility,RuntimeLevel,Engineering,LLMAssisted,True,Match,,
2,Execution Constraint Mismatch,execution_constraints,Loose,Pattern-graded requirement,,,,Loose requires at least one side (or AB) to declare this.,Missing,INTENDED,Execution Ordering Compatibility,RuntimeLevel,Engineering,Deterministic,True,Gap,Deterministic check: Loose requires at least one side (or AB) to declare this.,Provide the missing metadata field(s) for both models before this constraint can be assessed.
2,Acknowledgment Protocol Mismatch,acknowledgment_protocols,Loose,Pattern-graded requirement,,,,Loose requires at least one side (or AB) to declare this.,Missing,INTENDED,Synchronization Compatibility,RuntimeLevel,Engineering,LLMAssisted,True,Gap,,
2,Latency Expectation Mismatch,latency_expectations,Loose,Pattern-graded requirement,,,,Loose requires at least one side (or AB) to declare this.,Missing,INTENDED,Latency Compatibility,RuntimeLevel,Engineering,LLMAssisted,True,Gap,,
2,Data Synchronization,data_synchronization,Loose,Pattern-graded requirement,,,,Loose requires at least one declaration of synchronization.,Missing,INTENDED,Synchronization Compatibility,RuntimeLevel,Engineering,LLMAssisted,True,Gap,,
2,Programming Language Incompatibility,programming_language,Loose,Pattern-graded similarity/equality,fortran; c++; python,fortran; c++,fortran nemo core; fortran ecwam core,A↔B token-sim=0.67 (> 0.00),Match,INTENDED,Execution Environment Compatibility,RuntimeLevel,Technology,LLMAssisted,True,Match,,
2,Source Code Availability Gap,availability_of_source_code (A),Loose,Presence required,false,,,A provides metadata,Match,INTENDED,(auxiliary) Source Code Availability Gap / availability_of_source_code (A),RuntimeLevel,Technology,Deterministic,False,Match,Deterministic check: A provides metadata,No adaptation required.
2,Source Code Availability Gap,availability_of_source_code (B),Loose,Presence required,false,,,B provides metadata,Match,INTENDED,(auxiliary) Source Code Availability Gap / availability_of_source_code (B),RuntimeLevel,Technology,Deterministic,False,Match,Deterministic check: B provides metadata,No adaptation required.
2,Implementation Verification Gap,implementation_verification (A),Loose,Presence required,"consensus steady-state & perturbation behavior; compared with multi-model ensemble, analytical expectations",,,A provides metadata,Match,INTENDED,(auxiliary) Implementation Verification Gap / implementation_verification (A),RuntimeLevel,Technology,Deterministic,False,Match,Deterministic check: A provides metadata,No adaptation required.
2,Implementation Verification Gap,implementation_verification (B),Loose,Presence required,multi-model plume agreement; compared to baseline steady-state plume results,,,B provides metadata,Match,INTENDED,(auxiliary) Implementation Verification Gap / implementation_verification (B),RuntimeLevel,Technology,Deterministic,False,Match,Deterministic check: B provides metadata,No adaptation required.
2,Software Environment Mismatch,software_specification_and_requirements,Loose,Pattern-graded similarity/equality,ice-sheet model with grounding-line capability,ocean model with ice-shelf cavity physics,,A↔B token-sim=0.00 (> 0.00),Mismatch,INTENDED,Execution Environment Compatibility,RuntimeLevel,Technology,LLMAssisted,True,Mismatch,,
2,Hardware Resource Mismatch,hardware_specification_and_requirements,Loose,Pattern-graded similarity/equality,workstation to hpc,hpc recommended,hpc cluster or high-end workstation for multi-decadal and / or high-resolution runs,A↔B token-sim=0.33 (> 0.00),Match,INTENDED,Execution Environment Compatibility,RuntimeLevel,Technology,LLMAssisted,True,Match,,
2,Distribution Version Mismatch,distribution_version,Loose,Pattern-graded similarity/equality,2016.1,2016.1,2015 reference configuration orca1l42 + ecwam cy38r1,A↔B token-sim=1.00 (> 0.00),Match,INTENDED,Execution Environment Compatibility,RuntimeLevel,Technology,LLMAssisted,True,Match,,
2,File Format Mismatch,file_formats,Loose,Pattern-graded similarity/equality,netcdf,netcdf,,A↔B token-sim=1.00 (> 0.00),Match,INTENDED,Data Format Compatibility,InformationLevel,Information,Deterministic,True,Match,Deterministic check: A↔B token-sim=1.00 (> 0.00),No adaptation required.
2,License Incompatibility,license,Loose,Pattern-graded requirement,open experimental protocol,open experimental protocol,,A↔B token-sim=1.00 (> 0.00),Match,INTENDED,License Compatibility,RuntimeLevel,Technology,LLMAssisted,True,Match,,
2,Landing Page Gap,landing_page (A),Loose,Presence required,"https, / / www.geosci-model-dev.net / 9 / 2471 / 2016 /",,,A provides landing page,Match,INTENDED,(auxiliary) Landing Page Gap / landing_page (A),RuntimeLevel,Technology,Deterministic,False,Match,Deterministic check: A provides landing page,No adaptation required.
2,Landing Page Gap,landing_page (B),Loose,Presence required,"https, / / www.geosci-model-dev.net / 9 / 2471 / 2016 /",,,B provides landing page,Match,INTENDED,(auxiliary) Landing Page Gap / landing_page (B),RuntimeLevel,Technology,Deterministic,False,Match,Deterministic check: B provides landing page,No adaptation required.
2,Operating Environment Mismatch,operating_system,Loose,Declared operating systems must overlap,,,,Operating system not declared on one or both sides.,Missing,INTENDED,Operating Environment Compatibility,RuntimeLevel,Technology,Deterministic,True,Gap,Deterministic check: Operating system not declared on one or both sides.,Provide the missing metadata field(s) for both models before this constraint can be assessed.
2,Semantic Mismatch,Title,Loose,Coverage threshold ≥ 0.50,"mismip+, marine ice sheet model intercomparison project, phase 3; mismipplus_parameters; stephen l. cornford; xylar s. asay-davis","isomip+, ice shelf-ocean model intercomparison project, phase 2; isomipplus_parameters; paul r. holland; xylar s. asay-davis","misomip1, coupled marine ice sheet-ocean intercomparison framework; misomip experiment group 1; misomip experiment group 2; misomip experiment group 3; coupledmodel_forcing_parameters; xylar s. asay-davis; stephen l. cornford; paul r. holland","A→AB:0.53 (covered: asay, cornford, davis, intercomparison, marine, parameters, sheet, stephen, xylar) | B→AB:0.41 (covered: asay, davis, holland, intercomparison, parameters, paul, xylar) | A∪B→AB:0.65 (covered: asay, cornford, davis, holland, intercomparison, marine, parameters, paul, sheet, stephen, xylar) | uncovered_AB: coupledmodel, experiment, forcing, group, misomip, misomip1",Match,INTEGRATED,(auxiliary) Semantic Mismatch / Title,PatternAgnostic,Domain,Deterministic,False,Match,"Deterministic check: A→AB:0.53 (covered: asay, cornford, davis, intercomparison, marine, parameters, sheet, stephen, xylar) | B→AB:0.41 (covered: asay, davis, holland, intercomparison, parameters, paul, xylar) | A∪B→AB:0.65 (covered: asay, cornford, davis, holland, intercomparison, marine, parameters, paul, sheet, stephen, xylar) | uncovered_AB: coupledmodel, experiment, forcing, group, misomip, misomip1",No adaptation required.
2,Semantic Mismatch,Model Version,Loose,A or B must equal AB exactly,2016.1,2016.1,2016.1,A==AB:✓; B==AB:✓,Match,INTEGRATED,(auxiliary) Semantic Mismatch / Model Version,PatternAgnostic,Domain,Deterministic,False,Match,Deterministic check: A==AB:✓; B==AB:✓,No adaptation required.
2,Semantic Mismatch,Description,Loose,Coverage threshold ≥ 0.50,"idealized benchmark experiments to evaluate grounding-line migration, buttressing, ice-shelf response under perturbed sub-shelf melt rates. mismip+ defines a standard idealized domain, bedrock geometry, friction laws, melt-rate forcing designed to isolate grounding-line physics, compare performance across ice-sheet models. used as the ice component receiving ocean-driven melt from isomip+, producing updated ice geometry for coupled misomip experiments.; weertman-type power-law sliding; sub-shelf melt-rate fields from isomip+; topography, ice rheology, sliding laws, bed parameters; sub-shelf melt rates used as forcing","ocean-only benchmark experiments simulating sub-shelf ocean circulation, thermodynamics, melt beneath idealized ice shelves. isomip+ provides sub-shelf melt-rate fields that drive mismip+ ice-sheet models, are used as the ocean component of coupled misomip configurations.; ice geometry from mismip+ runs; thermodynamics, drag, eos coefficients, restoring fields; ice geometry for ocean cavity model","misomip1 integrates the mismip+ ice-sheet, isomip+ ocean experiments into a coupled modeling framework to evaluate ice-ocean feedbacks, grounding-line migration under ocean warming, sub-shelf melt sensitivity in idealized antarctic-like domains.; ocean-driven retreat under warm-water intrusion; coupling hysteresis experiments; sensitivity to coupling intervals; ocean thermal forcing, melt parameterization, coupling interval; ice geometry, grounding line; ocean melt rates","A→AB:0.49 (covered: driven, evaluate, experiments, forcing, geometry, grounding, idealized, isomip, isomip+, isomipplus, line, melt, migration, mismip, mismip+, mismipplus, sheet, sub) | B→AB:0.32 (covered: experiments, geometry, idealized, isomip, isomip+, isomipplus, melt, mismip, mismip+, mismipplus, sheet, sub) | A∪B→AB:0.49 (covered: driven, evaluate, experiments, forcing, geometry, grounding, idealized, isomip, isomip+, isomipplus, line, melt, migration, mismip, mismip+, mismipplus, sheet, sub) | uncovered_AB: antarctic, coupling, domains, feedbacks, hysteresis, integrates, interval, intervals, intrusion, like, misomip1, modeling, parameterization, retreat, sensitivity, thermal, warm, warming, water",Mismatch,INTEGRATED,(auxiliary) Semantic Mismatch / Description,PatternAgnostic,Domain,Deterministic,False,Mismatch,"Deterministic check: A→AB:0.49 (covered: driven, evaluate, experiments, forcing, geometry, grounding, idealized, isomip, isomip+, isomipplus, line, melt, migration, mismip, mismip+, mismipplus, sheet, sub) | B→AB:0.32 (covered: experiments, geometry, idealized, isomip, isomip+, isomipplus, melt, mismip, mismip+, mismipplus, sheet, sub) | A∪B→AB:0.49 (covered: driven, evaluate, experiments, forcing, geometry, grounding, idealized, isomip, isomip+, isomipplus, line, melt, migration, mismip, mismip+, mismipplus, sheet, sub) | uncovered_AB: antarctic, coupling, domains, feedbacks, hysteresis, integrates, interval, intervals, intrusion, like, misomip1, modeling, parameterization, retreat, sensitivity, thermal, warm, warming, water",Introduce an explicit mediation/adaptation step to resolve this incompatibility before integration.
2,Semantic Mismatch,Keywords,Loose,Coverage threshold ≥ 0.50,marine ice sheets; grounding line; ice shelves; ice dynamics; sea-level rise; intercomparison; grounding-line numerics,ice shelf; sub-shelf melt; ocean circulation; benchmarking; ocean cavity; marine ice sheet interaction,marine ice sheet; ice-ocean coupling; sub-shelf melt; grounding-line retreat; sea-level rise; coupled modeling; intercomparison,"A→AB:0.50 (covered: grounding, intercomparison, level, line, marine, rise) | B→AB:0.33 (covered: marine, melt, sheet, sub) | A∪B→AB:0.75 (covered: grounding, intercomparison, level, line, marine, melt, rise, sheet, sub) | uncovered_AB: coupling, modeling, retreat",Match,INTEGRATED,(auxiliary) Semantic Mismatch / Keywords,PatternAgnostic,Domain,Deterministic,False,Match,"Deterministic check: A→AB:0.50 (covered: grounding, intercomparison, level, line, marine, rise) | B→AB:0.33 (covered: marine, melt, sheet, sub) | A∪B→AB:0.75 (covered: grounding, intercomparison, level, line, marine, melt, rise, sheet, sub) | uncovered_AB: coupling, modeling, retreat",No adaptation required.
2,Semantic Mismatch,Model Type,Loose,Coverage threshold ≥ 0.50,mechanistic,mechanistic,mechanistic; loose,A→AB:0.50 (covered: mechanistic) | B→AB:0.50 (covered: mechanistic) | A∪B→AB:0.50 (covered: mechanistic) | uncovered_AB: loose,Match,INTEGRATED,(auxiliary) Semantic Mismatch / Model Type,PatternAgnostic,Domain,Deterministic,False,Match,Deterministic check: A→AB:0.50 (covered: mechanistic) | B→AB:0.50 (covered: mechanistic) | A∪B→AB:0.50 (covered: mechanistic) | uncovered_AB: loose,No adaptation required.
2,Semantic Mismatch,Scope,Loose,Coverage threshold ≥ 0.50,idealized marine ice sheet experiments at decadal to millennial scales,idealized 3d ocean cavity experiments multi-decadal,idealized antarctic marine-terminating glacier systems,"A→AB:0.33 (covered: idealized, marine) | B→AB:0.17 (covered: idealized) | A∪B→AB:0.33 (covered: idealized, marine) | uncovered_AB: antarctic, glacier, systems, terminating",Mismatch,INTEGRATED,Scope Compatibility,PatternAgnostic,Domain,LLMAssisted,True,Mismatch,,
2,Semantic Mismatch,Purpose & Pattern,Loose,Coverage threshold ≥ 0.50,"benchmark grounding-line behavior, sensitivity to ocean-induced melting; consumes sub-shelf melt-rate fields to update ice geometry","simulate sub-shelf melt rates using imposed ice draft & far-field conditions; consumes ice geometry fields, produces melt-rate fields","evaluate coupled ice-ocean dynamics, feedbacks under perturbations; loose coupling between ice mismip+ , ocean isomip+ models; loose","A→AB:0.00 (covered: —) | B→AB:0.00 (covered: —) | A∪B→AB:0.00 (covered: —) | uncovered_AB: between, coupling, dynamics, evaluate, feedbacks, isomip, isomip+, isomipplus, loose, mismip, mismip+, mismipplus, perturbations",Mismatch,INTEGRATED,Purpose Compatibility,PatternAgnostic,Domain,LLMAssisted,True,Mismatch,,
2,Semantic Mismatch,Assumptions,Loose,Coverage threshold ≥ 0.50,"models may use ssa, sia, hybrid, or full-stokes formulations; fixed bedrock geometry, accumulation / precipitation fields; prescribed basal friction law, ice rheology from protocol; synthetic idealized ice-shelf configuration","ice draft geometry supplied externally from mismip+; no atmospheric or sea-ice processes; far-field temperature / salinity restoring; idealized cavity, open-ocean boundary","shared geometry, bedrock domain; ocean melt drives grounding-line migration; simplified thermal forcing; no atmospheric or sea-ice processes; idealized boundary conditions from protocol","A→AB:0.21 (covered: bedrock, geometry, idealized, protocol) | B→AB:0.32 (covered: atmospheric, boundary, geometry, idealized, no, processes) | A∪B→AB:0.42 (covered: atmospheric, bedrock, boundary, geometry, idealized, no, processes, protocol) | uncovered_AB: conditions, domain, drives, forcing, grounding, line, melt, migration, shared, simplified, thermal",Mismatch,INTEGRATED,Assumption Compatibility,PatternAgnostic,Domain,LLMAssisted,True,Mismatch,,
2,Conceptual Quality Gap,Links to Publications & Reports,Loose,Pattern-agnostic,"asay-davis et al. 2016 , geosci. model dev.; pattyn et al. 2013 , the cryosphere","asay-davis et al. 2016 , geosci. model dev.; holland et al. 2008",,Both provide metadata.,Match,INTEGRATED,Conceptual Quality Evidence,PatternAgnostic,Domain,LLMAssisted,True,Match,,
2,Conceptual Quality Gap,Authors’ Unique Identifier,Loose,Pattern-agnostic,"stephen l. cornford; ice sheet model design, coordination; xylar s. asay-davis; design of mismip+ protocol","paul r. holland; ocean model physics, melt formulation; xylar s. asay-davis; protocol coordination",,Both provide metadata.,Match,INTEGRATED,Conceptual Quality Evidence,PatternAgnostic,Domain,LLMAssisted,True,Match,,
2,Conceptual Quality Gap,Conceptual Model Evaluation,Loose,Pattern-agnostic,"validated through multi-model intercomparison, comparison to semi-analytical grounding-line solutions.","matches expected plume behavior, melt sensitivity",,Both provide metadata.,Match,INTEGRATED,Conceptual Quality Evidence,PatternAgnostic,Domain,LLMAssisted,True,Match,,
2,Conceptual Quality Gap,Calibration Tools/Data,Loose,Pattern-agnostic,,,,Neither provides metadata.,Missing,INTEGRATED,Conceptual Quality Evidence,PatternAgnostic,Domain,LLMAssisted,True,Gap,,
2,Conceptual Quality Gap,Validation Capabilities,Loose,Pattern-agnostic,,,,Neither provides metadata.,Missing,INTEGRATED,Conceptual Quality Evidence,PatternAgnostic,Domain,LLMAssisted,True,Gap,,
2,Conceptual Quality Gap,Sensitivity Analysis,Loose,Pattern-agnostic,"resolution sensitivity, parameter perturbations","resolution, melt formulation tests",,Both provide metadata.,Match,INTEGRATED,Conceptual Quality Evidence,PatternAgnostic,Domain,LLMAssisted,True,Match,,
2,Conceptual Quality Gap,Uncertainty Analysis,Loose,Pattern-agnostic,"scenario-based melt-rate perturbations, friction laws",scenario-based,,Both provide metadata.,Match,INTEGRATED,Conceptual Quality Evidence,PatternAgnostic,Domain,LLMAssisted,True,Match,,
2,Data Schema Mismatch,A.output,Loose,A.output ↔ B.input (≥1),ice_draft_geometry; grounding_line_position; ice_thickness; volume_above_flotation,ice_draft_geometry; grounding_line_position; ice geometry from mismip+ runs; ice geometry for ocean cavity model,,ice_draft_geometry ↔ ice_draft_geometry (1.00); grounding_line_position ↔ grounding_line_position (1.00),Match,INTEGRATED,Variable Semantic Compatibility,InformationLevel,Information,LLMAssisted,True,Match,,
2,Data Schema Mismatch,B.output,Loose,B.output ↔ A.input (≥1),melt_rate; ocean_velocity; temperature; salinity,melt_rate; sub-shelf melt-rate fields from isomip+; sub-shelf melt rates used as forcing,,melt_rate ↔ melt_rate (1.00),Match,INTEGRATED,Variable Semantic Compatibility,InformationLevel,Information,LLMAssisted,True,Match,,
2,Data Schema Mismatch,(A or B).input vs AB.input,Loose,(A or B).input ↔ AB.input (similarity>0),A.in:melt_rate; sub-shelf melt-rate fields from isomip+; sub-shelf melt rates used as forcing | B.in:ice_draft_geometry; grounding_line_position; ice geometry from mismip+ runs; ice geometry for ocean cavity model,,(none),max=0.00 | missing: AB.input,Missing,INTEGRATED,Variable Semantic Compatibility,InformationLevel,Information,LLMAssisted,True,Gap,,
2,Data Schema Mismatch,(A or B).output vs AB.output,Loose,(A or B).output ↔ AB.output (similarity>0),A.out:ice_draft_geometry; grounding_line_position; ice_thickness; volume_above_flotation | B.out:melt_rate; ocean_velocity; temperature; salinity,,grounding_line_position; melt_rate; ice_thickness; ocean_temperature; ocean_velocity,max=0.72,Match,INTEGRATED,Variable Semantic Compatibility,InformationLevel,Information,LLMAssisted,True,Match,,
2,Temporal Resolution Mismatch,time_steps_temporal_resolution,Loose,Common exchanged variables align semantically (or a declared conversion bridges them),,,daily ocean / annual ice,One or both sides missing metadata.,Missing,INTEGRATED,Temporal Resolution Compatibility,InformationLevel,Information,Deterministic,True,Gap,Deterministic check: One or both sides missing metadata.,Provide the missing metadata field(s) for both models before this constraint can be assessed.
2,Temporal Coverage Mismatch,temporal_extent_coverage,Loose,Common exchanged variables align semantically (or a declared conversion bridges them),100-1000 years,1-100 years,centennial to millennial,A<->B token-sim=0.33 (>0 means aligned),Match,INTEGRATED,(auxiliary) Temporal Coverage Mismatch / temporal_extent_coverage,RuntimeLevel,Information,Deterministic,False,Match,Deterministic check: A<->B token-sim=0.33 (>0 means aligned),No adaptation required.
2,Spatial Resolution Mismatch,spatial_resolution,Loose,Common exchanged variables align semantically (or a declared conversion bridges them),0.25-1 km recommended,2 km horizontal,0.5-2 km,A<->B token-sim=0.25 (>0 means aligned),Match,INTEGRATED,Spatial Resolution Compatibility,InformationLevel,Information,Deterministic,True,Match,Deterministic check: A<->B token-sim=0.25 (>0 means aligned),No adaptation required.
2,Spatial Coverage Mismatch,spatial_extent_coverage,Loose,Common exchanged variables align semantically (or a declared conversion bridges them),idealized domain,idealized ocean cavity,640×80 km ice domain + 160 km ocean extension,A<->B token-sim=0.33 (>0 means aligned),Match,INTEGRATED,(auxiliary) Spatial Coverage Mismatch / spatial_extent_coverage,RuntimeLevel,Information,Deterministic,False,Match,Deterministic check: A<->B token-sim=0.33 (>0 means aligned),No adaptation required.
2,Dimensionality Mismatch,dimensionality,Loose,Common exchanged variables align semantically (or a declared conversion bridges them),2d or 3d,3d,"2d ice, 3d ocean",A<->B token-sim=0.50 (>0 means aligned),Match,INTEGRATED,Dimensionality Compatibility,InformationLevel,Information,Deterministic,True,Match,Deterministic check: A<->B token-sim=0.50 (>0 means aligned),No adaptation required.
2,Unit Mismatch,A.output(ice_draft_geometry) -> B.input(ice_draft_geometry),Loose,Units must be equal or known-equivalent,m,m,,'m' ~ 'm' (equivalent).,Match,INTEGRATED,Unit Compatibility,InformationLevel,Information,Deterministic,True,Match,Deterministic check: 'm' ~ 'm' (equivalent).,No adaptation required.
2,Unit Mismatch,A.output(grounding_line_position) -> B.input(grounding_line_position),Loose,Both sides must declare a unit for the exchanged variable,m^3,,,Unit not declared on one or both sides.,Missing,INTEGRATED,Unit Compatibility,InformationLevel,Information,Deterministic,True,Gap,Deterministic check: Unit not declared on one or both sides.,Provide the missing metadata field(s) for both models before this constraint can be assessed.
2,Unit Mismatch,B.output(melt_rate) -> A.input(melt_rate),Loose,Units must be equal or known-equivalent,m a^-1,m a^-1,,'m a^-1' ~ 'm a^-1' (equivalent).,Match,INTEGRATED,Unit Compatibility,InformationLevel,Information,Deterministic,True,Match,Deterministic check: 'm a^-1' ~ 'm a^-1' (equivalent).,No adaptation required.
2,Communication Mechanism Mismatch,communication_mechanism,Loose,Pattern-graded requirement,,,,Both sides or AB canonical interface required.,Missing,INTEGRATED,Interface Compatibility,RuntimeLevel,Computational,LLMAssisted,True,Gap,,
2,Error Handling Mismatch,error_handling,Loose,Pattern-graded requirement,"model-specific logs, checks",restart strategies for numerical instability,component models responsible for internal checks,Both A and B or AB canonical required.,Match,INTEGRATED,Error-Handling Compatibility,RuntimeLevel,Computational,LLMAssisted,True,Match,,
2,Execution Instruction Gap,execution_instructions,Loose,Require A or B,"initialize, apply prescribed melt forcing, run forward","initialize from t / s fields, apply geometry, integrate",,At least one side must provide.,Match,INTEGRATED,Execution Environment Compatibility,RuntimeLevel,Technology,LLMAssisted,True,Match,,
2,Parallel Execution Incompatibility,parallel_execution,Loose,Pattern-graded requirement,true,true,true,Loose requires at least one side (or AB) to declare this.,Match,INTEGRATED,Execution Constraint Compatibility,RuntimeLevel,Engineering,LLMAssisted,True,Match,,
2,Execution Constraint Mismatch,execution_constraints,Loose,Pattern-graded requirement,,,fixed interval coupling,Loose requires at least one side (or AB) to declare this.,Match,INTEGRATED,Execution Ordering Compatibility,RuntimeLevel,Engineering,Deterministic,True,Match,Deterministic check: Loose requires at least one side (or AB) to declare this.,No adaptation required.
2,Acknowledgment Protocol Mismatch,acknowledgment_protocols,Loose,Pattern-graded requirement,,,,Loose requires at least one side (or AB) to declare this.,Missing,INTEGRATED,Synchronization Compatibility,RuntimeLevel,Engineering,LLMAssisted,True,Gap,,
2,Latency Expectation Mismatch,latency_expectations,Loose,Pattern-graded requirement,,,"low, annual exchange",Loose requires at least one side (or AB) to declare this.,Match,INTEGRATED,Latency Compatibility,RuntimeLevel,Engineering,LLMAssisted,True,Match,,
2,Data Synchronization,data_synchronization,Loose,Pattern-graded requirement,,,"ice, ocean fields exchanged at coupling step",Loose requires at least one declaration of synchronization.,Match,INTEGRATED,Synchronization Compatibility,RuntimeLevel,Engineering,LLMAssisted,True,Match,,
2,Programming Language Incompatibility,programming_language,Loose,Pattern-graded similarity/equality,fortran; c++; python,fortran; c++,fortran; c++; python,A↔B token-sim=0.67 (> 0.00),Match,INTEGRATED,Execution Environment Compatibility,RuntimeLevel,Technology,LLMAssisted,True,Match,,
2,Source Code Availability Gap,availability_of_source_code (A),Loose,Presence required,false,,,A provides metadata,Match,INTEGRATED,(auxiliary) Source Code Availability Gap / availability_of_source_code (A),RuntimeLevel,Technology,Deterministic,False,Match,Deterministic check: A provides metadata,No adaptation required.
2,Source Code Availability Gap,availability_of_source_code (B),Loose,Presence required,false,,,B provides metadata,Match,INTEGRATED,(auxiliary) Source Code Availability Gap / availability_of_source_code (B),RuntimeLevel,Technology,Deterministic,False,Match,Deterministic check: B provides metadata,No adaptation required.
2,Implementation Verification Gap,implementation_verification (A),Loose,Presence required,"consensus steady-state & perturbation behavior; compared with multi-model ensemble, analytical expectations",,,A provides metadata,Match,INTEGRATED,(auxiliary) Implementation Verification Gap / implementation_verification (A),RuntimeLevel,Technology,Deterministic,False,Match,Deterministic check: A provides metadata,No adaptation required.
2,Implementation Verification Gap,implementation_verification (B),Loose,Presence required,multi-model plume agreement; compared to baseline steady-state plume results,,,B provides metadata,Match,INTEGRATED,(auxiliary) Implementation Verification Gap / implementation_verification (B),RuntimeLevel,Technology,Deterministic,False,Match,Deterministic check: B provides metadata,No adaptation required.
2,Software Environment Mismatch,software_specification_and_requirements,Loose,Pattern-graded similarity/equality,ice-sheet model with grounding-line capability,ocean model with ice-shelf cavity physics,ice-sheet + ocean model infrastructure with netcdf i / o; mismip+ steady-state geometry; isomip+ t / s profiles,A↔B token-sim=0.00 (> 0.00),Mismatch,INTEGRATED,Execution Environment Compatibility,RuntimeLevel,Technology,LLMAssisted,True,Mismatch,,
2,Hardware Resource Mismatch,hardware_specification_and_requirements,Loose,Pattern-graded similarity/equality,workstation to hpc,hpc recommended,hpc cluster recommended,A↔B token-sim=0.33 (> 0.00),Match,INTEGRATED,Execution Environment Compatibility,RuntimeLevel,Technology,LLMAssisted,True,Match,,
2,Distribution Version Mismatch,distribution_version,Loose,Pattern-graded similarity/equality,2016.1,2016.1,2016.1,A↔B token-sim=1.00 (> 0.00),Match,INTEGRATED,Execution Environment Compatibility,RuntimeLevel,Technology,LLMAssisted,True,Match,,
2,File Format Mismatch,file_formats,Loose,Pattern-graded similarity/equality,netcdf,netcdf,,A↔B token-sim=1.00 (> 0.00),Match,INTEGRATED,Data Format Compatibility,InformationLevel,Information,Deterministic,True,Match,Deterministic check: A↔B token-sim=1.00 (> 0.00),No adaptation required.
2,License Incompatibility,license,Loose,Pattern-graded requirement,open experimental protocol,open experimental protocol,,A↔B token-sim=1.00 (> 0.00),Match,INTEGRATED,License Compatibility,RuntimeLevel,Technology,LLMAssisted,True,Match,,
2,Landing Page Gap,landing_page (A),Loose,Presence required,"https, / / www.geosci-model-dev.net / 9 / 2471 / 2016 /",,,A provides landing page,Match,INTEGRATED,(auxiliary) Landing Page Gap / landing_page (A),RuntimeLevel,Technology,Deterministic,False,Match,Deterministic check: A provides landing page,No adaptation required.
2,Landing Page Gap,landing_page (B),Loose,Presence required,"https, / / www.geosci-model-dev.net / 9 / 2471 / 2016 /",,,B provides landing page,Match,INTEGRATED,(auxiliary) Landing Page Gap / landing_page (B),RuntimeLevel,Technology,Deterministic,False,Match,Deterministic check: B provides landing page,No adaptation required.
2,Operating Environment Mismatch,operating_system,Loose,Declared operating systems must overlap,,,,Operating system not declared on one or both sides.,Missing,INTEGRATED,Operating Environment Compatibility,RuntimeLevel,Technology,Deterministic,True,Gap,Deterministic check: Operating system not declared on one or both sides.,Provide the missing metadata field(s) for both models before this constraint can be assessed.
3,Semantic Mismatch,Title,Loose,Coverage threshold ≥ 0.50,"ecwam, ecmwf wave model; wave_model_parameters; øyvind breivik","nemo, nucleus for european modelling of the ocean; nemo_config_parameters; jean-marc molines; øyvind breivik",user-defined coupled ocean-surface wave modeling framework; stokes_drift_surface_u; stokes_drift_surface_v; stokes_profile_scale; wave_modified_stress_to_ocean; wave_breaking_tke_flux; surface_current_u; surface_current_v; sea_ice_concentration,"A→AB:0.08 (covered: wave) | B→AB:0.00 (covered: —) | A∪B→AB:0.08 (covered: wave) | uncovered_AB: breaking, concentration, current, drift, modeling, modified, profile, scale, stokes, stress, tke",Mismatch,INTENDED,(auxiliary) Semantic Mismatch / Title,PatternAgnostic,Domain,Deterministic,False,Mismatch,"Deterministic check: A→AB:0.08 (covered: wave) | B→AB:0.00 (covered: —) | A∪B→AB:0.08 (covered: wave) | uncovered_AB: breaking, concentration, current, drift, modeling, modified, profile, scale, stokes, stress, tke",Introduce an explicit mediation/adaptation step to resolve this incompatibility before integration.
3,Semantic Mismatch,Model Version,Loose,A or B must equal AB exactly,cy38r1 as used in breivik et al. 2015; 2015; v3.4,v3.4 configuration used in breivik et al. 2015; 2015; cy38r1,cy38r1; v3.4,A==AB:×; B==AB:×,Mismatch,INTENDED,(auxiliary) Semantic Mismatch / Model Version,PatternAgnostic,Domain,Deterministic,False,Mismatch,Deterministic check: A==AB:×; B==AB:×,Introduce an explicit mediation/adaptation step to resolve this incompatibility before integration.
3,Semantic Mismatch,Description,Loose,Coverage threshold ≥ 0.50,"a third-generation spectral wave model developed by ecmwf to simulate surface gravity waves. it solves the wave action balance equation in frequency-direction space, computes the evolution of the wave spectrum, including energy input from wind, nonlinear interactions, dissipation by whitecapping, bottom friction, depth-induced breaking. in the breivik et al. 2015 configuration, ecwam provides stokes drift, water-side stress, turbulent kinetic energy tke flux to nemo.; growth, dissipation, nonlinear interaction coefficients, spectral discretization controls; atmospheric winds, ice fields, optional ocean / ice modifiers; optional surface currents, sea-ice fraction for wave-current, wave-ice effects in coupled mode e.g., ifs-ecwam-nemo framework .","a state-of-the-art ocean general circulation model for simulating the global ocean, including thermohaline circulation, upper-ocean mixing, sea ice. in the wave-aware configuration of breivik et al. 2015 , nemo ingests stokes drift, sea-state dependent water-side stress, wave-breaking turbulent kinetic energy tke flux from ecwam to represent surface wave effects on currents, mixing.; mixing, drag, coupling controls e.g., etau, langmuir, wave-related switches; standard surface forcing plus wave-induced fields from a spectral wave model ecwam when wave coupling is active; provides surface stokes drift, parameters for the vertical stokes drift profile, sea-state dependent water-side stress, breaking-wave tke flux used as upper boundary conditions in nemo.","a conceptual loose-coupling plan between a spectral wave model, an ocean circulation model. wave fields e.g., stokes drift, wave-modified stress, breaking-induced tke flux are provided to the ocean, the ocean can return surface currents, sea-ice fraction to the wave model. exchanges occur via files or a coupler at a coarse cadence no in-memory synchronization .; provides stokes_drift, wave-modified stress, wave-breaking tke flux to the ocean; provides surface currents, sea-ice concentration back to the wave model optional","A→AB:0.35 (covered: breaking, currents, drift, fraction, induced, optional, provides, spectral, stokes, stress, tke, wave) | B→AB:0.35 (covered: breaking, circulation, coupling, currents, drift, induced, provides, spectral, stokes, stress, tke, wave) | A∪B→AB:0.41 (covered: breaking, circulation, coupling, currents, drift, fraction, induced, optional, provides, spectral, stokes, stress, tke, wave) | uncovered_AB: are, back, between, cadence, can, coarse, concentration, conceptual, coupler, files, loose, memory, modified, no, occur, plan, provided, return, synchronization, via",Mismatch,INTENDED,(auxiliary) Semantic Mismatch / Description,PatternAgnostic,Domain,Deterministic,False,Mismatch,"Deterministic check: A→AB:0.35 (covered: breaking, currents, drift, fraction, induced, optional, provides, spectral, stokes, stress, tke, wave) | B→AB:0.35 (covered: breaking, circulation, coupling, currents, drift, induced, provides, spectral, stokes, stress, tke, wave) | A∪B→AB:0.41 (covered: breaking, circulation, coupling, currents, drift, fraction, induced, optional, provides, spectral, stokes, stress, tke, wave) | uncovered_AB: are, back, between, cadence, can, coarse, concentration, conceptual, coupler, files, loose, memory, modified, no, occur, plan, provided, return, synchronization, via",Introduce an explicit mediation/adaptation step to resolve this incompatibility before integration.
3,Semantic Mismatch,Keywords,Loose,Coverage threshold ≥ 0.50,wave modeling; spectral wave model; stokes drift; wind-wave interaction; wave-current interaction; surface roughness; sea-state dependent stress; tke flux from breaking waves,ocean circulation; mixed layer dynamics; stokes drift; sea-state dependent stress; wave-ocean coupling; tke flux; stokes-coriolis force,wave-ocean coupling; stokes drift; sea-state dependent stress; upper-ocean mixing; netcdf exchange; coupler,"A→AB:0.55 (covered: dependent, drift, state, stokes, stress, wave) | B→AB:0.64 (covered: coupling, dependent, drift, state, stokes, stress, wave) | A∪B→AB:0.64 (covered: coupling, dependent, drift, state, stokes, stress, wave) | uncovered_AB: coupler, mixing, netcdf, upper",Match,INTENDED,(auxiliary) Semantic Mismatch / Keywords,PatternAgnostic,Domain,Deterministic,False,Match,"Deterministic check: A→AB:0.55 (covered: dependent, drift, state, stokes, stress, wave) | B→AB:0.64 (covered: coupling, dependent, drift, state, stokes, stress, wave) | A∪B→AB:0.64 (covered: coupling, dependent, drift, state, stokes, stress, wave) | uncovered_AB: coupler, mixing, netcdf, upper",No adaptation required.
3,Semantic Mismatch,Model Type,Loose,Coverage threshold ≥ 0.50,mechanistic,mechanistic,mechanistic intended,A→AB:1.00 (covered: mechanistic) | B→AB:1.00 (covered: mechanistic) | A∪B→AB:1.00 (covered: mechanistic) | uncovered_AB: —,Match,INTENDED,(auxiliary) Semantic Mismatch / Model Type,PatternAgnostic,Domain,Deterministic,False,Match,Deterministic check: A→AB:1.00 (covered: mechanistic) | B→AB:1.00 (covered: mechanistic) | A∪B→AB:1.00 (covered: mechanistic) | uncovered_AB: —,No adaptation required.
3,Semantic Mismatch,Scope,Loose,Coverage threshold ≥ 0.50,"global, regional surface wave dynamics","global, regional ocean basins",regional or global upper-ocean systems influenced by surface waves,"A→AB:0.33 (covered: global, regional) | B→AB:0.33 (covered: global, regional) | A∪B→AB:0.33 (covered: global, regional) | uncovered_AB: influenced, systems, upper, waves",Mismatch,INTENDED,Scope Compatibility,PatternAgnostic,Domain,LLMAssisted,True,Mismatch,,
3,Semantic Mismatch,Purpose & Pattern,Loose,Coverage threshold ≥ 0.50,"simulate the ocean surface wave spectrum, provide wave-induced parameters for air-sea, wave-ocean interaction; standalone wave model, optionally coupled via flux / field exchange to atmosphere and / or ocean models","simulate 3d ocean currents, temperature, salinity, mixing, sea ice, with optional wave-aware upper-ocean physics; modular ocean core with optional coupling to waves, atmosphere via flux, field exchange","simulate bidirectional interactions between waves, ocean mixing / circulation; modular integration of wave model with ocean model via file / coupler exchange; loose","A→AB:0.21 (covered: simulate, via, wave) | B→AB:0.43 (covered: mixing, modular, simulate, via, wave, waves) | A∪B→AB:0.43 (covered: mixing, modular, simulate, via, wave, waves) | uncovered_AB: between, bidirectional, circulation, coupler, file, integration, interactions, loose",Mismatch,INTENDED,Purpose Compatibility,PatternAgnostic,Domain,LLMAssisted,True,Mismatch,,
3,Semantic Mismatch,Assumptions,Loose,Coverage threshold ≥ 0.50,"linear wave theory with parameterized source / sink terms; spectral representation in frequency-direction space; waves forced primarily by 10 m winds, dissipation via breaking, bottom friction; sea-state dependent drag formulation for air-sea momentum flux","boussinesq, hydrostatic primitive equations on a structured grid e.g., orca .; turbulence closures based on gls / tke schemes, additional empirical deep mixing etau may be applied.; surface boundary conditions combine air-sea fluxes and, in wave-aware runs, ecwam-derived stress, tke flux, stokes drift.; weak relaxation toward climatology at depth in some configurations.","components expose required variables drift, stress, fluxes, currents, sea-ice; cadence allows lagged feedback without every-step sync; units, sign conventions, grids can be harmonized remapping as needed","A→AB:0.00 (covered: —) | B→AB:0.14 (covered: be, drift, stress) | A∪B→AB:0.14 (covered: be, drift, stress) | uncovered_AB: allows, cadence, can, conventions, currents, every, expose, feedback, grids, harmonized, lagged, needed, remapping, required, sign, step, sync, units, without",Mismatch,INTENDED,Assumption Compatibility,PatternAgnostic,Domain,LLMAssisted,True,Mismatch,,
3,Conceptual Quality Gap,Links to Publications & Reports,Loose,Pattern-agnostic,"janssen, p. a. e. m. 2004. the interaction of ocean waves, wind.; breivik et al. 2015, jgr oceans, surface wave effects in the nemo ocean model - forced, coupled experiments.","madec, g. 2008 / 2012. nemo reference manual.; breivik et al. 2015, jgr oceans, surface wave effects in the nemo ocean model - forced, coupled experiments.",,Both provide metadata.,Match,INTENDED,Conceptual Quality Evidence,PatternAgnostic,Domain,LLMAssisted,True,Match,,
3,Conceptual Quality Gap,Authors’ Unique Identifier,Loose,Pattern-agnostic,"øyvind breivik; https, / / orcid.org / 0000-0001-7016-8023; model developer, wave-ocean coupling experiments, diagnostics","jean-marc molines; core developer nemo ocean dynamics, configurations; øyvind breivik; wave-ocean coupling implementation, experiment design",,Both provide metadata.,Match,INTENDED,Conceptual Quality Evidence,PatternAgnostic,Domain,LLMAssisted,True,Match,,
3,Conceptual Quality Gap,Conceptual Model Evaluation,Loose,Pattern-agnostic,"operational at ecmwf, physics thoroughly documented as a third-generation spectral wave model. in breivik et al. 2015 , ecwam-derived fluxes are shown to reduce sst, mixed-layer biases when used to force nemo.","widely validated in cmip, operational contexts. wave-aware experiments demonstrate that including sea-state dependent stress, stokes-coriolis forcing, wave-breaking tke flux reduces sst, mixed-layer biases, yields a more realistic ocean heat content trend relative to oras4.",,Both provide metadata.,Match,INTENDED,Conceptual Quality Evidence,PatternAgnostic,Domain,LLMAssisted,True,Match,,
3,Conceptual Quality Gap,Calibration Tools/Data,Loose,Pattern-agnostic,"operationally tuned, validated against satellite altimetry, buoy observations, reanalysis products e.g., era-interim wave reanalysis .","tuned using observed climatologies, reanalyses, including oras4, en3 temperature, salinity profiles, oi_v2 sst. wave-aware experiments compare ocean-only, coupled runs against these datasets.",,Both provide metadata.,Match,INTENDED,Conceptual Quality Evidence,PatternAgnostic,Domain,LLMAssisted,True,Match,,
3,Conceptual Quality Gap,Validation Capabilities,Loose,Pattern-agnostic,"validated in hindcast, operational forecast modes versus buoy, satellite significant wave height, mean period, directional spectra.","comparison with argo / en3 profiles, sst analyses e.g., oi_v2 , altimetry, sea-ice datasets via lim , ocean reanalyses e.g., oras4 . wave-aware configurations evaluated using control vs wave-effect experiments ctrl, tauoc, wtke, stcor, wave .",,Both provide metadata.,Match,INTENDED,Conceptual Quality Evidence,PatternAgnostic,Domain,LLMAssisted,True,Match,,
3,Conceptual Quality Gap,Sensitivity Analysis,Loose,Pattern-agnostic,"tuning of drag, dissipation, nonlinear source terms, sensitivity to spectral resolution, wind forcing products.","parameter sensitivity of mixing etau, langmuir mixing , drag formulations, wave-effect options on / off . experiments such as nolc no langmuir , noetau no etau quantify the relative impact of langmuir versus empirical deep mixing.",,Both provide metadata.,Match,INTENDED,Conceptual Quality Evidence,PatternAgnostic,Domain,LLMAssisted,True,Match,,
3,Conceptual Quality Gap,Uncertainty Analysis,Loose,Pattern-agnostic,"scenario, ensemble configurations using alternative drag / mixing parameterizations, forcings.","ensemble, scenario runs with different mixing configurations, forcings era-interim vs others , coupling setups forced vs fully coupled ifs-ecwam-nemo .",,Both provide metadata.,Match,INTENDED,Conceptual Quality Evidence,PatternAgnostic,Domain,LLMAssisted,True,Match,,
3,Data Schema Mismatch,A.output,Loose,A.output ↔ B.input (≥1),significant_wave_height # m; stokes_drift_surface_u # m s^-1; stokes_drift_surface_v # m s^-1; stokes_drift_profile_parameters # e-folding depth / inverse scale m^-1; wave_modified_stress_to_ocean # n m^-2 water-side stress factor; wave_breaking_tke_flux # w m^-2; spectral_density # m^2 hz^-1 per direction bin,stokes_drift_surface_u # m s^-1; stokes_drift_surface_v # m s^-1; stokes_profile_scale # m^-1; inverse depth scale for stokes drift profile; wave_modified_stress_to_ocean # n m^-2 ratio or absolute water-side stress; wave_breaking_tke_flux # w m^-2; sea_ice_concentration # 0-1 from wave / ice system or external forcing; standard atmospheric forcing heat; freshwater; momentum; standard surface forcing plus wave-induced fields from a spectral wave model ecwam when wave coupling is active; provides surface stokes drift; parameters for the vertical stokes drift profile; sea-state dependent water-side stress; breaking-wave tke flux used as upper boundary conditions in nemo.; surface wind stress; heat / freshwater fluxes e.g.; era-interim; runoff; restoring fields; sea-ice fields if lim is enabled,,stokes_drift_surface_u # m s^-1 ↔ stokes_drift_surface_u # m s^-1 (1.00); stokes_drift_surface_v # m s^-1 ↔ stokes_drift_surface_u # m s^-1 (1.00); stokes_drift_profile_parameters # e-folding depth / inverse scale m^-1 ↔ inverse depth scale for stokes drift profile (0.67); wave_modified_stress_to_ocean # n m^-2 water-side stress factor ↔ wave_modified_stress_to_ocean # n m^-2 ratio or absolute water-side stress (0.62); wave_breaking_tke_flux # w m^-2 ↔ wave_breaking_tke_flux # w m^-2 (1.00),Match,INTENDED,Variable Semantic Compatibility,InformationLevel,Information,LLMAssisted,True,Match,,
3,Data Schema Mismatch,B.output,Loose,B.output ↔ A.input (≥1),sea_surface_temperature # °c; sea_surface_salinity # psu; surface_current_u # m s^-1; surface_current_v # m s^-1; mixed_layer_depth # m; sea_ice_concentration # 0-1 if lim enabled; surface_stress_to_atmosphere # n m^-2 diagnostic; may differ from water-side stress; wave-aware diagnostics e.g.; contribution of stokes-coriolis forcing; tke budgets,wind_u10 # m s^-1; wind_v10 # m s^-1; sea_ice_concentration # 0-1 optional; attenuation; drag regime; surface_current_u # m s^-1 optional; from ocean model; surface_current_v # m s^-1 optional; atmospheric winds; ice fields; optional ocean / ice modifiers; optional surface currents; sea-ice fraction for wave-current; wave-ice effects in coupled mode e.g.; ifs-ecwam-nemo framework .; 10 m wind u10; v10; sea-ice concentration attenuation; drag regime selection; bathymetry; coastlines,,surface_current_u # m s^-1 ↔ surface_current_u # m s^-1 optional (0.90); surface_current_v # m s^-1 ↔ surface_current_v # m s^-1 optional (0.90),Match,INTENDED,Variable Semantic Compatibility,InformationLevel,Information,LLMAssisted,True,Match,,
3,Data Schema Mismatch,(A or B).input vs AB.input,Loose,(A or B).input ↔ AB.input (similarity>0),A.in:wind_u10 # m s^-1; wind_v10 # m s^-1; sea_ice_concentration # 0-1 optional; attenuation; drag regime; surface_current_u # m s^-1 optional; from ocean model; surface_current_v # m s^-1 optional; atmospheric winds; ice fields; optional ocean / ice modifiers; optional surface currents; sea-ice fraction for wave-current; wave-ice effects in coupled mode e.g.; ifs-ecwam-nemo framework .; 10 m wind u10; v10; sea-ice concentration attenuation; drag regime selection; bathymetry; coastlines | B.in:stokes_drift_surface_u # m s^-1; stokes_drift_surface_v # m s^-1; stokes_profile_scale # m^-1; inverse depth scale for stokes drift profile; wave_modified_stress_to_ocean # n m^-2 ratio or absolute water-side stress; wave_breaking_tke_flux # w m^-2; sea_ice_concentration # 0-1 from wave / ice system or external forcing; standard atmospheric forcing heat; freshwater; momentum; standard surface forcing plus wave-induced fields from a spectral wave model ecwam when wave coupling is active; provides surface stokes drift; parameters for the vertical stokes drift profile; sea-state dependent water-side stress; breaking-wave tke flux used as upper boundary conditions in nemo.; surface wind stress; heat / freshwater fluxes e.g.; era-interim; runoff; restoring fields; sea-ice fields if lim is enabled,,(none),max=0.00 | missing: AB.input,Missing,INTENDED,Variable Semantic Compatibility,InformationLevel,Information,LLMAssisted,True,Gap,,
3,Data Schema Mismatch,(A or B).output vs AB.output,Loose,(A or B).output ↔ AB.output (similarity>0),A.out:significant_wave_height # m; stokes_drift_surface_u # m s^-1; stokes_drift_surface_v # m s^-1; stokes_drift_profile_parameters # e-folding depth / inverse scale m^-1; wave_modified_stress_to_ocean # n m^-2 water-side stress factor; wave_breaking_tke_flux # w m^-2; spectral_density # m^2 hz^-1 per direction bin | B.out:sea_surface_temperature # °c; sea_surface_salinity # psu; surface_current_u # m s^-1; surface_current_v # m s^-1; mixed_layer_depth # m; sea_ice_concentration # 0-1 if lim enabled; surface_stress_to_atmosphere # n m^-2 diagnostic; may differ from water-side stress; wave-aware diagnostics e.g.; contribution of stokes-coriolis forcing; tke budgets,,coupled history of wave; ocean exchange fields per coupling interval,max=0.10,Match,INTENDED,Variable Semantic Compatibility,InformationLevel,Information,LLMAssisted,True,Match,,
3,Temporal Resolution Mismatch,time_steps_temporal_resolution,Loose,Common exchanged variables align semantically (or a declared conversion bridges them),"hourly to 3-hourly e.g., 3-hourly coupling fields","internal time step ~3600 s, output daily to monthly, coupling interval ~3 h when coupled",,A<->B token-sim=0.09 (>0 means aligned),Match,INTENDED,Temporal Resolution Compatibility,InformationLevel,Information,Deterministic,True,Match,Deterministic check: A<->B token-sim=0.09 (>0 means aligned),No adaptation required.
3,Temporal Coverage Mismatch,temporal_extent_coverage,Loose,Common exchanged variables align semantically (or a declared conversion bridges them),"days to multiple decades e.g., 1979-2009 hindcasts","multi-decadal to centennial simulations e.g., 1979-2009 integrations",,A<->B token-sim=0.11 (>0 means aligned),Match,INTENDED,(auxiliary) Temporal Coverage Mismatch / temporal_extent_coverage,RuntimeLevel,Information,Deterministic,False,Match,Deterministic check: A<->B token-sim=0.11 (>0 means aligned),No adaptation required.
3,Spatial Resolution Mismatch,spatial_resolution,Loose,Common exchanged variables align semantically (or a declared conversion bridges them),"typically 1.0°-1 / 4° 1.0° in era-interim configuration, 1.5° in coupled seasonal runs","typically 1° for orca1 global, uppermost level thickness ~10 m, finer possible in regional setups",,A<->B token-sim=0.05 (>0 means aligned),Match,INTENDED,Spatial Resolution Compatibility,InformationLevel,Information,Deterministic,True,Match,Deterministic check: A<->B token-sim=0.05 (>0 means aligned),No adaptation required.
3,Spatial Coverage Mismatch,spatial_extent_coverage,Loose,Common exchanged variables align semantically (or a declared conversion bridges them),global or regional ocean surface,"global ocean or regional subdomains e.g., orca1 global configuration",,A<->B token-sim=0.40 (>0 means aligned),Match,INTENDED,(auxiliary) Spatial Coverage Mismatch / spatial_extent_coverage,RuntimeLevel,Information,Deterministic,False,Match,Deterministic check: A<->B token-sim=0.40 (>0 means aligned),No adaptation required.
3,Dimensionality Mismatch,dimensionality,Loose,Common exchanged variables align semantically (or a declared conversion bridges them),2d spatial + 2d spectral frequency × direction,3d,,A<->B token-sim=0.00 (not aligned) and no resampling/conversion policy is declared.,Mismatch,INTENDED,Dimensionality Compatibility,InformationLevel,Information,Deterministic,True,Mismatch,Deterministic check: A<->B token-sim=0.00 (not aligned) and no resampling/conversion policy is declared.,Aggregate or disaggregate the exchanged variable to the dimensionality required by the receiving model.
3,Unit Mismatch,A.output(stokes_drift_surface_u # m s^-1) -> B.input(stokes_drift_surface_u # m s^-1),Loose,Both sides must declare a unit for the exchanged variable,,As indicated inline,,Unit not declared on one or both sides.,Missing,INTENDED,Unit Compatibility,InformationLevel,Information,Deterministic,True,Gap,Deterministic check: Unit not declared on one or both sides.,Provide the missing metadata field(s) for both models before this constraint can be assessed.
3,Unit Mismatch,A.output(stokes_drift_surface_v # m s^-1) -> B.input(stokes_drift_surface_u # m s^-1),Loose,Both sides must declare a unit for the exchanged variable,,As indicated inline,,Unit not declared on one or both sides.,Missing,INTENDED,Unit Compatibility,InformationLevel,Information,Deterministic,True,Gap,Deterministic check: Unit not declared on one or both sides.,Provide the missing metadata field(s) for both models before this constraint can be assessed.
3,Unit Mismatch,A.output(stokes_drift_profile_parameters # e-folding depth / inverse scale m^-1) -> B.input(inverse depth scale for stokes drift profile),Loose,Both sides must declare a unit for the exchanged variable,,,,Unit not declared on one or both sides.,Missing,INTENDED,Unit Compatibility,InformationLevel,Information,Deterministic,True,Gap,Deterministic check: Unit not declared on one or both sides.,Provide the missing metadata field(s) for both models before this constraint can be assessed.
3,Unit Mismatch,A.output(wave_modified_stress_to_ocean # n m^-2 water-side stress factor) -> B.input(wave_modified_stress_to_ocean # n m^-2 ratio or absolute water-side stress),Loose,Both sides must declare a unit for the exchanged variable,,,,Unit not declared on one or both sides.,Missing,INTENDED,Unit Compatibility,InformationLevel,Information,Deterministic,True,Gap,Deterministic check: Unit not declared on one or both sides.,Provide the missing metadata field(s) for both models before this constraint can be assessed.
3,Unit Mismatch,A.output(wave_breaking_tke_flux # w m^-2) -> B.input(wave_breaking_tke_flux # w m^-2),Loose,Both sides must declare a unit for the exchanged variable,,,,Unit not declared on one or both sides.,Missing,INTENDED,Unit Compatibility,InformationLevel,Information,Deterministic,True,Gap,Deterministic check: Unit not declared on one or both sides.,Provide the missing metadata field(s) for both models before this constraint can be assessed.
3,Unit Mismatch,B.output(surface_current_u # m s^-1) -> A.input(surface_current_u # m s^-1 optional),Loose,Both sides must declare a unit for the exchanged variable,,,,Unit not declared on one or both sides.,Missing,INTENDED,Unit Compatibility,InformationLevel,Information,Deterministic,True,Gap,Deterministic check: Unit not declared on one or both sides.,Provide the missing metadata field(s) for both models before this constraint can be assessed.
3,Unit Mismatch,B.output(surface_current_v # m s^-1) -> A.input(surface_current_v # m s^-1 optional),Loose,Both sides must declare a unit for the exchanged variable,,,,Unit not declared on one or both sides.,Missing,INTENDED,Unit Compatibility,InformationLevel,Information,Deterministic,True,Gap,Deterministic check: Unit not declared on one or both sides.,Provide the missing metadata field(s) for both models before this constraint can be assessed.
3,Communication Mechanism Mismatch,communication_mechanism,Loose,Pattern-graded requirement,,,,Both sides or AB canonical interface required.,Missing,INTENDED,Interface Compatibility,RuntimeLevel,Computational,LLMAssisted,True,Gap,,
3,Error Handling Mismatch,error_handling,Loose,Pattern-graded requirement,"built-in diagnostics, stability checks in spectral space, flags for unphysical energy growth, numerical instabilities.","diagnostics for cfl stability, nans, spurious velocities, support for regular restart files, logging of failures in vertical mixing, surface boundary conditions.",,Both A and B or AB canonical required.,Match,INTENDED,Error-Handling Compatibility,RuntimeLevel,Computational,LLMAssisted,True,Match,,
3,Execution Instruction Gap,execution_instructions,Loose,Require A or B,"configure spectral, spatial grids, physics options, boundary conditions. run with wind forcing e.g., ecmwf analyses or forecasts , grid configuration, time step settings. when coupled, ecwam is called from the coupler or atmospheric model with tight time stepping to provide sea surface roughness, wave-related fields.","configure via namelists domain, physics options, forcing files . compile nemo with appropriate cpp keys e.g., wave-related physics, lim2 . supply grid, bathymetry, forcing, initial condition files. for wave-aware runs, enable reading of ecwam wave fields or coupling interface, specify how they enter the surface boundary conditions.",,At least one side must provide.,Match,INTENDED,Execution Environment Compatibility,RuntimeLevel,Technology,LLMAssisted,True,Match,,
3,Parallel Execution Incompatibility,parallel_execution,Loose,Pattern-graded requirement,true,true,co-run or sequential per coupling cycle,Loose requires at least one side (or AB) to declare this.,Match,INTENDED,Execution Constraint Compatibility,RuntimeLevel,Engineering,LLMAssisted,True,Match,,
3,Execution Constraint Mismatch,execution_constraints,Loose,Pattern-graded requirement,"when coupled, fields must be interpolated from the wave grid e.g., 1.5° global to the ocean or atmospheric grid e.g., orca1 for nemo . care is required near coasts, ice edges where land-sea / ice masks differ.","when coupled to ecwam, ifs, ensure consistent coupling interval e.g., 3 h , grid remapping. wave-related fields must be applied at the top level, correctly averaged over its thickness to avoid over / under-mixing.","coordinate coupling interval e.g., hourly-3-hourly , remap grids as needed, no requirement for same timestep",Loose requires at least one side (or AB) to declare this.,Match,INTENDED,Execution Ordering Compatibility,RuntimeLevel,Engineering,Deterministic,True,Match,Deterministic check: Loose requires at least one side (or AB) to declare this.,No adaptation required.
3,Acknowledgment Protocol Mismatch,acknowledgment_protocols,Loose,Pattern-graded requirement,,,,Loose requires at least one side (or AB) to declare this.,Missing,INTENDED,Synchronization Compatibility,RuntimeLevel,Engineering,LLMAssisted,True,Gap,,
3,Latency Expectation Mismatch,latency_expectations,Loose,Pattern-graded requirement,typically produces coupling fields at 1-3-hourly cadence.,typical field exchange hourly-3-hourly when used in ab configurations.,exchange at coarse cadence hourly-3-hourly typical,Loose requires at least one side (or AB) to declare this.,Match,INTENDED,Latency Compatibility,RuntimeLevel,Engineering,LLMAssisted,True,Match,,
3,Data Synchronization,data_synchronization,Loose,Pattern-graded requirement,"wave outputs are written or passed via coupler at each coupling interval, may be time-interpolated to ocean model time steps.","in forced mode, ecwam-derived fields are read from offline archives era-interim based . in coupled mode, fluxes, wave fields are exchanged via the coupler or single executable at each coupling interval.","file / coupler-based, lagged exchange no in-memory sync",Loose requires at least one declaration of synchronization.,Match,INTENDED,Synchronization Compatibility,RuntimeLevel,Engineering,LLMAssisted,True,Match,,
3,Programming Language Incompatibility,programming_language,Loose,Pattern-graded similarity/equality,fortran,fortran 90,,A↔B token-sim=0.50 (> 0.00),Match,INTENDED,Execution Environment Compatibility,RuntimeLevel,Technology,LLMAssisted,True,Match,,
3,Source Code Availability Gap,availability_of_source_code (A),Loose,Presence required,,,,A provides metadata,Missing,INTENDED,(auxiliary) Source Code Availability Gap / availability_of_source_code (A),RuntimeLevel,Technology,Deterministic,False,Gap,Deterministic check: A provides metadata,Provide the missing metadata field(s) for both models before this constraint can be assessed.
3,Source Code Availability Gap,availability_of_source_code (B),Loose,Optional at this pattern,,,,Optional.,Match,INTENDED,(auxiliary) Source Code Availability Gap / availability_of_source_code (B),RuntimeLevel,Technology,Deterministic,False,Match,Deterministic check: Optional.,No adaptation required.
3,Implementation Verification Gap,implementation_verification (A),Loose,Presence required,"benchmarked against buoy, satellite observations, used operationally in ecmwf’s integrated forecasting system ifs , era-interim reanalysis.; standard diagnostics comparing significant wave height, mean period against buoys, altimeters, consistency checks on stress, tke flux magnitudes under typical wind speeds.",,,A provides metadata,Match,INTENDED,(auxiliary) Implementation Verification Gap / implementation_verification (A),RuntimeLevel,Technology,Deterministic,False,Match,Deterministic check: A provides metadata,No adaptation required.
3,Implementation Verification Gap,implementation_verification (B),Loose,Presence required,"reference configurations, test cases supplied with nemo, breivik et al. 2015 provide additional verification for wave-aware physics via multi-experiment comparison.; compared with observations, reanalyses en3, oi_v2 sst, oras4 . wave-aware runs show reduced sst, subsurface temperature biases, particularly in the extratropics.",,,B provides metadata,Match,INTENDED,(auxiliary) Implementation Verification Gap / implementation_verification (B),RuntimeLevel,Technology,Deterministic,False,Match,Deterministic check: B provides metadata,No adaptation required.
3,Software Environment Mismatch,software_specification_and_requirements,Loose,Pattern-graded similarity/equality,"fortran compiler, netcdf i / o, mpi, ecmwf wave physics libraries; 10 m wind u10, v10; sea-ice concentration attenuation, drag regime selection; bathymetry, coastlines","mpi, netcdf, parallel decomposition libraries e.g., metis / parmetis , optional coupler support; surface wind stress, heat / freshwater fluxes e.g., era-interim; runoff, restoring fields; sea-ice fields if lim is enabled","netcdf i / o, optional coupler e.g., oasis-mct , regridding tools",A↔B token-sim=0.14 (> 0.00),Match,INTENDED,Execution Environment Compatibility,RuntimeLevel,Technology,LLMAssisted,True,Match,,
3,Hardware Resource Mismatch,hardware_specification_and_requirements,Loose,Pattern-graded similarity/equality,hpc or workstation global multi-decadal hindcasts typically on hpc,parallel hpc cluster for global multi-decadal runs,,A↔B token-sim=0.33 (> 0.00),Match,INTENDED,Execution Environment Compatibility,RuntimeLevel,Technology,LLMAssisted,True,Match,,
3,Distribution Version Mismatch,distribution_version,Loose,Pattern-graded similarity/equality,cy38r1,v3.4 orca1l42 + lim2 configuration,,A↔B token-sim=0.00 (> 0.00),Mismatch,INTENDED,Execution Environment Compatibility,RuntimeLevel,Technology,LLMAssisted,True,Mismatch,,
3,File Format Mismatch,file_formats,Loose,Presence required,,,,Neither provides metadata.,Missing,INTENDED,Data Format Compatibility,InformationLevel,Information,Deterministic,True,Gap,Deterministic check: Neither provides metadata.,Provide the missing metadata field(s) for both models before this constraint can be assessed.
3,License Incompatibility,license,Loose,Pattern-graded requirement,"ecmwf license non-commercial research use, subject to ecmwf data policy",cecill-c nemo core,,A↔B token-sim=0.00 (> 0.00),Mismatch,INTENDED,License Compatibility,RuntimeLevel,Technology,LLMAssisted,True,Mismatch,,
3,Landing Page Gap,landing_page (A),Loose,Presence required,"https, / / www.ecmwf.int / en / research / modelling-and-prediction / wave-model",,,A provides landing page,Match,INTENDED,(auxiliary) Landing Page Gap / landing_page (A),RuntimeLevel,Technology,Deterministic,False,Match,Deterministic check: A provides landing page,No adaptation required.
3,Landing Page Gap,landing_page (B),Loose,Presence required,"https, / / www.nemo-ocean.eu /",,,B provides landing page,Match,INTENDED,(auxiliary) Landing Page Gap / landing_page (B),RuntimeLevel,Technology,Deterministic,False,Match,Deterministic check: B provides landing page,No adaptation required.
3,Operating Environment Mismatch,operating_system,Loose,Declared operating systems must overlap,,,,Operating system not declared on one or both sides.,Missing,INTENDED,Operating Environment Compatibility,RuntimeLevel,Technology,Deterministic,True,Gap,Deterministic check: Operating system not declared on one or both sides.,Provide the missing metadata field(s) for both models before this constraint can be assessed.
3,Semantic Mismatch,Title,Loose,Coverage threshold ≥ 0.50,"ecwam, ecmwf wave model; wave_model_parameters; øyvind breivik","nemo, nucleus for european modelling of the ocean; nemo_config_parameters; jean-marc molines; øyvind breivik",coupled nemo-ecwam ocean-wave modeling system; coupling_params; øyvind breivik; jean-marc molines,"A→AB:0.33 (covered: breivik, ecwam, wave, yvind) | B→AB:0.50 (covered: breivik, jean, marc, molines, nemo, yvind) | A∪B→AB:0.67 (covered: breivik, ecwam, jean, marc, molines, nemo, wave, yvind) | uncovered_AB: coupling, modeling, params, system",Match,INTEGRATED,(auxiliary) Semantic Mismatch / Title,PatternAgnostic,Domain,Deterministic,False,Match,"Deterministic check: A→AB:0.33 (covered: breivik, ecwam, wave, yvind) | B→AB:0.50 (covered: breivik, jean, marc, molines, nemo, yvind) | A∪B→AB:0.67 (covered: breivik, ecwam, jean, marc, molines, nemo, wave, yvind) | uncovered_AB: coupling, modeling, params, system",No adaptation required.
3,Semantic Mismatch,Model Version,Loose,A or B must equal AB exactly,cy38r1 as used in breivik et al. 2015; 2015; v3.4,v3.4 configuration used in breivik et al. 2015; 2015; cy38r1,nemo v3.4 + ecwam cy38r1; 2015; cy38r1; v3.4,A==AB:×; B==AB:×,Mismatch,INTEGRATED,(auxiliary) Semantic Mismatch / Model Version,PatternAgnostic,Domain,Deterministic,False,Mismatch,Deterministic check: A==AB:×; B==AB:×,Introduce an explicit mediation/adaptation step to resolve this incompatibility before integration.
3,Semantic Mismatch,Description,Loose,Coverage threshold ≥ 0.50,"a third-generation spectral wave model developed by ecmwf to simulate surface gravity waves. it solves the wave action balance equation in frequency-direction space, computes the evolution of the wave spectrum, including energy input from wind, nonlinear interactions, dissipation by whitecapping, bottom friction, depth-induced breaking. in the breivik et al. 2015 configuration, ecwam provides stokes drift, water-side stress, turbulent kinetic energy tke flux to nemo.; growth, dissipation, nonlinear interaction coefficients, spectral discretization controls; atmospheric winds, ice fields, optional ocean / ice modifiers; optional surface currents, sea-ice fraction for wave-current, wave-ice effects in coupled mode e.g., ifs-ecwam-nemo framework .","a state-of-the-art ocean general circulation model for simulating the global ocean, including thermohaline circulation, upper-ocean mixing, sea ice. in the wave-aware configuration of breivik et al. 2015 , nemo ingests stokes drift, sea-state dependent water-side stress, wave-breaking turbulent kinetic energy tke flux from ecwam to represent surface wave effects on currents, mixing.; mixing, drag, coupling controls e.g., etau, langmuir, wave-related switches; standard surface forcing plus wave-induced fields from a spectral wave model ecwam when wave coupling is active; provides surface stokes drift, parameters for the vertical stokes drift profile, sea-state dependent water-side stress, breaking-wave tke flux used as upper boundary conditions in nemo.","a coupled wave-ocean modeling system integrating nemo ocean general circulation model , ecwam spectral wave model to account for surface wave effects in ocean dynamics. in the breivik et al. 2015 configuration, ecwam provides sea-state dependent surface stress, stokes drift, turbulent kinetic energy tke flux from breaking waves to nemo, which in turn updates upper-ocean temperature, currents, mixed layer depth. the system can be run in ocean-only forced mode nemo forced by ecwam fields derived from era-interim or as part of a fully coupled ifs-ecwam-nemo configuration.; coupling interval, selection of wave effects tauoc, wtke, stcor , mapping options between grids; stokes drift surface vector, profile parameters, wave-modified water-side stress, wave-breaking tke flux used as boundary conditions in nemo.; sea surface temperature, surface currents fed back to the atmospheric model ifs , indirectly influencing ecwam via changes in stress, roughness.","A→AB:0.35 (covered: 2015, al, atmospheric, breaking, breivik, configuration, currents, depth, drift, ecwam, effects, energy, et, ifs, kinetic, mode, nemo, provides, side, spectral, stokes, stress, tke, turbulent, water, wave, waves) | B→AB:0.43 (covered: 2015, al, boundary, breaking, breivik, circulation, conditions, configuration, coupling, currents, dependent, drift, ecwam, effects, energy, et, general, kinetic, nemo, parameters, profile, provides, side, spectral, state, stokes, stress, tke, turbulent, upper, used, water, wave) | A∪B→AB:0.49 (covered: 2015, al, atmospheric, boundary, breaking, breivik, circulation, conditions, configuration, coupling, currents, dependent, depth, drift, ecwam, effects, energy, et, general, ifs, kinetic, mode, nemo, parameters, profile, provides, side, spectral, state, stokes, stress, tke, turbulent, upper, used, water, wave, waves) | uncovered_AB: account, back, be, between, can, changes, derived, dynamics, era, fed, forced, fully, grids, indirectly, influencing, integrating, interim, interval, layer, mapping, mixed, modeling, modified, only, options, part, roughness, run, selection, stcor, system, tauoc, temperature, turn, updates, vector, via, which, wtke",Mismatch,INTEGRATED,(auxiliary) Semantic Mismatch / Description,PatternAgnostic,Domain,Deterministic,False,Mismatch,"Deterministic check: A→AB:0.35 (covered: 2015, al, atmospheric, breaking, breivik, configuration, currents, depth, drift, ecwam, effects, energy, et, ifs, kinetic, mode, nemo, provides, side, spectral, stokes, stress, tke, turbulent, water, wave, waves) | B→AB:0.43 (covered: 2015, al, boundary, breaking, breivik, circulation, conditions, configuration, coupling, currents, dependent, drift, ecwam, effects, energy, et, general, kinetic, nemo, parameters, profile, provides, side, spectral, state, stokes, stress, tke, turbulent, upper, used, water, wave) | A∪B→AB:0.49 (covered: 2015, al, atmospheric, boundary, breaking, breivik, circulation, conditions, configuration, coupling, currents, dependent, depth, drift, ecwam, effects, energy, et, general, ifs, kinetic, mode, nemo, parameters, profile, provides, side, spectral, state, stokes, stress, tke, turbulent, upper, used, water, wave, waves) | uncovered_AB: account, back, be, between, can, changes, derived, dynamics, era, fed, forced, fully, grids, indirectly, influencing, integrating, interim, interval, layer, mapping, mixed, modeling, modified, only, options, part, roughness, run, selection, stcor, system, tauoc, temperature, turn, updates, vector, via, which, wtke",Introduce an explicit mediation/adaptation step to resolve this incompatibility before integration.
3,Semantic Mismatch,Keywords,Loose,Coverage threshold ≥ 0.50,wave modeling; spectral wave model; stokes drift; wind-wave interaction; wave-current interaction; surface roughness; sea-state dependent stress; tke flux from breaking waves,ocean circulation; mixed layer dynamics; stokes drift; sea-state dependent stress; wave-ocean coupling; tke flux; stokes-coriolis force,wave-ocean interaction; stokes drift; ocean mixing; coupled modeling; surface stress; tke injection; stokes-coriolis force,"A→AB:0.64 (covered: drift, interaction, modeling, stokes, stress, tke, wave) | B→AB:0.64 (covered: coriolis, drift, force, stokes, stress, tke, wave) | A∪B→AB:0.82 (covered: coriolis, drift, force, interaction, modeling, stokes, stress, tke, wave) | uncovered_AB: injection, mixing",Match,INTEGRATED,(auxiliary) Semantic Mismatch / Keywords,PatternAgnostic,Domain,Deterministic,False,Match,"Deterministic check: A→AB:0.64 (covered: drift, interaction, modeling, stokes, stress, tke, wave) | B→AB:0.64 (covered: coriolis, drift, force, stokes, stress, tke, wave) | A∪B→AB:0.82 (covered: coriolis, drift, force, interaction, modeling, stokes, stress, tke, wave) | uncovered_AB: injection, mixing",No adaptation required.
3,Semantic Mismatch,Model Type,Loose,Coverage threshold ≥ 0.50,mechanistic,mechanistic,mechanistic,A→AB:1.00 (covered: mechanistic) | B→AB:1.00 (covered: mechanistic) | A∪B→AB:1.00 (covered: mechanistic) | uncovered_AB: —,Match,INTEGRATED,(auxiliary) Semantic Mismatch / Model Type,PatternAgnostic,Domain,Deterministic,False,Match,Deterministic check: A→AB:1.00 (covered: mechanistic) | B→AB:1.00 (covered: mechanistic) | A∪B→AB:1.00 (covered: mechanistic) | uncovered_AB: —,No adaptation required.
3,Semantic Mismatch,Scope,Loose,Coverage threshold ≥ 0.50,"global, regional surface wave dynamics","global, regional ocean basins","global, regional oceans with wave-affected surface layer dynamics","A→AB:0.57 (covered: dynamics, global, regional, wave) | B→AB:0.29 (covered: global, regional) | A∪B→AB:0.57 (covered: dynamics, global, regional, wave) | uncovered_AB: affected, layer, oceans",Match,INTEGRATED,Scope Compatibility,PatternAgnostic,Domain,LLMAssisted,True,Match,,
3,Semantic Mismatch,Purpose & Pattern,Loose,Coverage threshold ≥ 0.50,"simulate the ocean surface wave spectrum, provide wave-induced parameters for air-sea, wave-ocean interaction; standalone wave model, optionally coupled via flux / field exchange to atmosphere and / or ocean models","simulate 3d ocean currents, temperature, salinity, mixing, sea ice, with optional wave-aware upper-ocean physics; modular ocean core with optional coupling to waves, atmosphere via flux, field exchange","simulate realistic ocean dynamics including surface wave effects on mixing, momentum flux, upper-ocean structure; two-way earth-system coupling ifs-ecwam-nemo with direct flux forcing from the wave model to the ocean, indirect feedback from ocean currents, sst to the wave, atmospheric components.; loose","A→AB:0.08 (covered: simulate, wave) | B→AB:0.23 (covered: coupling, currents, mixing, simulate, upper, wave) | A∪B→AB:0.23 (covered: coupling, currents, mixing, simulate, upper, wave) | uncovered_AB: atmospheric, direct, dynamics, earth, ecwam, effects, feedback, forcing, ifs, including, indirect, loose, momentum, nemo, realistic, sst, structure, system, two, way",Mismatch,INTEGRATED,Purpose Compatibility,PatternAgnostic,Domain,LLMAssisted,True,Mismatch,,
3,Semantic Mismatch,Assumptions,Loose,Coverage threshold ≥ 0.50,"linear wave theory with parameterized source / sink terms; spectral representation in frequency-direction space; waves forced primarily by 10 m winds, dissipation via breaking, bottom friction; sea-state dependent drag formulation for air-sea momentum flux","boussinesq, hydrostatic primitive equations on a structured grid e.g., orca .; turbulence closures based on gls / tke schemes, additional empirical deep mixing etau may be applied.; surface boundary conditions combine air-sea fluxes and, in wave-aware runs, ecwam-derived stress, tke flux, stokes drift.; weak relaxation toward climatology at depth in some configurations.","stokes drift modifies upper-ocean momentum through the stokes-coriolis term.; wave breaking injects turbulence tke at the surface, enhancing upper-ocean mixing.; sea-state dependent stress alters momentum input into the ocean relative to air-side stress.; coupling fields can be exchanged at discrete intervals e.g., 3-hourly without fully synchronous time stepping.; grid remapping between ecwam, nemo and ifs preserves key flux integrals.","A→AB:0.14 (covered: air, breaking, dependent, momentum, state, wave) | B→AB:0.26 (covered: air, be, drift, ecwam, grid, mixing, stokes, stress, tke, turbulence, wave) | A∪B→AB:0.35 (covered: air, be, breaking, dependent, drift, ecwam, grid, mixing, momentum, state, stokes, stress, tke, turbulence, wave) | uncovered_AB: alters, between, can, coriolis, coupling, discrete, enhancing, exchanged, fully, hourly, ifs, injects, integrals, intervals, key, modifies, nemo, preserves, relative, remapping, side, stepping, synchronous, term, through, time, upper, without",Mismatch,INTEGRATED,Assumption Compatibility,PatternAgnostic,Domain,LLMAssisted,True,Mismatch,,
3,Conceptual Quality Gap,Links to Publications & Reports,Loose,Pattern-agnostic,"janssen, p. a. e. m. 2004. the interaction of ocean waves, wind.; breivik et al. 2015, jgr oceans, surface wave effects in the nemo ocean model - forced, coupled experiments.","madec, g. 2008 / 2012. nemo reference manual.; breivik et al. 2015, jgr oceans, surface wave effects in the nemo ocean model - forced, coupled experiments.",,Both provide metadata.,Match,INTEGRATED,Conceptual Quality Evidence,PatternAgnostic,Domain,LLMAssisted,True,Match,,
3,Conceptual Quality Gap,Authors’ Unique Identifier,Loose,Pattern-agnostic,"øyvind breivik; https, / / orcid.org / 0000-0001-7016-8023; model developer, wave-ocean coupling experiments, diagnostics","jean-marc molines; core developer nemo ocean dynamics, configurations; øyvind breivik; wave-ocean coupling implementation, experiment design",,Both provide metadata.,Match,INTEGRATED,Conceptual Quality Evidence,PatternAgnostic,Domain,LLMAssisted,True,Match,,
3,Conceptual Quality Gap,Conceptual Model Evaluation,Loose,Pattern-agnostic,"operational at ecmwf, physics thoroughly documented as a third-generation spectral wave model. in breivik et al. 2015 , ecwam-derived fluxes are shown to reduce sst, mixed-layer biases when used to force nemo.","widely validated in cmip, operational contexts. wave-aware experiments demonstrate that including sea-state dependent stress, stokes-coriolis forcing, wave-breaking tke flux reduces sst, mixed-layer biases, yields a more realistic ocean heat content trend relative to oras4.",,Both provide metadata.,Match,INTEGRATED,Conceptual Quality Evidence,PatternAgnostic,Domain,LLMAssisted,True,Match,,
3,Conceptual Quality Gap,Calibration Tools/Data,Loose,Pattern-agnostic,"operationally tuned, validated against satellite altimetry, buoy observations, reanalysis products e.g., era-interim wave reanalysis .","tuned using observed climatologies, reanalyses, including oras4, en3 temperature, salinity profiles, oi_v2 sst. wave-aware experiments compare ocean-only, coupled runs against these datasets.",,Both provide metadata.,Match,INTEGRATED,Conceptual Quality Evidence,PatternAgnostic,Domain,LLMAssisted,True,Match,,
3,Conceptual Quality Gap,Validation Capabilities,Loose,Pattern-agnostic,"validated in hindcast, operational forecast modes versus buoy, satellite significant wave height, mean period, directional spectra.","comparison with argo / en3 profiles, sst analyses e.g., oi_v2 , altimetry, sea-ice datasets via lim , ocean reanalyses e.g., oras4 . wave-aware configurations evaluated using control vs wave-effect experiments ctrl, tauoc, wtke, stcor, wave .",,Both provide metadata.,Match,INTEGRATED,Conceptual Quality Evidence,PatternAgnostic,Domain,LLMAssisted,True,Match,,
3,Conceptual Quality Gap,Sensitivity Analysis,Loose,Pattern-agnostic,"tuning of drag, dissipation, nonlinear source terms, sensitivity to spectral resolution, wind forcing products.","parameter sensitivity of mixing etau, langmuir mixing , drag formulations, wave-effect options on / off . experiments such as nolc no langmuir , noetau no etau quantify the relative impact of langmuir versus empirical deep mixing.",,Both provide metadata.,Match,INTEGRATED,Conceptual Quality Evidence,PatternAgnostic,Domain,LLMAssisted,True,Match,,
3,Conceptual Quality Gap,Uncertainty Analysis,Loose,Pattern-agnostic,"scenario, ensemble configurations using alternative drag / mixing parameterizations, forcings.","ensemble, scenario runs with different mixing configurations, forcings era-interim vs others , coupling setups forced vs fully coupled ifs-ecwam-nemo .",,Both provide metadata.,Match,INTEGRATED,Conceptual Quality Evidence,PatternAgnostic,Domain,LLMAssisted,True,Match,,
3,Data Schema Mismatch,A.output,Loose,A.output ↔ B.input (≥1),significant_wave_height # m; stokes_drift_surface_u # m s^-1; stokes_drift_surface_v # m s^-1; stokes_drift_profile_parameters # e-folding depth / inverse scale m^-1; wave_modified_stress_to_ocean # n m^-2 water-side stress factor; wave_breaking_tke_flux # w m^-2; spectral_density # m^2 hz^-1 per direction bin,stokes_drift_surface_u # m s^-1; stokes_drift_surface_v # m s^-1; stokes_profile_scale # m^-1; inverse depth scale for stokes drift profile; wave_modified_stress_to_ocean # n m^-2 ratio or absolute water-side stress; wave_breaking_tke_flux # w m^-2; sea_ice_concentration # 0-1 from wave / ice system or external forcing; standard atmospheric forcing heat; freshwater; momentum; standard surface forcing plus wave-induced fields from a spectral wave model ecwam when wave coupling is active; provides surface stokes drift; parameters for the vertical stokes drift profile; sea-state dependent water-side stress; breaking-wave tke flux used as upper boundary conditions in nemo.; surface wind stress; heat / freshwater fluxes e.g.; era-interim; runoff; restoring fields; sea-ice fields if lim is enabled,,stokes_drift_surface_u # m s^-1 ↔ stokes_drift_surface_u # m s^-1 (1.00); stokes_drift_surface_v # m s^-1 ↔ stokes_drift_surface_u # m s^-1 (1.00); stokes_drift_profile_parameters # e-folding depth / inverse scale m^-1 ↔ inverse depth scale for stokes drift profile (0.67); wave_modified_stress_to_ocean # n m^-2 water-side stress factor ↔ wave_modified_stress_to_ocean # n m^-2 ratio or absolute water-side stress (0.62); wave_breaking_tke_flux # w m^-2 ↔ wave_breaking_tke_flux # w m^-2 (1.00),Match,INTEGRATED,Variable Semantic Compatibility,InformationLevel,Information,LLMAssisted,True,Match,,
3,Data Schema Mismatch,B.output,Loose,B.output ↔ A.input (≥1),sea_surface_temperature # °c; sea_surface_salinity # psu; surface_current_u # m s^-1; surface_current_v # m s^-1; mixed_layer_depth # m; sea_ice_concentration # 0-1 if lim enabled; surface_stress_to_atmosphere # n m^-2 diagnostic; may differ from water-side stress; wave-aware diagnostics e.g.; contribution of stokes-coriolis forcing; tke budgets,wind_u10 # m s^-1; wind_v10 # m s^-1; sea_ice_concentration # 0-1 optional; attenuation; drag regime; surface_current_u # m s^-1 optional; from ocean model; surface_current_v # m s^-1 optional; atmospheric winds; ice fields; optional ocean / ice modifiers; optional surface currents; sea-ice fraction for wave-current; wave-ice effects in coupled mode e.g.; ifs-ecwam-nemo framework .; 10 m wind u10; v10; sea-ice concentration attenuation; drag regime selection; bathymetry; coastlines,,surface_current_u # m s^-1 ↔ surface_current_u # m s^-1 optional (0.90); surface_current_v # m s^-1 ↔ surface_current_v # m s^-1 optional (0.90),Match,INTEGRATED,Variable Semantic Compatibility,InformationLevel,Information,LLMAssisted,True,Match,,
3,Data Schema Mismatch,(A or B).input vs AB.input,Loose,(A or B).input ↔ AB.input (similarity>0),A.in:wind_u10 # m s^-1; wind_v10 # m s^-1; sea_ice_concentration # 0-1 optional; attenuation; drag regime; surface_current_u # m s^-1 optional; from ocean model; surface_current_v # m s^-1 optional; atmospheric winds; ice fields; optional ocean / ice modifiers; optional surface currents; sea-ice fraction for wave-current; wave-ice effects in coupled mode e.g.; ifs-ecwam-nemo framework .; 10 m wind u10; v10; sea-ice concentration attenuation; drag regime selection; bathymetry; coastlines | B.in:stokes_drift_surface_u # m s^-1; stokes_drift_surface_v # m s^-1; stokes_profile_scale # m^-1; inverse depth scale for stokes drift profile; wave_modified_stress_to_ocean # n m^-2 ratio or absolute water-side stress; wave_breaking_tke_flux # w m^-2; sea_ice_concentration # 0-1 from wave / ice system or external forcing; standard atmospheric forcing heat; freshwater; momentum; standard surface forcing plus wave-induced fields from a spectral wave model ecwam when wave coupling is active; provides surface stokes drift; parameters for the vertical stokes drift profile; sea-state dependent water-side stress; breaking-wave tke flux used as upper boundary conditions in nemo.; surface wind stress; heat / freshwater fluxes e.g.; era-interim; runoff; restoring fields; sea-ice fields if lim is enabled,,(none),max=0.00 | missing: AB.input,Missing,INTEGRATED,Variable Semantic Compatibility,InformationLevel,Information,LLMAssisted,True,Gap,,
3,Data Schema Mismatch,(A or B).output vs AB.output,Loose,(A or B).output ↔ AB.output (similarity>0),A.out:significant_wave_height # m; stokes_drift_surface_u # m s^-1; stokes_drift_surface_v # m s^-1; stokes_drift_profile_parameters # e-folding depth / inverse scale m^-1; wave_modified_stress_to_ocean # n m^-2 water-side stress factor; wave_breaking_tke_flux # w m^-2; spectral_density # m^2 hz^-1 per direction bin | B.out:sea_surface_temperature # °c; sea_surface_salinity # psu; surface_current_u # m s^-1; surface_current_v # m s^-1; mixed_layer_depth # m; sea_ice_concentration # 0-1 if lim enabled; surface_stress_to_atmosphere # n m^-2 diagnostic; may differ from water-side stress; wave-aware diagnostics e.g.; contribution of stokes-coriolis forcing; tke budgets,,coupled fields including sea surface temperature; mixed layer depth; upper-ocean currents; wave stress; tke flux; stokes drift diagnostics; experiment includes fields with; without wave effects for comparison.,max=0.29,Match,INTEGRATED,Variable Semantic Compatibility,InformationLevel,Information,LLMAssisted,True,Match,,
3,Temporal Resolution Mismatch,time_steps_temporal_resolution,Loose,Common exchanged variables align semantically (or a declared conversion bridges them),"hourly to 3-hourly e.g., 3-hourly coupling fields","internal time step ~3600 s, output daily to monthly, coupling interval ~3 h when coupled","ocean internal step ~1 h, wave step ~15 min, coupling interval ~3 h",A<->B token-sim=0.09 (>0 means aligned),Match,INTEGRATED,Temporal Resolution Compatibility,InformationLevel,Information,Deterministic,True,Match,Deterministic check: A<->B token-sim=0.09 (>0 means aligned),No adaptation required.
3,Temporal Coverage Mismatch,temporal_extent_coverage,Loose,Common exchanged variables align semantically (or a declared conversion bridges them),"days to multiple decades e.g., 1979-2009 hindcasts","multi-decadal to centennial simulations e.g., 1979-2009 integrations","multi-year to multi-decadal simulations e.g., 1979-2009 hindcasts, 7-month seasonal forecasts",A<->B token-sim=0.11 (>0 means aligned),Match,INTEGRATED,(auxiliary) Temporal Coverage Mismatch / temporal_extent_coverage,RuntimeLevel,Information,Deterministic,False,Match,Deterministic check: A<->B token-sim=0.11 (>0 means aligned),No adaptation required.
3,Spatial Resolution Mismatch,spatial_resolution,Loose,Common exchanged variables align semantically (or a declared conversion bridges them),"typically 1.0°-1 / 4° 1.0° in era-interim configuration, 1.5° in coupled seasonal runs","typically 1° for orca1 global, uppermost level thickness ~10 m, finer possible in regional setups","~1° orca1 ocean grid with 42 vertical levels 10 m top level , ecwam at ~1.5° global resolution in the reference experiments.",A<->B token-sim=0.05 (>0 means aligned),Match,INTEGRATED,Spatial Resolution Compatibility,InformationLevel,Information,Deterministic,True,Match,Deterministic check: A<->B token-sim=0.05 (>0 means aligned),No adaptation required.
3,Spatial Coverage Mismatch,spatial_extent_coverage,Loose,Common exchanged variables align semantically (or a declared conversion bridges them),global or regional ocean surface,"global ocean or regional subdomains e.g., orca1 global configuration","global ocean orca1 grid or regional domains e.g., north atlantic with corresponding wave grid",A<->B token-sim=0.40 (>0 means aligned),Match,INTEGRATED,(auxiliary) Spatial Coverage Mismatch / spatial_extent_coverage,RuntimeLevel,Information,Deterministic,False,Match,Deterministic check: A<->B token-sim=0.40 (>0 means aligned),No adaptation required.
3,Dimensionality Mismatch,dimensionality,Loose,Common exchanged variables align semantically (or a declared conversion bridges them),2d spatial + 2d spectral frequency × direction,3d,"3d ocean , 2d spectral waves",A<->B token-sim=0.00 (not aligned) and no resampling/conversion policy is declared.,Mismatch,INTEGRATED,Dimensionality Compatibility,InformationLevel,Information,Deterministic,True,Mismatch,Deterministic check: A<->B token-sim=0.00 (not aligned) and no resampling/conversion policy is declared.,Aggregate or disaggregate the exchanged variable to the dimensionality required by the receiving model.
3,Unit Mismatch,A.output(stokes_drift_surface_u # m s^-1) -> B.input(stokes_drift_surface_u # m s^-1),Loose,Both sides must declare a unit for the exchanged variable,,As indicated inline,,Unit not declared on one or both sides.,Missing,INTEGRATED,Unit Compatibility,InformationLevel,Information,Deterministic,True,Gap,Deterministic check: Unit not declared on one or both sides.,Provide the missing metadata field(s) for both models before this constraint can be assessed.
3,Unit Mismatch,A.output(stokes_drift_surface_v # m s^-1) -> B.input(stokes_drift_surface_u # m s^-1),Loose,Both sides must declare a unit for the exchanged variable,,As indicated inline,,Unit not declared on one or both sides.,Missing,INTEGRATED,Unit Compatibility,InformationLevel,Information,Deterministic,True,Gap,Deterministic check: Unit not declared on one or both sides.,Provide the missing metadata field(s) for both models before this constraint can be assessed.
3,Unit Mismatch,A.output(stokes_drift_profile_parameters # e-folding depth / inverse scale m^-1) -> B.input(inverse depth scale for stokes drift profile),Loose,Both sides must declare a unit for the exchanged variable,,,,Unit not declared on one or both sides.,Missing,INTEGRATED,Unit Compatibility,InformationLevel,Information,Deterministic,True,Gap,Deterministic check: Unit not declared on one or both sides.,Provide the missing metadata field(s) for both models before this constraint can be assessed.
3,Unit Mismatch,A.output(wave_modified_stress_to_ocean # n m^-2 water-side stress factor) -> B.input(wave_modified_stress_to_ocean # n m^-2 ratio or absolute water-side stress),Loose,Both sides must declare a unit for the exchanged variable,,,,Unit not declared on one or both sides.,Missing,INTEGRATED,Unit Compatibility,InformationLevel,Information,Deterministic,True,Gap,Deterministic check: Unit not declared on one or both sides.,Provide the missing metadata field(s) for both models before this constraint can be assessed.
3,Unit Mismatch,A.output(wave_breaking_tke_flux # w m^-2) -> B.input(wave_breaking_tke_flux # w m^-2),Loose,Both sides must declare a unit for the exchanged variable,,,,Unit not declared on one or both sides.,Missing,INTEGRATED,Unit Compatibility,InformationLevel,Information,Deterministic,True,Gap,Deterministic check: Unit not declared on one or both sides.,Provide the missing metadata field(s) for both models before this constraint can be assessed.
3,Unit Mismatch,B.output(surface_current_u # m s^-1) -> A.input(surface_current_u # m s^-1 optional),Loose,Both sides must declare a unit for the exchanged variable,,,,Unit not declared on one or both sides.,Missing,INTEGRATED,Unit Compatibility,InformationLevel,Information,Deterministic,True,Gap,Deterministic check: Unit not declared on one or both sides.,Provide the missing metadata field(s) for both models before this constraint can be assessed.
3,Unit Mismatch,B.output(surface_current_v # m s^-1) -> A.input(surface_current_v # m s^-1 optional),Loose,Both sides must declare a unit for the exchanged variable,,,,Unit not declared on one or both sides.,Missing,INTEGRATED,Unit Compatibility,InformationLevel,Information,Deterministic,True,Gap,Deterministic check: Unit not declared on one or both sides.,Provide the missing metadata field(s) for both models before this constraint can be assessed.
3,Communication Mechanism Mismatch,communication_mechanism,Loose,Pattern-graded requirement,,,,Both sides or AB canonical interface required.,Missing,INTEGRATED,Interface Compatibility,RuntimeLevel,Computational,LLMAssisted,True,Gap,,
3,Error Handling Mismatch,error_handling,Loose,Pattern-graded requirement,"built-in diagnostics, stability checks in spectral space, flags for unphysical energy growth, numerical instabilities.","diagnostics for cfl stability, nans, spurious velocities, support for regular restart files, logging of failures in vertical mixing, surface boundary conditions.","error handling is inherited from component models nemo, ecwam, ifs , coupling infrastructure, includes checks on cfl stability, nans, flux consistency, restart capability.",Both A and B or AB canonical required.,Match,INTEGRATED,Error-Handling Compatibility,RuntimeLevel,Computational,LLMAssisted,True,Match,,
3,Execution Instruction Gap,execution_instructions,Loose,Require A or B,"configure spectral, spatial grids, physics options, boundary conditions. run with wind forcing e.g., ecmwf analyses or forecasts , grid configuration, time step settings. when coupled, ecwam is called from the coupler or atmospheric model with tight time stepping to provide sea surface roughness, wave-related fields.","configure via namelists domain, physics options, forcing files . compile nemo with appropriate cpp keys e.g., wave-related physics, lim2 . supply grid, bathymetry, forcing, initial condition files. for wave-aware runs, enable reading of ecwam wave fields or coupling interface, specify how they enter the surface boundary conditions.",,At least one side must provide.,Match,INTEGRATED,Execution Environment Compatibility,RuntimeLevel,Technology,LLMAssisted,True,Match,,
3,Parallel Execution Incompatibility,parallel_execution,Loose,Pattern-graded requirement,true,true,true,Loose requires at least one side (or AB) to declare this.,Match,INTEGRATED,Execution Constraint Compatibility,RuntimeLevel,Engineering,LLMAssisted,True,Match,,
3,Execution Constraint Mismatch,execution_constraints,Loose,Pattern-graded requirement,"when coupled, fields must be interpolated from the wave grid e.g., 1.5° global to the ocean or atmospheric grid e.g., orca1 for nemo . care is required near coasts, ice edges where land-sea / ice masks differ.","when coupled to ecwam, ifs, ensure consistent coupling interval e.g., 3 h , grid remapping. wave-related fields must be applied at the top level, correctly averaged over its thickness to avoid over / under-mixing.","coupling interval must match dynamic response scales of upper-ocean mixing, wave evolution ~1-3 h . grid remapping needed between ecwam, nemo grids, careful treatment near coasts, ice-covered regions.",Loose requires at least one side (or AB) to declare this.,Match,INTEGRATED,Execution Ordering Compatibility,RuntimeLevel,Engineering,Deterministic,True,Match,Deterministic check: Loose requires at least one side (or AB) to declare this.,No adaptation required.
3,Acknowledgment Protocol Mismatch,acknowledgment_protocols,Loose,Pattern-graded requirement,,,,Loose requires at least one side (or AB) to declare this.,Missing,INTEGRATED,Synchronization Compatibility,RuntimeLevel,Engineering,LLMAssisted,True,Gap,,
3,Latency Expectation Mismatch,latency_expectations,Loose,Pattern-graded requirement,typically produces coupling fields at 1-3-hourly cadence.,typical field exchange hourly-3-hourly when used in ab configurations.,wave model outputs must be available at or before ocean model coupling time steps.,Loose requires at least one side (or AB) to declare this.,Match,INTEGRATED,Latency Compatibility,RuntimeLevel,Engineering,LLMAssisted,True,Match,,
3,Data Synchronization,data_synchronization,Loose,Pattern-graded requirement,"wave outputs are written or passed via coupler at each coupling interval, may be time-interpolated to ocean model time steps.","in forced mode, ecwam-derived fields are read from offline archives era-interim based . in coupled mode, fluxes, wave fields are exchanged via the coupler or single executable at each coupling interval.","exchange of fields at fixed coupling intervals, ifs → ecwam, nemo winds, fluxes , ecwam → nemo stokes drift, stress, tke flux , nemo → ifs sst, currents within a synchronized integration sequence.",Loose requires at least one declaration of synchronization.,Match,INTEGRATED,Synchronization Compatibility,RuntimeLevel,Engineering,LLMAssisted,True,Match,,
3,Programming Language Incompatibility,programming_language,Loose,Pattern-graded similarity/equality,fortran,fortran 90,fortran nemo core; fortran ecwam core,A↔B token-sim=0.50 (> 0.00),Match,INTEGRATED,Execution Environment Compatibility,RuntimeLevel,Technology,LLMAssisted,True,Match,,
3,Source Code Availability Gap,availability_of_source_code (A),Loose,Presence required,,,,A provides metadata,Missing,INTEGRATED,(auxiliary) Source Code Availability Gap / availability_of_source_code (A),RuntimeLevel,Technology,Deterministic,False,Gap,Deterministic check: A provides metadata,Provide the missing metadata field(s) for both models before this constraint can be assessed.
3,Source Code Availability Gap,availability_of_source_code (B),Loose,Optional at this pattern,,,,Optional.,Match,INTEGRATED,(auxiliary) Source Code Availability Gap / availability_of_source_code (B),RuntimeLevel,Technology,Deterministic,False,Match,Deterministic check: Optional.,No adaptation required.
3,Implementation Verification Gap,implementation_verification (A),Loose,Presence required,"benchmarked against buoy, satellite observations, used operationally in ecmwf’s integrated forecasting system ifs , era-interim reanalysis.; standard diagnostics comparing significant wave height, mean period against buoys, altimeters, consistency checks on stress, tke flux magnitudes under typical wind speeds.",,,A provides metadata,Match,INTEGRATED,(auxiliary) Implementation Verification Gap / implementation_verification (A),RuntimeLevel,Technology,Deterministic,False,Match,Deterministic check: A provides metadata,No adaptation required.
3,Implementation Verification Gap,implementation_verification (B),Loose,Presence required,"reference configurations, test cases supplied with nemo, breivik et al. 2015 provide additional verification for wave-aware physics via multi-experiment comparison.; compared with observations, reanalyses en3, oi_v2 sst, oras4 . wave-aware runs show reduced sst, subsurface temperature biases, particularly in the extratropics.",,,B provides metadata,Match,INTEGRATED,(auxiliary) Implementation Verification Gap / implementation_verification (B),RuntimeLevel,Technology,Deterministic,False,Match,Deterministic check: B provides metadata,No adaptation required.
3,Software Environment Mismatch,software_specification_and_requirements,Loose,Pattern-graded similarity/equality,"fortran compiler, netcdf i / o, mpi, ecmwf wave physics libraries; 10 m wind u10, v10; sea-ice concentration attenuation, drag regime selection; bathymetry, coastlines","mpi, netcdf, parallel decomposition libraries e.g., metis / parmetis , optional coupler support; surface wind stress, heat / freshwater fluxes e.g., era-interim; runoff, restoring fields; sea-ice fields if lim is enabled","nemo, ecwam build systems, netcdf i / o, mpi, optional coupler e.g., ifs single executable framework; wind forcing from ecmwf era-interim or ifs; initial ocean state e.g., oras4-based or climatological; bathymetry, coastline, ice masks nemo + lim2; initial wave state ecwam restart or spinup",A↔B token-sim=0.14 (> 0.00),Match,INTEGRATED,Execution Environment Compatibility,RuntimeLevel,Technology,LLMAssisted,True,Match,,
3,Hardware Resource Mismatch,hardware_specification_and_requirements,Loose,Pattern-graded similarity/equality,hpc or workstation global multi-decadal hindcasts typically on hpc,parallel hpc cluster for global multi-decadal runs,hpc cluster or high-end workstation for multi-decadal and / or high-resolution runs,A↔B token-sim=0.33 (> 0.00),Match,INTEGRATED,Execution Environment Compatibility,RuntimeLevel,Technology,LLMAssisted,True,Match,,
3,Distribution Version Mismatch,distribution_version,Loose,Pattern-graded similarity/equality,cy38r1,v3.4 orca1l42 + lim2 configuration,2015 reference configuration orca1l42 + ecwam cy38r1,A↔B token-sim=0.00 (> 0.00),Mismatch,INTEGRATED,Execution Environment Compatibility,RuntimeLevel,Technology,LLMAssisted,True,Mismatch,,
3,File Format Mismatch,file_formats,Loose,Presence required,,,,Neither provides metadata.,Missing,INTEGRATED,Data Format Compatibility,InformationLevel,Information,Deterministic,True,Gap,Deterministic check: Neither provides metadata.,Provide the missing metadata field(s) for both models before this constraint can be assessed.
3,License Incompatibility,license,Loose,Pattern-graded requirement,"ecmwf license non-commercial research use, subject to ecmwf data policy",cecill-c nemo core,,A↔B token-sim=0.00 (> 0.00),Mismatch,INTEGRATED,License Compatibility,RuntimeLevel,Technology,LLMAssisted,True,Mismatch,,
3,Landing Page Gap,landing_page (A),Loose,Presence required,"https, / / www.ecmwf.int / en / research / modelling-and-prediction / wave-model",,,A provides landing page,Match,INTEGRATED,(auxiliary) Landing Page Gap / landing_page (A),RuntimeLevel,Technology,Deterministic,False,Match,Deterministic check: A provides landing page,No adaptation required.
3,Landing Page Gap,landing_page (B),Loose,Presence required,"https, / / www.nemo-ocean.eu /",,,B provides landing page,Match,INTEGRATED,(auxiliary) Landing Page Gap / landing_page (B),RuntimeLevel,Technology,Deterministic,False,Match,Deterministic check: B provides landing page,No adaptation required.
3,Operating Environment Mismatch,operating_system,Loose,Declared operating systems must overlap,,,,Operating system not declared on one or both sides.,Missing,INTEGRATED,Operating Environment Compatibility,RuntimeLevel,Technology,Deterministic,True,Gap,Deterministic check: Operating system not declared on one or both sides.,Provide the missing metadata field(s) for both models before this constraint can be assessed.
4,Semantic Mismatch,Title,Loose,Coverage threshold ≥ 0.50,individual-based plant model ibm; plant life history parameters; vincent vincenot,cellular automaton-based soil feedback model; soil feedback parameters; vincent vincenot,integrated plant-soil feedback model; vincent vincenot,"A→AB:0.50 (covered: plant, vincenot, vincent) | B→AB:0.67 (covered: feedback, soil, vincenot, vincent) | A∪B→AB:0.83 (covered: feedback, plant, soil, vincenot, vincent) | uncovered_AB: integrated",Match,INTENDED,(auxiliary) Semantic Mismatch / Title,PatternAgnostic,Domain,Deterministic,False,Match,"Deterministic check: A→AB:0.50 (covered: plant, vincenot, vincent) | B→AB:0.67 (covered: feedback, soil, vincenot, vincent) | A∪B→AB:0.83 (covered: feedback, plant, soil, vincenot, vincent) | uncovered_AB: integrated",No adaptation required.
4,Semantic Mismatch,Model Version,Loose,A or B must equal AB exactly,1.0,1.0,1.0,A==AB:✓; B==AB:✓,Match,INTENDED,(auxiliary) Semantic Mismatch / Model Version,PatternAgnostic,Domain,Deterministic,False,Match,Deterministic check: A==AB:✓; B==AB:✓,No adaptation required.
4,Semantic Mismatch,Description,Loose,Coverage threshold ≥ 0.50,"a spatially explicit individual-based vegetation model simulating plant establishment, growth, mortality, dispersal, competition at the level of individual agents. each plant interacts locally with neighbors, with spatially heterogeneous soil feedback states. designed to capture plant-soil negative feedback psnf , spatial clustering, coexistence patterns.; environmental soil feedback fields provided by soilfeedback model; provides soil toxicity affecting plant establishment, growth; species growth, mortality, reproduction, dispersal kernels","a cellular automaton modeling plant-induced soil autotoxicity, decay, diffusion. designed to capture conspecific negative feedback psnf at the spatial scales documented in vincenot 2017. soil toxicity accumulates based on local plant biomass / density, decays exponentially over time.; annual plant biomass, density maps from ibm; provides plant biomass / density maps; decay rate, feedback strength, diffusion radius, species sensitivity","a tightly coupled spatially explicit modeling framework integrating an individual-based plant model ibm with a cellular automaton soil feedback model. plants modify soil toxicity, which subsequently affects plant establishment through conspecific negative feedback psnf . the system reproduces vegetation patchiness, janzen-connell gaps, multi-scale psnf patterns described in vincenot 2017.","A→AB:0.35 (covered: based, establishment, explicit, feedback, individual, negative, patterns, plant, psnf, soil, spatially, toxicity, vegetation) | B→AB:0.38 (covered: 2017, automaton, based, cellular, conspecific, feedback, ibm, modeling, negative, plant, psnf, soil, toxicity, vincenot) | A∪B→AB:0.54 (covered: 2017, automaton, based, cellular, conspecific, establishment, explicit, feedback, ibm, individual, modeling, negative, patterns, plant, psnf, soil, spatially, toxicity, vegetation, vincenot) | uncovered_AB: affects, connell, described, gaps, integrating, janzen, modify, multi, patchiness, plants, reproduces, scale, subsequently, system, through, tightly, which",Match,INTENDED,(auxiliary) Semantic Mismatch / Description,PatternAgnostic,Domain,Deterministic,False,Match,"Deterministic check: A→AB:0.35 (covered: based, establishment, explicit, feedback, individual, negative, patterns, plant, psnf, soil, spatially, toxicity, vegetation) | B→AB:0.38 (covered: 2017, automaton, based, cellular, conspecific, feedback, ibm, modeling, negative, plant, psnf, soil, toxicity, vincenot) | A∪B→AB:0.54 (covered: 2017, automaton, based, cellular, conspecific, establishment, explicit, feedback, ibm, individual, modeling, negative, patterns, plant, psnf, soil, spatially, toxicity, vegetation, vincenot) | uncovered_AB: affects, connell, described, gaps, integrating, janzen, modify, multi, patchiness, plants, reproduces, scale, subsequently, system, through, tightly, which",No adaptation required.
4,Semantic Mismatch,Keywords,Loose,Coverage threshold ≥ 0.50,individual-based model; vegetation dynamics; spatial ecology; conspecific negative feedback; dispersal; competition,soil feedback; cellular automaton; plant-soil interaction; negative feedback; ecological memory,coupled model; plant-soil feedback,"A→AB:0.33 (covered: feedback) | B→AB:1.00 (covered: feedback, plant, soil) | A∪B→AB:1.00 (covered: feedback, plant, soil) | uncovered_AB: —",Match,INTENDED,(auxiliary) Semantic Mismatch / Keywords,PatternAgnostic,Domain,Deterministic,False,Match,"Deterministic check: A→AB:0.33 (covered: feedback) | B→AB:1.00 (covered: feedback, plant, soil) | A∪B→AB:1.00 (covered: feedback, plant, soil) | uncovered_AB: —",No adaptation required.
4,Semantic Mismatch,Model Type,Loose,Coverage threshold ≥ 0.50,mechanistic,mechanistic,mechanistic,A→AB:1.00 (covered: mechanistic) | B→AB:1.00 (covered: mechanistic) | A∪B→AB:1.00 (covered: mechanistic) | uncovered_AB: —,Match,INTENDED,(auxiliary) Semantic Mismatch / Model Type,PatternAgnostic,Domain,Deterministic,False,Match,Deterministic check: A→AB:1.00 (covered: mechanistic) | B→AB:1.00 (covered: mechanistic) | A∪B→AB:1.00 (covered: mechanistic) | uncovered_AB: —,No adaptation required.
4,Semantic Mismatch,Scope,Loose,Coverage threshold ≥ 0.50,local to landscape-scale plant populations,patch- to landscape-scale soil feedback,landscape-level vegetation-soil feedback,"A→AB:0.20 (covered: landscape) | B→AB:0.60 (covered: feedback, landscape, soil) | A∪B→AB:0.60 (covered: feedback, landscape, soil) | uncovered_AB: level, vegetation",Match,INTENDED,Scope Compatibility,PatternAgnostic,Domain,LLMAssisted,True,Match,,
4,Semantic Mismatch,Purpose & Pattern,Loose,Coverage threshold ≥ 0.50,"simulate spatial vegetation dynamics under competition, dispersal, soil feedback; agent-based simulation of plant life cycle with externally provided soil conditions","simulate soil toxicity accumulation, decay, spread; grid-based updates driven by ibm plant density / biomass","simulate vegetation-soil coevolution under psnf processes; bidirectional, plants modify soil, soil modifies plant establishment; loose","A→AB:0.31 (covered: plant, simulate, soil, vegetation) | B→AB:0.23 (covered: plant, simulate, soil) | A∪B→AB:0.31 (covered: plant, simulate, soil, vegetation) | uncovered_AB: bidirectional, coevolution, establishment, loose, modifies, modify, plants, processes, psnf",Mismatch,INTENDED,Purpose Compatibility,PatternAgnostic,Domain,LLMAssisted,True,Mismatch,,
4,Semantic Mismatch,Assumptions,Loose,Coverage vs AB,"plants are discrete individuals; local interactions drive competition, psnf; life-history traits are homogeneous within species; soil feedback from soilfeedback model determines germination, early survival; negative feedback acts at local scales 1-5 m , consistent with vincenot 2017",soil modified proportionally to plant biomass / density; conspecific inhibition reduces germination probability; soil memory decays exponentially time constant from vincenot 2017; toxicity remains non-negative; effects are species-specific,,AB value missing.,Missing,INTENDED,Assumption Compatibility,PatternAgnostic,Domain,LLMAssisted,True,Gap,,
4,Conceptual Quality Gap,Links to Publications & Reports,Loose,Pattern-agnostic,"vincenot et al., 2017, oikos","vincenot et al., 2017, oikos",,Both provide metadata.,Match,INTENDED,Conceptual Quality Evidence,PatternAgnostic,Domain,LLMAssisted,True,Match,,
4,Conceptual Quality Gap,Authors’ Unique Identifier,Loose,Pattern-agnostic,"vincent vincenot; model design, implementation","vincent vincenot; http, / / orcid.org / 0000-0002-2386-1626; model development",,Both provide metadata.,Match,INTENDED,Conceptual Quality Evidence,PatternAgnostic,Domain,LLMAssisted,True,Match,,
4,Conceptual Quality Gap,Conceptual Model Evaluation,Loose,Pattern-agnostic,"model reproduces known psnf-driven vegetation patterns such as patchiness, janzen-connell gaps, stable coexistence predicted by ecological theory.","model generates inhibition zones, patch dynamics, feedback strengths consistent with ecological theory.",,Both provide metadata.,Match,INTENDED,Conceptual Quality Evidence,PatternAgnostic,Domain,LLMAssisted,True,Match,,
4,Conceptual Quality Gap,Calibration Tools/Data,Loose,Pattern-agnostic,"tested using theoretical psnf benchmarks reproduced in vincenot 2017, spatial clustering, conspecific inhibition zones, coexistence patterns.",pattern calibration to match psnf-generated vegetation mosaics described in vincenot 2017.,,Both provide metadata.,Match,INTENDED,Conceptual Quality Evidence,PatternAgnostic,Domain,LLMAssisted,True,Match,,
4,Conceptual Quality Gap,Validation Capabilities,Loose,Pattern-agnostic,"verified by reproducing spatial patterns, size distributions, coexistence mechanisms demonstrated in vincenot 2017.",patterns match spatial phenomena such as janzen-connell gaps.,,Both provide metadata.,Match,INTENDED,Conceptual Quality Evidence,PatternAgnostic,Domain,LLMAssisted,True,Match,,
4,Conceptual Quality Gap,Sensitivity Analysis,Loose,Pattern-agnostic,"explored for demographic traits, dispersal kernels, local interaction radius, strength of soil feedback.","conducted for decay rate, diffusion radius, feedback strength, species-specific sensitivity.",,Both provide metadata.,Match,INTENDED,Conceptual Quality Evidence,PatternAgnostic,Domain,LLMAssisted,True,Match,,
4,Conceptual Quality Gap,Uncertainty Analysis,Loose,Pattern-agnostic,scenario-based parameter exploration,scenario-based,,Both provide metadata.,Match,INTENDED,Conceptual Quality Evidence,PatternAgnostic,Domain,LLMAssisted,True,Match,,
4,Data Schema Mismatch,A.output,Loose,A.output ↔ B.input (≥1),plant_biomass_per_cell; plant_density_per_cell; species_identity_per_cell,plant_biomass_per_cell; plant_density_per_cell; species_identity_per_cell; annual plant biomass; density maps from ibm; provides plant biomass / density maps,,plant_biomass_per_cell ↔ plant_biomass_per_cell (1.00); plant_density_per_cell ↔ plant_density_per_cell (1.00); species_identity_per_cell ↔ species_identity_per_cell (1.00),Match,INTENDED,Variable Semantic Compatibility,InformationLevel,Information,LLMAssisted,True,Match,,
4,Data Schema Mismatch,B.output,Loose,B.output ↔ A.input (≥1),soil_toxicity_per_cell; modified_germination_prob_per_cell,soil_toxicity_per_cell; feedback_modified_germination_prob; environmental soil feedback fields provided by soilfeedback model; provides soil toxicity affecting plant establishment; growth,,soil_toxicity_per_cell ↔ soil_toxicity_per_cell (1.00); modified_germination_prob_per_cell ↔ feedback_modified_germination_prob (0.50),Match,INTENDED,Variable Semantic Compatibility,InformationLevel,Information,LLMAssisted,True,Match,,
4,Data Schema Mismatch,(A or B).input vs AB.input,Loose,(A or B).input ↔ AB.input (similarity>0),A.in:soil_toxicity_per_cell; feedback_modified_germination_prob; environmental soil feedback fields provided by soilfeedback model; provides soil toxicity affecting plant establishment; growth | B.in:plant_biomass_per_cell; plant_density_per_cell; species_identity_per_cell; annual plant biomass; density maps from ibm; provides plant biomass / density maps,,(none),max=0.00 | missing: AB.input,Missing,INTENDED,Variable Semantic Compatibility,InformationLevel,Information,LLMAssisted,True,Gap,,
4,Data Schema Mismatch,(A or B).output vs AB.output,Loose,(A or B).output ↔ AB.output (similarity>0),A.out:plant_biomass_per_cell; plant_density_per_cell; species_identity_per_cell | B.out:soil_toxicity_per_cell; modified_germination_prob_per_cell,,plant population; soil memory state; patch patterns,max=0.13,Match,INTENDED,Variable Semantic Compatibility,InformationLevel,Information,LLMAssisted,True,Match,,
4,Temporal Resolution Mismatch,time_steps_temporal_resolution,Loose,Common exchanged variables align semantically (or a declared conversion bridges them),annual cycles with daily internal steps,annual with optional sub-annual decay,annual,A<->B token-sim=0.12 (>0 means aligned),Match,INTENDED,Temporal Resolution Compatibility,InformationLevel,Information,Deterministic,True,Match,Deterministic check: A<->B token-sim=0.12 (>0 means aligned),No adaptation required.
4,Temporal Coverage Mismatch,temporal_extent_coverage,Loose,Common exchanged variables align semantically (or a declared conversion bridges them),decades,multi-year,decades,A<->B token-sim=0.00 (not aligned) and no resampling/conversion policy is declared.,Mismatch,INTENDED,(auxiliary) Temporal Coverage Mismatch / temporal_extent_coverage,RuntimeLevel,Information,Deterministic,False,Mismatch,Deterministic check: A<->B token-sim=0.00 (not aligned) and no resampling/conversion policy is declared.,Introduce an explicit mediation/adaptation step to resolve this incompatibility before integration.
4,Spatial Resolution Mismatch,spatial_resolution,Loose,Common exchanged variables align semantically (or a declared conversion bridges them),1 m² cells,1 m²,1 m²,A<->B token-sim=0.50 (>0 means aligned),Match,INTENDED,Spatial Resolution Compatibility,InformationLevel,Information,Deterministic,True,Match,Deterministic check: A<->B token-sim=0.50 (>0 means aligned),No adaptation required.
4,Spatial Coverage Mismatch,spatial_extent_coverage,Loose,Common exchanged variables align semantically (or a declared conversion bridges them),"grid of landscape cells e.g., 100×100",same grid as ibm,grid-based ecological landscape,A<->B token-sim=0.17 (>0 means aligned),Match,INTENDED,(auxiliary) Spatial Coverage Mismatch / spatial_extent_coverage,RuntimeLevel,Information,Deterministic,False,Match,Deterministic check: A<->B token-sim=0.17 (>0 means aligned),No adaptation required.
4,Dimensionality Mismatch,dimensionality,Loose,Common exchanged variables align semantically (or a declared conversion bridges them),2d,2d,2d,A<->B token-sim=1.00 (>0 means aligned),Match,INTENDED,Dimensionality Compatibility,InformationLevel,Information,Deterministic,True,Match,Deterministic check: A<->B token-sim=1.00 (>0 means aligned),No adaptation required.
4,Unit Mismatch,A.output(plant_biomass_per_cell) -> B.input(plant_biomass_per_cell),Loose,Units must be equal or known-equivalent,g m⁻²,g m⁻²,,'g m⁻²' ~ 'g m⁻²' (equivalent).,Match,INTENDED,Unit Compatibility,InformationLevel,Information,Deterministic,True,Match,Deterministic check: 'g m⁻²' ~ 'g m⁻²' (equivalent).,No adaptation required.
4,Unit Mismatch,A.output(plant_density_per_cell) -> B.input(plant_density_per_cell),Loose,Units must be equal or known-equivalent,count m⁻²,count m⁻²,,'count m⁻²' ~ 'count m⁻²' (equivalent).,Match,INTENDED,Unit Compatibility,InformationLevel,Information,Deterministic,True,Match,Deterministic check: 'count m⁻²' ~ 'count m⁻²' (equivalent).,No adaptation required.
4,Unit Mismatch,A.output(species_identity_per_cell) -> B.input(species_identity_per_cell),Loose,Both sides must declare a unit for the exchanged variable,,,,Unit not declared on one or both sides.,Missing,INTENDED,Unit Compatibility,InformationLevel,Information,Deterministic,True,Gap,Deterministic check: Unit not declared on one or both sides.,Provide the missing metadata field(s) for both models before this constraint can be assessed.
4,Unit Mismatch,B.output(soil_toxicity_per_cell) -> A.input(soil_toxicity_per_cell),Loose,Units must be equal or known-equivalent,dimensionless,dimensionless,,'dimensionless' ~ 'dimensionless' (equivalent).,Match,INTENDED,Unit Compatibility,InformationLevel,Information,Deterministic,True,Match,Deterministic check: 'dimensionless' ~ 'dimensionless' (equivalent).,No adaptation required.
4,Unit Mismatch,B.output(modified_germination_prob_per_cell) -> A.input(feedback_modified_germination_prob),Loose,Units must be equal or known-equivalent,probability (0–1),probability (0–1),,'probability (0–1)' ~ 'probability (0–1)' (equivalent).,Match,INTENDED,Unit Compatibility,InformationLevel,Information,Deterministic,True,Match,Deterministic check: 'probability (0–1)' ~ 'probability (0–1)' (equivalent).,No adaptation required.
4,Communication Mechanism Mismatch,communication_mechanism,Loose,Pattern-graded requirement,,,,Both sides or AB canonical interface required.,Missing,INTENDED,Interface Compatibility,RuntimeLevel,Computational,LLMAssisted,True,Gap,,
4,Error Handling Mismatch,error_handling,Loose,Pattern-graded requirement,"basic input validation, conflict resolution in events","prevents negative toxicity values, grid consistency checks",conflict resolution in synchronous updates,Both A and B or AB canonical required.,Match,INTENDED,Error-Handling Compatibility,RuntimeLevel,Computational,LLMAssisted,True,Match,,
4,Execution Instruction Gap,execution_instructions,Loose,Require A or B,"compile / run using configuration files specifying species traits, grid setup, dispersal kernels, soil feedback parameters.","run after ibm each timestep, updating soil maps with new biomass / density inputs.",,At least one side must provide.,Match,INTENDED,Execution Environment Compatibility,RuntimeLevel,Technology,LLMAssisted,True,Match,,
4,Parallel Execution Incompatibility,parallel_execution,Loose,Pattern-graded requirement,false,false,false,Loose requires at least one side (or AB) to declare this.,Match,INTENDED,Execution Constraint Compatibility,RuntimeLevel,Engineering,LLMAssisted,True,Match,,
4,Execution Constraint Mismatch,execution_constraints,Loose,Pattern-graded requirement,requires soilfeedback outputs in coupled mode,must run after ibm each timestep,,Loose requires at least one side (or AB) to declare this.,Match,INTENDED,Execution Ordering Compatibility,RuntimeLevel,Engineering,Deterministic,True,Match,Deterministic check: Loose requires at least one side (or AB) to declare this.,No adaptation required.
4,Acknowledgment Protocol Mismatch,acknowledgment_protocols,Loose,Pattern-graded requirement,,,,Loose requires at least one side (or AB) to declare this.,Missing,INTENDED,Synchronization Compatibility,RuntimeLevel,Engineering,LLMAssisted,True,Gap,,
4,Latency Expectation Mismatch,latency_expectations,Loose,Pattern-graded requirement,annual coupling,annual coupling,,Loose requires at least one side (or AB) to declare this.,Match,INTENDED,Latency Compatibility,RuntimeLevel,Engineering,LLMAssisted,True,Match,,
4,Data Synchronization,data_synchronization,Loose,Pattern-graded requirement,grids must be aligned,aligned grids required,,Loose requires at least one declaration of synchronization.,Match,INTENDED,Synchronization Compatibility,RuntimeLevel,Engineering,LLMAssisted,True,Match,,
4,Programming Language Incompatibility,programming_language,Loose,Pattern-graded similarity/equality,c++; netlogo,c++; netlogo,c++,A↔B token-sim=1.00 (> 0.00),Match,INTENDED,Execution Environment Compatibility,RuntimeLevel,Technology,LLMAssisted,True,Match,,
4,Source Code Availability Gap,availability_of_source_code (A),Loose,Presence required,,,,A provides metadata,Missing,INTENDED,(auxiliary) Source Code Availability Gap / availability_of_source_code (A),RuntimeLevel,Technology,Deterministic,False,Gap,Deterministic check: A provides metadata,Provide the missing metadata field(s) for both models before this constraint can be assessed.
4,Source Code Availability Gap,availability_of_source_code (B),Loose,Optional at this pattern,,,,Optional.,Match,INTENDED,(auxiliary) Source Code Availability Gap / availability_of_source_code (B),RuntimeLevel,Technology,Deterministic,False,Match,Deterministic check: Optional.,No adaptation required.
4,Implementation Verification Gap,implementation_verification (A),Loose,Presence required,"reproduces emergent psnf spatial patterns described in vincenot 2017.; plant spatial patterns checked against psnf theory, vincenot 2017 results.",,,A provides metadata,Match,INTENDED,(auxiliary) Implementation Verification Gap / implementation_verification (A),RuntimeLevel,Technology,Deterministic,False,Match,Deterministic check: A provides metadata,No adaptation required.
4,Implementation Verification Gap,implementation_verification (B),Loose,Presence required,"produces psnf patterns matching those described in vincenot 2017.; spatial toxicity gradients match psnf theory, vincenot 2017 examples.",,,B provides metadata,Match,INTENDED,(auxiliary) Implementation Verification Gap / implementation_verification (B),RuntimeLevel,Technology,Deterministic,False,Match,Deterministic check: B provides metadata,No adaptation required.
4,Software Environment Mismatch,software_specification_and_requirements,Loose,Pattern-graded similarity/equality,standard compiler or agent-based modeling platform,grid-based ca platform or custom code,,A↔B token-sim=0.11 (> 0.00),Match,INTENDED,Execution Environment Compatibility,RuntimeLevel,Technology,LLMAssisted,True,Match,,
4,Hardware Resource Mismatch,hardware_specification_and_requirements,Loose,Pattern-graded similarity/equality,standard workstation,standard workstation,workstation,A↔B token-sim=1.00 (> 0.00),Match,INTENDED,Execution Environment Compatibility,RuntimeLevel,Technology,LLMAssisted,True,Match,,
4,Distribution Version Mismatch,distribution_version,Loose,Pattern-graded similarity/equality,1.0,1.0,1.0,A↔B token-sim=0.00 (> 0.00),Mismatch,INTENDED,Execution Environment Compatibility,RuntimeLevel,Technology,LLMAssisted,True,Mismatch,,
4,File Format Mismatch,file_formats,Loose,Presence required,,,,Neither provides metadata.,Missing,INTENDED,Data Format Compatibility,InformationLevel,Information,Deterministic,True,Gap,Deterministic check: Neither provides metadata.,Provide the missing metadata field(s) for both models before this constraint can be assessed.
4,License Incompatibility,license,Loose,Pattern-graded requirement,cc by,cc by,,A↔B token-sim=1.00 (> 0.00),Match,INTENDED,License Compatibility,RuntimeLevel,Technology,LLMAssisted,True,Match,,
4,Landing Page Gap,landing_page (A),Loose,Presence required,,,,A provides landing page,Missing,INTENDED,(auxiliary) Landing Page Gap / landing_page (A),RuntimeLevel,Technology,Deterministic,False,Gap,Deterministic check: A provides landing page,Provide the missing metadata field(s) for both models before this constraint can be assessed.
4,Landing Page Gap,landing_page (B),Loose,Presence required,"http, / / christian.vincenot.biz / models.html",,,B provides landing page,Match,INTENDED,(auxiliary) Landing Page Gap / landing_page (B),RuntimeLevel,Technology,Deterministic,False,Match,Deterministic check: B provides landing page,No adaptation required.
4,Operating Environment Mismatch,operating_system,Loose,Declared operating systems must overlap,,,,Operating system not declared on one or both sides.,Missing,INTENDED,Operating Environment Compatibility,RuntimeLevel,Technology,Deterministic,True,Gap,Deterministic check: Operating system not declared on one or both sides.,Provide the missing metadata field(s) for both models before this constraint can be assessed.
4,Semantic Mismatch,Title,Loose,Coverage threshold ≥ 0.50,individual-based plant model ibm; plant life history parameters; vincent vincenot,cellular automaton-based soil feedback model; soil feedback parameters; vincent vincenot,integrated plant-soil feedback model; vincent vincenot,"A→AB:0.50 (covered: plant, vincenot, vincent) | B→AB:0.67 (covered: feedback, soil, vincenot, vincent) | A∪B→AB:0.83 (covered: feedback, plant, soil, vincenot, vincent) | uncovered_AB: integrated",Match,INTEGRATED,(auxiliary) Semantic Mismatch / Title,PatternAgnostic,Domain,Deterministic,False,Match,"Deterministic check: A→AB:0.50 (covered: plant, vincenot, vincent) | B→AB:0.67 (covered: feedback, soil, vincenot, vincent) | A∪B→AB:0.83 (covered: feedback, plant, soil, vincenot, vincent) | uncovered_AB: integrated",No adaptation required.
4,Semantic Mismatch,Model Version,Loose,A or B must equal AB exactly,1.0,1.0,1.0,A==AB:✓; B==AB:✓,Match,INTEGRATED,(auxiliary) Semantic Mismatch / Model Version,PatternAgnostic,Domain,Deterministic,False,Match,Deterministic check: A==AB:✓; B==AB:✓,No adaptation required.
4,Semantic Mismatch,Description,Loose,Coverage threshold ≥ 0.50,"a spatially explicit individual-based vegetation model simulating plant establishment, growth, mortality, dispersal, competition at the level of individual agents. each plant interacts locally with neighbors, with spatially heterogeneous soil feedback states. designed to capture plant-soil negative feedback psnf , spatial clustering, coexistence patterns.; environmental soil feedback fields provided by soilfeedback model; provides soil toxicity affecting plant establishment, growth; species growth, mortality, reproduction, dispersal kernels","a cellular automaton modeling plant-induced soil autotoxicity, decay, diffusion. designed to capture conspecific negative feedback psnf at the spatial scales documented in vincenot 2017. soil toxicity accumulates based on local plant biomass / density, decays exponentially over time.; annual plant biomass, density maps from ibm; provides plant biomass / density maps; decay rate, feedback strength, diffusion radius, species sensitivity","a tightly coupled spatially explicit modeling framework integrating an individual-based plant model ibm with a cellular automaton soil feedback model. plants modify soil toxicity, which subsequently affects plant establishment through conspecific negative feedback psnf . the system reproduces vegetation patchiness, janzen-connell gaps, multi-scale psnf patterns described in vincenot 2017.","A→AB:0.35 (covered: based, establishment, explicit, feedback, individual, negative, patterns, plant, psnf, soil, spatially, toxicity, vegetation) | B→AB:0.38 (covered: 2017, automaton, based, cellular, conspecific, feedback, ibm, modeling, negative, plant, psnf, soil, toxicity, vincenot) | A∪B→AB:0.54 (covered: 2017, automaton, based, cellular, conspecific, establishment, explicit, feedback, ibm, individual, modeling, negative, patterns, plant, psnf, soil, spatially, toxicity, vegetation, vincenot) | uncovered_AB: affects, connell, described, gaps, integrating, janzen, modify, multi, patchiness, plants, reproduces, scale, subsequently, system, through, tightly, which",Match,INTEGRATED,(auxiliary) Semantic Mismatch / Description,PatternAgnostic,Domain,Deterministic,False,Match,"Deterministic check: A→AB:0.35 (covered: based, establishment, explicit, feedback, individual, negative, patterns, plant, psnf, soil, spatially, toxicity, vegetation) | B→AB:0.38 (covered: 2017, automaton, based, cellular, conspecific, feedback, ibm, modeling, negative, plant, psnf, soil, toxicity, vincenot) | A∪B→AB:0.54 (covered: 2017, automaton, based, cellular, conspecific, establishment, explicit, feedback, ibm, individual, modeling, negative, patterns, plant, psnf, soil, spatially, toxicity, vegetation, vincenot) | uncovered_AB: affects, connell, described, gaps, integrating, janzen, modify, multi, patchiness, plants, reproduces, scale, subsequently, system, through, tightly, which",No adaptation required.
4,Semantic Mismatch,Keywords,Loose,Coverage threshold ≥ 0.50,individual-based model; vegetation dynamics; spatial ecology; conspecific negative feedback; dispersal; competition,soil feedback; cellular automaton; plant-soil interaction; negative feedback; ecological memory,coupled model; plant-soil feedback; individual-based modeling; cellular automaton; negative feedback; pattern formation,"A→AB:0.36 (covered: based, feedback, individual, negative) | B→AB:0.55 (covered: automaton, cellular, feedback, negative, plant, soil) | A∪B→AB:0.73 (covered: automaton, based, cellular, feedback, individual, negative, plant, soil) | uncovered_AB: formation, modeling, pattern",Match,INTEGRATED,(auxiliary) Semantic Mismatch / Keywords,PatternAgnostic,Domain,Deterministic,False,Match,"Deterministic check: A→AB:0.36 (covered: based, feedback, individual, negative) | B→AB:0.55 (covered: automaton, cellular, feedback, negative, plant, soil) | A∪B→AB:0.73 (covered: automaton, based, cellular, feedback, individual, negative, plant, soil) | uncovered_AB: formation, modeling, pattern",No adaptation required.
4,Semantic Mismatch,Model Type,Loose,Coverage threshold ≥ 0.50,mechanistic,mechanistic,mechanistic,A→AB:1.00 (covered: mechanistic) | B→AB:1.00 (covered: mechanistic) | A∪B→AB:1.00 (covered: mechanistic) | uncovered_AB: —,Match,INTEGRATED,(auxiliary) Semantic Mismatch / Model Type,PatternAgnostic,Domain,Deterministic,False,Match,Deterministic check: A→AB:1.00 (covered: mechanistic) | B→AB:1.00 (covered: mechanistic) | A∪B→AB:1.00 (covered: mechanistic) | uncovered_AB: —,No adaptation required.
4,Semantic Mismatch,Scope,Loose,Coverage threshold ≥ 0.50,local to landscape-scale plant populations,patch- to landscape-scale soil feedback,landscape-level vegetation-soil feedback,"A→AB:0.20 (covered: landscape) | B→AB:0.60 (covered: feedback, landscape, soil) | A∪B→AB:0.60 (covered: feedback, landscape, soil) | uncovered_AB: level, vegetation",Match,INTEGRATED,Scope Compatibility,PatternAgnostic,Domain,LLMAssisted,True,Match,,
4,Semantic Mismatch,Purpose & Pattern,Loose,Coverage threshold ≥ 0.50,"simulate spatial vegetation dynamics under competition, dispersal, soil feedback; agent-based simulation of plant life cycle with externally provided soil conditions","simulate soil toxicity accumulation, decay, spread; grid-based updates driven by ibm plant density / biomass","simulate vegetation-soil coevolution under psnf processes; bidirectional, plants modify soil, soil modifies plant establishment; loose","A→AB:0.31 (covered: plant, simulate, soil, vegetation) | B→AB:0.23 (covered: plant, simulate, soil) | A∪B→AB:0.31 (covered: plant, simulate, soil, vegetation) | uncovered_AB: bidirectional, coevolution, establishment, loose, modifies, modify, plants, processes, psnf",Mismatch,INTEGRATED,Purpose Compatibility,PatternAgnostic,Domain,LLMAssisted,True,Mismatch,,
4,Semantic Mismatch,Assumptions,Loose,Coverage threshold ≥ 0.50,"plants are discrete individuals; local interactions drive competition, psnf; life-history traits are homogeneous within species; soil feedback from soilfeedback model determines germination, early survival; negative feedback acts at local scales 1-5 m , consistent with vincenot 2017",soil modified proportionally to plant biomass / density; conspecific inhibition reduces germination probability; soil memory decays exponentially time constant from vincenot 2017; toxicity remains non-negative; effects are species-specific,soil updated synchronously based on local plant history; negative feedback from conspecifics regulates population; soil memory decays exponentially vincenot 2017; spatial effects occur at local-to-regional scales,"A→AB:0.36 (covered: 2017, feedback, history, local, negative, scales, soil, vincenot) | B→AB:0.41 (covered: 2017, decays, effects, exponentially, memory, negative, plant, soil, vincenot) | A∪B→AB:0.59 (covered: 2017, decays, effects, exponentially, feedback, history, local, memory, negative, plant, scales, soil, vincenot) | uncovered_AB: based, conspecifics, occur, population, regional, regulates, spatial, synchronously, updated",Match,INTEGRATED,Assumption Compatibility,PatternAgnostic,Domain,LLMAssisted,True,Match,,
4,Conceptual Quality Gap,Links to Publications & Reports,Loose,Pattern-agnostic,"vincenot et al., 2017, oikos","vincenot et al., 2017, oikos",,Both provide metadata.,Match,INTEGRATED,Conceptual Quality Evidence,PatternAgnostic,Domain,LLMAssisted,True,Match,,
4,Conceptual Quality Gap,Authors’ Unique Identifier,Loose,Pattern-agnostic,"vincent vincenot; model design, implementation","vincent vincenot; http, / / orcid.org / 0000-0002-2386-1626; model development",,Both provide metadata.,Match,INTEGRATED,Conceptual Quality Evidence,PatternAgnostic,Domain,LLMAssisted,True,Match,,
4,Conceptual Quality Gap,Conceptual Model Evaluation,Loose,Pattern-agnostic,"model reproduces known psnf-driven vegetation patterns such as patchiness, janzen-connell gaps, stable coexistence predicted by ecological theory.","model generates inhibition zones, patch dynamics, feedback strengths consistent with ecological theory.",,Both provide metadata.,Match,INTEGRATED,Conceptual Quality Evidence,PatternAgnostic,Domain,LLMAssisted,True,Match,,
4,Conceptual Quality Gap,Calibration Tools/Data,Loose,Pattern-agnostic,"tested using theoretical psnf benchmarks reproduced in vincenot 2017, spatial clustering, conspecific inhibition zones, coexistence patterns.",pattern calibration to match psnf-generated vegetation mosaics described in vincenot 2017.,,Both provide metadata.,Match,INTEGRATED,Conceptual Quality Evidence,PatternAgnostic,Domain,LLMAssisted,True,Match,,
4,Conceptual Quality Gap,Validation Capabilities,Loose,Pattern-agnostic,"verified by reproducing spatial patterns, size distributions, coexistence mechanisms demonstrated in vincenot 2017.",patterns match spatial phenomena such as janzen-connell gaps.,,Both provide metadata.,Match,INTEGRATED,Conceptual Quality Evidence,PatternAgnostic,Domain,LLMAssisted,True,Match,,
4,Conceptual Quality Gap,Sensitivity Analysis,Loose,Pattern-agnostic,"explored for demographic traits, dispersal kernels, local interaction radius, strength of soil feedback.","conducted for decay rate, diffusion radius, feedback strength, species-specific sensitivity.",,Both provide metadata.,Match,INTEGRATED,Conceptual Quality Evidence,PatternAgnostic,Domain,LLMAssisted,True,Match,,
4,Conceptual Quality Gap,Uncertainty Analysis,Loose,Pattern-agnostic,scenario-based parameter exploration,scenario-based,,Both provide metadata.,Match,INTEGRATED,Conceptual Quality Evidence,PatternAgnostic,Domain,LLMAssisted,True,Match,,
4,Data Schema Mismatch,A.output,Loose,A.output ↔ B.input (≥1),plant_biomass_per_cell; plant_density_per_cell; species_identity_per_cell,plant_biomass_per_cell; plant_density_per_cell; species_identity_per_cell; annual plant biomass; density maps from ibm; provides plant biomass / density maps,,plant_biomass_per_cell ↔ plant_biomass_per_cell (1.00); plant_density_per_cell ↔ plant_density_per_cell (1.00); species_identity_per_cell ↔ species_identity_per_cell (1.00),Match,INTEGRATED,Variable Semantic Compatibility,InformationLevel,Information,LLMAssisted,True,Match,,
4,Data Schema Mismatch,B.output,Loose,B.output ↔ A.input (≥1),soil_toxicity_per_cell; modified_germination_prob_per_cell,soil_toxicity_per_cell; feedback_modified_germination_prob; environmental soil feedback fields provided by soilfeedback model; provides soil toxicity affecting plant establishment; growth,,soil_toxicity_per_cell ↔ soil_toxicity_per_cell (1.00); modified_germination_prob_per_cell ↔ feedback_modified_germination_prob (0.50),Match,INTEGRATED,Variable Semantic Compatibility,InformationLevel,Information,LLMAssisted,True,Match,,
4,Data Schema Mismatch,(A or B).input vs AB.input,Loose,(A or B).input ↔ AB.input (similarity>0),A.in:soil_toxicity_per_cell; feedback_modified_germination_prob; environmental soil feedback fields provided by soilfeedback model; provides soil toxicity affecting plant establishment; growth | B.in:plant_biomass_per_cell; plant_density_per_cell; species_identity_per_cell; annual plant biomass; density maps from ibm; provides plant biomass / density maps,,(none),max=0.00 | missing: AB.input,Missing,INTEGRATED,Variable Semantic Compatibility,InformationLevel,Information,LLMAssisted,True,Gap,,
4,Data Schema Mismatch,(A or B).output vs AB.output,Loose,(A or B).output ↔ AB.output (similarity>0),A.out:plant_biomass_per_cell; plant_density_per_cell; species_identity_per_cell | B.out:soil_toxicity_per_cell; modified_germination_prob_per_cell,,plant population; soil memory state; patch patterns,max=0.13,Match,INTEGRATED,Variable Semantic Compatibility,InformationLevel,Information,LLMAssisted,True,Match,,
4,Temporal Resolution Mismatch,time_steps_temporal_resolution,Loose,Common exchanged variables align semantically (or a declared conversion bridges them),annual cycles with daily internal steps,annual with optional sub-annual decay,annual,A<->B token-sim=0.12 (>0 means aligned),Match,INTEGRATED,Temporal Resolution Compatibility,InformationLevel,Information,Deterministic,True,Match,Deterministic check: A<->B token-sim=0.12 (>0 means aligned),No adaptation required.
4,Temporal Coverage Mismatch,temporal_extent_coverage,Loose,Common exchanged variables align semantically (or a declared conversion bridges them),decades,multi-year,decades,A<->B token-sim=0.00 (not aligned) and no resampling/conversion policy is declared.,Mismatch,INTEGRATED,(auxiliary) Temporal Coverage Mismatch / temporal_extent_coverage,RuntimeLevel,Information,Deterministic,False,Mismatch,Deterministic check: A<->B token-sim=0.00 (not aligned) and no resampling/conversion policy is declared.,Introduce an explicit mediation/adaptation step to resolve this incompatibility before integration.
4,Spatial Resolution Mismatch,spatial_resolution,Loose,Common exchanged variables align semantically (or a declared conversion bridges them),1 m² cells,1 m²,1 m²,A<->B token-sim=0.50 (>0 means aligned),Match,INTEGRATED,Spatial Resolution Compatibility,InformationLevel,Information,Deterministic,True,Match,Deterministic check: A<->B token-sim=0.50 (>0 means aligned),No adaptation required.
4,Spatial Coverage Mismatch,spatial_extent_coverage,Loose,Common exchanged variables align semantically (or a declared conversion bridges them),"grid of landscape cells e.g., 100×100",same grid as ibm,grid-based ecological landscape,A<->B token-sim=0.17 (>0 means aligned),Match,INTEGRATED,(auxiliary) Spatial Coverage Mismatch / spatial_extent_coverage,RuntimeLevel,Information,Deterministic,False,Match,Deterministic check: A<->B token-sim=0.17 (>0 means aligned),No adaptation required.
4,Dimensionality Mismatch,dimensionality,Loose,Common exchanged variables align semantically (or a declared conversion bridges them),2d,2d,2d,A<->B token-sim=1.00 (>0 means aligned),Match,INTEGRATED,Dimensionality Compatibility,InformationLevel,Information,Deterministic,True,Match,Deterministic check: A<->B token-sim=1.00 (>0 means aligned),No adaptation required.
4,Unit Mismatch,A.output(plant_biomass_per_cell) -> B.input(plant_biomass_per_cell),Loose,Units must be equal or known-equivalent,g m⁻²,g m⁻²,,'g m⁻²' ~ 'g m⁻²' (equivalent).,Match,INTEGRATED,Unit Compatibility,InformationLevel,Information,Deterministic,True,Match,Deterministic check: 'g m⁻²' ~ 'g m⁻²' (equivalent).,No adaptation required.
4,Unit Mismatch,A.output(plant_density_per_cell) -> B.input(plant_density_per_cell),Loose,Units must be equal or known-equivalent,count m⁻²,count m⁻²,,'count m⁻²' ~ 'count m⁻²' (equivalent).,Match,INTEGRATED,Unit Compatibility,InformationLevel,Information,Deterministic,True,Match,Deterministic check: 'count m⁻²' ~ 'count m⁻²' (equivalent).,No adaptation required.
4,Unit Mismatch,A.output(species_identity_per_cell) -> B.input(species_identity_per_cell),Loose,Both sides must declare a unit for the exchanged variable,,,,Unit not declared on one or both sides.,Missing,INTEGRATED,Unit Compatibility,InformationLevel,Information,Deterministic,True,Gap,Deterministic check: Unit not declared on one or both sides.,Provide the missing metadata field(s) for both models before this constraint can be assessed.
4,Unit Mismatch,B.output(soil_toxicity_per_cell) -> A.input(soil_toxicity_per_cell),Loose,Units must be equal or known-equivalent,dimensionless,dimensionless,,'dimensionless' ~ 'dimensionless' (equivalent).,Match,INTEGRATED,Unit Compatibility,InformationLevel,Information,Deterministic,True,Match,Deterministic check: 'dimensionless' ~ 'dimensionless' (equivalent).,No adaptation required.
4,Unit Mismatch,B.output(modified_germination_prob_per_cell) -> A.input(feedback_modified_germination_prob),Loose,Units must be equal or known-equivalent,probability (0–1),probability (0–1),,'probability (0–1)' ~ 'probability (0–1)' (equivalent).,Match,INTEGRATED,Unit Compatibility,InformationLevel,Information,Deterministic,True,Match,Deterministic check: 'probability (0–1)' ~ 'probability (0–1)' (equivalent).,No adaptation required.
4,Communication Mechanism Mismatch,communication_mechanism,Loose,Pattern-graded requirement,,,,Both sides or AB canonical interface required.,Missing,INTEGRATED,Interface Compatibility,RuntimeLevel,Computational,LLMAssisted,True,Gap,,
4,Error Handling Mismatch,error_handling,Loose,Pattern-graded requirement,"basic input validation, conflict resolution in events","prevents negative toxicity values, grid consistency checks",conflict resolution in synchronous updates,Both A and B or AB canonical required.,Match,INTEGRATED,Error-Handling Compatibility,RuntimeLevel,Computational,LLMAssisted,True,Match,,
4,Execution Instruction Gap,execution_instructions,Loose,Require A or B,"compile / run using configuration files specifying species traits, grid setup, dispersal kernels, soil feedback parameters.","run after ibm each timestep, updating soil maps with new biomass / density inputs.",,At least one side must provide.,Match,INTEGRATED,Execution Environment Compatibility,RuntimeLevel,Technology,LLMAssisted,True,Match,,
4,Parallel Execution Incompatibility,parallel_execution,Loose,Pattern-graded requirement,false,false,false,Loose requires at least one side (or AB) to declare this.,Match,INTEGRATED,Execution Constraint Compatibility,RuntimeLevel,Engineering,LLMAssisted,True,Match,,
4,Execution Constraint Mismatch,execution_constraints,Loose,Pattern-graded requirement,requires soilfeedback outputs in coupled mode,must run after ibm each timestep,"must share grid resolution, timestep",Loose requires at least one side (or AB) to declare this.,Match,INTEGRATED,Execution Ordering Compatibility,RuntimeLevel,Engineering,Deterministic,True,Match,Deterministic check: Loose requires at least one side (or AB) to declare this.,No adaptation required.
4,Acknowledgment Protocol Mismatch,acknowledgment_protocols,Loose,Pattern-graded requirement,,,,Loose requires at least one side (or AB) to declare this.,Missing,INTEGRATED,Synchronization Compatibility,RuntimeLevel,Engineering,LLMAssisted,True,Gap,,
4,Latency Expectation Mismatch,latency_expectations,Loose,Pattern-graded requirement,annual coupling,annual coupling,minimal synchronous,Loose requires at least one side (or AB) to declare this.,Match,INTEGRATED,Latency Compatibility,RuntimeLevel,Engineering,LLMAssisted,True,Match,,
4,Data Synchronization,data_synchronization,Loose,Pattern-graded requirement,grids must be aligned,aligned grids required,shared update per year,Loose requires at least one declaration of synchronization.,Match,INTEGRATED,Synchronization Compatibility,RuntimeLevel,Engineering,LLMAssisted,True,Match,,
4,Programming Language Incompatibility,programming_language,Loose,Pattern-graded similarity/equality,c++; netlogo,c++; netlogo,c++,A↔B token-sim=1.00 (> 0.00),Match,INTEGRATED,Execution Environment Compatibility,RuntimeLevel,Technology,LLMAssisted,True,Match,,
4,Source Code Availability Gap,availability_of_source_code (A),Loose,Presence required,,,,A provides metadata,Missing,INTEGRATED,(auxiliary) Source Code Availability Gap / availability_of_source_code (A),RuntimeLevel,Technology,Deterministic,False,Gap,Deterministic check: A provides metadata,Provide the missing metadata field(s) for both models before this constraint can be assessed.
4,Source Code Availability Gap,availability_of_source_code (B),Loose,Optional at this pattern,,,,Optional.,Match,INTEGRATED,(auxiliary) Source Code Availability Gap / availability_of_source_code (B),RuntimeLevel,Technology,Deterministic,False,Match,Deterministic check: Optional.,No adaptation required.
4,Implementation Verification Gap,implementation_verification (A),Loose,Presence required,"reproduces emergent psnf spatial patterns described in vincenot 2017.; plant spatial patterns checked against psnf theory, vincenot 2017 results.",,,A provides metadata,Match,INTEGRATED,(auxiliary) Implementation Verification Gap / implementation_verification (A),RuntimeLevel,Technology,Deterministic,False,Match,Deterministic check: A provides metadata,No adaptation required.
4,Implementation Verification Gap,implementation_verification (B),Loose,Presence required,"produces psnf patterns matching those described in vincenot 2017.; spatial toxicity gradients match psnf theory, vincenot 2017 examples.",,,B provides metadata,Match,INTEGRATED,(auxiliary) Implementation Verification Gap / implementation_verification (B),RuntimeLevel,Technology,Deterministic,False,Match,Deterministic check: B provides metadata,No adaptation required.
4,Software Environment Mismatch,software_specification_and_requirements,Loose,Pattern-graded similarity/equality,standard compiler or agent-based modeling platform,grid-based ca platform or custom code,grid-based model environment,A↔B token-sim=0.11 (> 0.00),Match,INTEGRATED,Execution Environment Compatibility,RuntimeLevel,Technology,LLMAssisted,True,Match,,
4,Hardware Resource Mismatch,hardware_specification_and_requirements,Loose,Pattern-graded similarity/equality,standard workstation,standard workstation,workstation,A↔B token-sim=1.00 (> 0.00),Match,INTEGRATED,Execution Environment Compatibility,RuntimeLevel,Technology,LLMAssisted,True,Match,,
4,Distribution Version Mismatch,distribution_version,Loose,Pattern-graded similarity/equality,1.0,1.0,1.0,A↔B token-sim=0.00 (> 0.00),Mismatch,INTEGRATED,Execution Environment Compatibility,RuntimeLevel,Technology,LLMAssisted,True,Mismatch,,
4,File Format Mismatch,file_formats,Loose,Presence required,,,,Neither provides metadata.,Missing,INTEGRATED,Data Format Compatibility,InformationLevel,Information,Deterministic,True,Gap,Deterministic check: Neither provides metadata.,Provide the missing metadata field(s) for both models before this constraint can be assessed.
4,License Incompatibility,license,Loose,Pattern-graded requirement,cc by,cc by,,A↔B token-sim=1.00 (> 0.00),Match,INTEGRATED,License Compatibility,RuntimeLevel,Technology,LLMAssisted,True,Match,,
4,Landing Page Gap,landing_page (A),Loose,Presence required,,,,A provides landing page,Missing,INTEGRATED,(auxiliary) Landing Page Gap / landing_page (A),RuntimeLevel,Technology,Deterministic,False,Gap,Deterministic check: A provides landing page,Provide the missing metadata field(s) for both models before this constraint can be assessed.
4,Landing Page Gap,landing_page (B),Loose,Presence required,"http, / / christian.vincenot.biz / models.html",,,B provides landing page,Match,INTEGRATED,(auxiliary) Landing Page Gap / landing_page (B),RuntimeLevel,Technology,Deterministic,False,Match,Deterministic check: B provides landing page,No adaptation required.
4,Operating Environment Mismatch,operating_system,Loose,Declared operating systems must overlap,,,,Operating system not declared on one or both sides.,Missing,INTEGRATED,Operating Environment Compatibility,RuntimeLevel,Technology,Deterministic,True,Gap,Deterministic check: Operating system not declared on one or both sides.,Provide the missing metadata field(s) for both models before this constraint can be assessed.
5,Semantic Mismatch,Title,Integrated,Coverage threshold ≥ 0.50,"lim, louvain-la-neuve sea-ice model; thierry fichefet; luis a. morales maqueda; ralph timmermann",opa 8.2 ocean general circulation model; gurvan madec; ralph timmermann,integrated shyfem-wasp5 hydrodynamic-water quality model venice lagoon; caterina solidoro; giuseppe umgiesser,"A→AB:0.00 (covered: —) | B→AB:0.00 (covered: —) | A∪B→AB:0.00 (covered: —) | uncovered_AB: caterina, giuseppe, hydrodynamic, integrated, lagoon, quality, shyfem, solidoro, umgiesser, venice, wasp5, water",Mismatch,INTENDED,(auxiliary) Semantic Mismatch / Title,PatternAgnostic,Domain,Deterministic,False,Mismatch,"Deterministic check: A→AB:0.00 (covered: —) | B→AB:0.00 (covered: —) | A∪B→AB:0.00 (covered: —) | uncovered_AB: caterina, giuseppe, hydrodynamic, integrated, lagoon, quality, shyfem, solidoro, umgiesser, venice, wasp5, water",Introduce an explicit mediation/adaptation step to resolve this incompatibility before integration.
5,Semantic Mismatch,Model Version,Integrated,A or B must equal AB exactly,dynamic-thermodynamic lim orca2-lim configuration; 8.2,8.2; dynamic-thermodynamic lim,1.0,A==AB:×; B==AB:×,Mismatch,INTENDED,(auxiliary) Semantic Mismatch / Model Version,PatternAgnostic,Domain,Deterministic,False,Mismatch,Deterministic check: A==AB:×; B==AB:×,Introduce an explicit mediation/adaptation step to resolve this incompatibility before integration.
5,Semantic Mismatch,Description,Integrated,Coverage threshold ≥ 0.50,"a dynamic-thermodynamic sea-ice model with multilayer thermodynamics 1 snow + 2 ice layers , viscous-plastic vp rheology. includes thickness redistribution, prather advection, parameterized lead formation, closure. in orca2-lim it is compiled, integrated in-memory with opa 8.2, exchanging momentum, heat, freshwater fluxes synchronously every ocean timestep group.; opa-provided surface fields, fluxes in-memory; physical ocean state, fluxes","hydrostatic, boussinesq primitive-equation ogcm with free surface. uses a z-level grid, gent-mcwilliams isopycnal mixing, level-1.5 tke vertical mixing, double diffusion, a bottom boundary-layer scheme. in orca2-lim applications, opa, lim are compiled into a single integrated executable with synchronous in-memory coupling.; sea-ice fields, ice-ocean fluxes from lim in-memory; sea-ice state, fluxes","a coupled lagoon modeling system integrating shyfem 3d finite-element hydrodynamics with wasp5 water-quality / ecological model . shyfem outputs hydrodynamics, salinity, temperature, transport fields that are mapped to wasp5 compartments through offline file-based exchange, enabling simulation of nutrient cycling, phytoplankton dynamics in the venice lagoon.","A→AB:0.00 (covered: —) | B→AB:0.03 (covered: are) | A∪B→AB:0.03 (covered: are) | uncovered_AB: 3d, based, compartments, cycling, dynamics, ecological, element, enabling, file, finite, hydrodynamics, integrating, lagoon, mapped, modeling, nutrient, offline, phytoplankton, quality, salinity, shyfem, simulation, system, temperature, that, through, transport, venice, wasp5, water",Mismatch,INTENDED,(auxiliary) Semantic Mismatch / Description,PatternAgnostic,Domain,Deterministic,False,Mismatch,"Deterministic check: A→AB:0.00 (covered: —) | B→AB:0.03 (covered: are) | A∪B→AB:0.03 (covered: are) | uncovered_AB: 3d, based, compartments, cycling, dynamics, ecological, element, enabling, file, finite, hydrodynamics, integrating, lagoon, mapped, modeling, nutrient, offline, phytoplankton, quality, salinity, shyfem, simulation, system, temperature, that, through, transport, venice, wasp5, water",Introduce an explicit mediation/adaptation step to resolve this incompatibility before integration.
5,Semantic Mismatch,Keywords,Integrated,Coverage threshold ≥ 0.50,sea-ice dynamics; vp rheology; multilayer thermodynamics; lead formation; ridging; ice-ocean coupling; high-latitude processes,ogcm; ocean circulation; vertical mixing; free surface; gent-mcwilliams; tke closure; orca2 grid,coupled hydrodynamics-biogeochemistry; shyfem; wasp5; lagoon ecology; nutrient cycling; offline coupling,"A→AB:0.10 (covered: coupling) | B→AB:0.00 (covered: —) | A∪B→AB:0.10 (covered: coupling) | uncovered_AB: biogeochemistry, cycling, ecology, hydrodynamics, lagoon, nutrient, offline, shyfem, wasp5",Mismatch,INTENDED,(auxiliary) Semantic Mismatch / Keywords,PatternAgnostic,Domain,Deterministic,False,Mismatch,"Deterministic check: A→AB:0.10 (covered: coupling) | B→AB:0.00 (covered: —) | A∪B→AB:0.10 (covered: coupling) | uncovered_AB: biogeochemistry, cycling, ecology, hydrodynamics, lagoon, nutrient, offline, shyfem, wasp5",Introduce an explicit mediation/adaptation step to resolve this incompatibility before integration.
5,Semantic Mismatch,Model Type,Integrated,Coverage threshold ≥ 0.50,mechanistic,mechanistic,mechanistic,A→AB:1.00 (covered: mechanistic) | B→AB:1.00 (covered: mechanistic) | A∪B→AB:1.00 (covered: mechanistic) | uncovered_AB: —,Match,INTENDED,(auxiliary) Semantic Mismatch / Model Type,PatternAgnostic,Domain,Deterministic,False,Match,Deterministic check: A→AB:1.00 (covered: mechanistic) | B→AB:1.00 (covered: mechanistic) | A∪B→AB:1.00 (covered: mechanistic) | uncovered_AB: —,No adaptation required.
5,Semantic Mismatch,Scope,Integrated,Coverage threshold ≥ 0.50,high-latitude global sea-ice cover arctic + antarctic,global ocean circulation,venice lagoon ecosystem,"A→AB:0.00 (covered: —) | B→AB:0.00 (covered: —) | A∪B→AB:0.00 (covered: —) | uncovered_AB: ecosystem, lagoon, venice",Mismatch,INTENDED,Scope Compatibility,PatternAgnostic,Domain,LLMAssisted,True,Mismatch,,
5,Semantic Mismatch,Purpose & Pattern,Integrated,Coverage threshold ≥ 0.50,"simulate sea-ice drift, extent, thickness, ridging, thermodynamic evolution; vp continuum mechanics + multilayer thermodynamics with direct ocean-ice flux coupling","simulate large-scale ocean dynamics, stratification, circulation; z-level finite-difference ogcm with parameterized eddy mixing; integrated","simulate lagoon circulation, nutrient dynamics, water quality, phytoplankton; offline sequential coupling shyfem → wasp5; integrated","A→AB:0.14 (covered: coupling, simulate) | B→AB:0.29 (covered: circulation, dynamics, integrated, simulate) | A∪B→AB:0.36 (covered: circulation, coupling, dynamics, integrated, simulate) | uncovered_AB: lagoon, nutrient, offline, phytoplankton, quality, sequential, shyfem, wasp5, water",Mismatch,INTENDED,Purpose Compatibility,PatternAgnostic,Domain,LLMAssisted,True,Mismatch,,
5,Semantic Mismatch,Assumptions,Integrated,Coverage threshold ≥ 0.50,"sea ice treated as a 2-d continuum with vp rheology; subgrid ice-thickness distribution approximated implicitly through h0, assumptions on conductivity; albedo parameterized using surface conditions snow, melt, thickness; snow-ice formation triggered when snow depresses freeboard below sea level","hydrostatic, boussinesq approximations; nonlinear thermodynamic equation of state; mesoscale eddies parameterized gm90; prognostic tke vertical mixing","one-way coupling no biogeochemical feedback into hydrodynamics; wasp5 compartments derived from shyfem mesh; hydrodynamic fields drive nutrient transport, transformation","A→AB:0.00 (covered: —) | B→AB:0.00 (covered: —) | A∪B→AB:0.00 (covered: —) | uncovered_AB: biogeochemical, compartments, coupling, derived, drive, feedback, hydrodynamic, hydrodynamics, mesh, no, nutrient, one, shyfem, transformation, transport, wasp5, way",Mismatch,INTENDED,Assumption Compatibility,PatternAgnostic,Domain,LLMAssisted,True,Mismatch,,
5,Conceptual Quality Gap,Links to Publications & Reports,Integrated,Pattern-agnostic,fichefet & morales maqueda 1997; fichefet & morales maqueda 1999; goosse & fichefet 1999; timmermann et al. 2005,madec et al. 1999; timmermann et al. 2005,,Both provide metadata.,Match,INTENDED,Conceptual Quality Evidence,PatternAgnostic,Domain,LLMAssisted,True,Match,,
5,Conceptual Quality Gap,Authors’ Unique Identifier,Integrated,Pattern-agnostic,"thierry fichefet; sea-ice model development; luis a. morales maqueda; thermodynamics, dynamics formulation; ralph timmermann; orca2-lim configuration, analysis",gurvan madec; opa development; ralph timmermann; orca2-lim high-latitude evaluation,,Both provide metadata.,Match,INTENDED,Conceptual Quality Evidence,PatternAgnostic,Domain,LLMAssisted,True,Match,,
5,Conceptual Quality Gap,Conceptual Model Evaluation,Integrated,Pattern-agnostic,"based on standard vp rheology, multilayer thermodynamics, orca2-lim applications reproduce major hemispheric sea-ice patterns, seasonal cycles.","validated in tropics, high latitudes, orca2-lim reproduces large-scale hydrography, convection sites, acc transport.",,Both provide metadata.,Match,INTENDED,Conceptual Quality Evidence,PatternAgnostic,Domain,LLMAssisted,True,Match,,
5,Conceptual Quality Gap,Calibration Tools/Data,Integrated,Pattern-agnostic,"ice strength p*, h0 tuning, albedo options tuned for orca2-lim realism","sss restoring to phc, combined reanalysis / climatology atmospheric forcing, runoff climatologies.",,Both provide metadata.,Match,INTENDED,Conceptual Quality Evidence,PatternAgnostic,Domain,LLMAssisted,True,Match,,
5,Conceptual Quality Gap,Validation Capabilities,Integrated,Pattern-agnostic,"satellite ice concentration, ice drift ssm / i, avhrr , submarine / uls thickness, climatological seasonal cycles.","phc hydrography, argo-like profiles, mld depth, acc transport, sea-ice-linked metrics.",,Both provide metadata.,Match,INTENDED,Conceptual Quality Evidence,PatternAgnostic,Domain,LLMAssisted,True,Match,,
5,Conceptual Quality Gap,Sensitivity Analysis,Integrated,Pattern-agnostic,,,,Neither provides metadata.,Missing,INTENDED,Conceptual Quality Evidence,PatternAgnostic,Domain,LLMAssisted,True,Gap,,
5,Conceptual Quality Gap,Uncertainty Analysis,Integrated,Pattern-agnostic,,,,Neither provides metadata.,Missing,INTENDED,Conceptual Quality Evidence,PatternAgnostic,Domain,LLMAssisted,True,Gap,,
5,Data Schema Mismatch,Direction (any),Integrated,A.output ↔ B.input OR B.output ↔ A.input (≥1),A.out:ice_concentration; ice_thickness; snow_thickness; ice_drift_u; ice_drift_v; surface_albedo; ice_ocean_freshwater_flux; ice_ocean_heat_flux; ice_ocean_momentum_stress,B.out:sea_surface_temperature; sea_surface_salinity; ocean_surface_currents_u; ocean_surface_currents_v; mixed_layer_depth; downwelling_shortwave_radiation; downwelling_longwave_radiation,,A2B:✓; B2A:✓,Match,INTENDED,Variable Semantic Compatibility,InformationLevel,Information,LLMAssisted,True,Match,,
5,Data Schema Mismatch,(A or B).input vs AB.input,Integrated,(A or B).input ↔ AB.input (similarity>0),A.in:sea_surface_temperature; sea_surface_salinity; ocean_surface_currents_u; ocean_surface_currents_v; ocean_mixed_layer_depth; downwelling_shortwave_radiation; downwelling_longwave_radiation; opa-provided surface fields; fluxes in-memory; physical ocean state; fluxes | B.in:ice_concentration; ice_thickness; snow_thickness; ice_ocean_freshwater_flux; ice_ocean_heat_flux; ice_ocean_momentum_stress; sea-ice fields; ice-ocean fluxes from lim in-memory; sea-ice state; fluxes,,(none),max=0.00 | missing: AB.input,Missing,INTENDED,Variable Semantic Compatibility,InformationLevel,Information,LLMAssisted,True,Gap,,
5,Data Schema Mismatch,(A or B).output vs AB.output,Integrated,(A or B).output ↔ AB.output (similarity>0),A.out:ice_concentration; ice_thickness; snow_thickness; ice_drift_u; ice_drift_v; surface_albedo; ice_ocean_freshwater_flux; ice_ocean_heat_flux; ice_ocean_momentum_stress | B.out:sea_surface_temperature; sea_surface_salinity; ocean_surface_currents_u; ocean_surface_currents_v; mixed_layer_depth; downwelling_shortwave_radiation; downwelling_longwave_radiation,,(none),max=0.00 | missing: AB.output,Missing,INTENDED,Variable Semantic Compatibility,InformationLevel,Information,LLMAssisted,True,Gap,,
5,Temporal Resolution Mismatch,time_steps_temporal_resolution,Integrated,Common exchanged variables align semantically (or a declared conversion bridges them),"coupling every n ocean steps, diagnostics daily-monthly",≈96 min timestep,hourly-daily,A<->B token-sim=0.00 (not aligned) and no resampling/conversion policy is declared.,Mismatch,INTENDED,Temporal Resolution Compatibility,InformationLevel,Information,Deterministic,True,Mismatch,Deterministic check: A<->B token-sim=0.00 (not aligned) and no resampling/conversion policy is declared.,Resample the exchanged variable to the temporal resolution required by the receiving model.
5,Temporal Coverage Mismatch,temporal_extent_coverage,Integrated,Common exchanged variables align semantically (or a declared conversion bridges them),multi-decadal integrations,multi-decadal,tidal to seasonal,A<->B token-sim=0.50 (>0 means aligned),Match,INTENDED,(auxiliary) Temporal Coverage Mismatch / temporal_extent_coverage,RuntimeLevel,Information,Deterministic,False,Match,Deterministic check: A<->B token-sim=0.50 (>0 means aligned),No adaptation required.
5,Spatial Resolution Mismatch,spatial_resolution,Integrated,Common exchanged variables align semantically (or a declared conversion bridges them),follows host ocean grid orca2 ≈ 2°,≈2° orca2 tripolar grid,"finite-element mesh, compartmental wasp5 groups",A<->B token-sim=0.50 (>0 means aligned),Match,INTENDED,Spatial Resolution Compatibility,InformationLevel,Information,Deterministic,True,Match,Deterministic check: A<->B token-sim=0.50 (>0 means aligned),No adaptation required.
5,Spatial Coverage Mismatch,spatial_extent_coverage,Integrated,Common exchanged variables align semantically (or a declared conversion bridges them),global ocean sea-ice regions when coupled with opa,78°s-90°n orca2,venice lagoon,A<->B token-sim=0.00 (not aligned) and no resampling/conversion policy is declared.,Mismatch,INTENDED,(auxiliary) Spatial Coverage Mismatch / spatial_extent_coverage,RuntimeLevel,Information,Deterministic,False,Mismatch,Deterministic check: A<->B token-sim=0.00 (not aligned) and no resampling/conversion policy is declared.,Introduce an explicit mediation/adaptation step to resolve this incompatibility before integration.
5,Dimensionality Mismatch,dimensionality,Integrated,Common exchanged variables align semantically (or a declared conversion bridges them),2d + multilayer vertical thermodynamics,3d,3d shyfem + 0d / 1d compartments wasp5,A<->B token-sim=0.00 (not aligned) and no resampling/conversion policy is declared.,Mismatch,INTENDED,Dimensionality Compatibility,InformationLevel,Information,Deterministic,True,Mismatch,Deterministic check: A<->B token-sim=0.00 (not aligned) and no resampling/conversion policy is declared.,Aggregate or disaggregate the exchanged variable to the dimensionality required by the receiving model.
5,Unit Mismatch,A.output(ice_concentration) -> B.input(ice_concentration),Integrated,Both sides must declare a unit for the exchanged variable,,%,,Unit not declared on one or both sides.,Missing,INTENDED,Unit Compatibility,InformationLevel,Information,Deterministic,True,Gap,Deterministic check: Unit not declared on one or both sides.,Provide the missing metadata field(s) for both models before this constraint can be assessed.
5,Unit Mismatch,A.output(ice_thickness) -> B.input(ice_thickness),Integrated,Both sides must declare a unit for the exchanged variable,,m,,Unit not declared on one or both sides.,Missing,INTENDED,Unit Compatibility,InformationLevel,Information,Deterministic,True,Gap,Deterministic check: Unit not declared on one or both sides.,Provide the missing metadata field(s) for both models before this constraint can be assessed.
5,Unit Mismatch,A.output(snow_thickness) -> B.input(snow_thickness),Integrated,Both sides must declare a unit for the exchanged variable,,m/s,,Unit not declared on one or both sides.,Missing,INTENDED,Unit Compatibility,InformationLevel,Information,Deterministic,True,Gap,Deterministic check: Unit not declared on one or both sides.,Provide the missing metadata field(s) for both models before this constraint can be assessed.
5,Unit Mismatch,A.output(ice_ocean_freshwater_flux) -> B.input(ice_ocean_freshwater_flux),Integrated,Both sides must declare a unit for the exchanged variable,,W m⁻²,,Unit not declared on one or both sides.,Missing,INTENDED,Unit Compatibility,InformationLevel,Information,Deterministic,True,Gap,Deterministic check: Unit not declared on one or both sides.,Provide the missing metadata field(s) for both models before this constraint can be assessed.
5,Unit Mismatch,A.output(ice_ocean_heat_flux) -> B.input(ice_ocean_heat_flux),Integrated,Both sides must declare a unit for the exchanged variable,,N m⁻²,,Unit not declared on one or both sides.,Missing,INTENDED,Unit Compatibility,InformationLevel,Information,Deterministic,True,Gap,Deterministic check: Unit not declared on one or both sides.,Provide the missing metadata field(s) for both models before this constraint can be assessed.
5,Unit Mismatch,A.output(ice_ocean_momentum_stress) -> B.input(ice_ocean_momentum_stress),Integrated,Both sides must declare a unit for the exchanged variable,,,,Unit not declared on one or both sides.,Missing,INTENDED,Unit Compatibility,InformationLevel,Information,Deterministic,True,Gap,Deterministic check: Unit not declared on one or both sides.,Provide the missing metadata field(s) for both models before this constraint can be assessed.
5,Unit Mismatch,B.output(sea_surface_temperature) -> A.input(sea_surface_temperature),Integrated,Both sides must declare a unit for the exchanged variable,,°C,,Unit not declared on one or both sides.,Missing,INTENDED,Unit Compatibility,InformationLevel,Information,Deterministic,True,Gap,Deterministic check: Unit not declared on one or both sides.,Provide the missing metadata field(s) for both models before this constraint can be assessed.
5,Unit Mismatch,B.output(sea_surface_salinity) -> A.input(sea_surface_salinity),Integrated,Both sides must declare a unit for the exchanged variable,,PSU,,Unit not declared on one or both sides.,Missing,INTENDED,Unit Compatibility,InformationLevel,Information,Deterministic,True,Gap,Deterministic check: Unit not declared on one or both sides.,Provide the missing metadata field(s) for both models before this constraint can be assessed.
5,Unit Mismatch,B.output(ocean_surface_currents_u) -> A.input(ocean_surface_currents_u),Integrated,Both sides must declare a unit for the exchanged variable,,m/s,,Unit not declared on one or both sides.,Missing,INTENDED,Unit Compatibility,InformationLevel,Information,Deterministic,True,Gap,Deterministic check: Unit not declared on one or both sides.,Provide the missing metadata field(s) for both models before this constraint can be assessed.
5,Unit Mismatch,B.output(ocean_surface_currents_v) -> A.input(ocean_surface_currents_u),Integrated,Both sides must declare a unit for the exchanged variable,,m/s,,Unit not declared on one or both sides.,Missing,INTENDED,Unit Compatibility,InformationLevel,Information,Deterministic,True,Gap,Deterministic check: Unit not declared on one or both sides.,Provide the missing metadata field(s) for both models before this constraint can be assessed.
5,Unit Mismatch,B.output(mixed_layer_depth) -> A.input(ocean_mixed_layer_depth),Integrated,Both sides must declare a unit for the exchanged variable,,W m⁻²,,Unit not declared on one or both sides.,Missing,INTENDED,Unit Compatibility,InformationLevel,Information,Deterministic,True,Gap,Deterministic check: Unit not declared on one or both sides.,Provide the missing metadata field(s) for both models before this constraint can be assessed.
5,Unit Mismatch,B.output(downwelling_shortwave_radiation) -> A.input(downwelling_shortwave_radiation),Integrated,Both sides must declare a unit for the exchanged variable,,,,Unit not declared on one or both sides.,Missing,INTENDED,Unit Compatibility,InformationLevel,Information,Deterministic,True,Gap,Deterministic check: Unit not declared on one or both sides.,Provide the missing metadata field(s) for both models before this constraint can be assessed.
5,Unit Mismatch,B.output(downwelling_longwave_radiation) -> A.input(downwelling_longwave_radiation),Integrated,Both sides must declare a unit for the exchanged variable,,,,Unit not declared on one or both sides.,Missing,INTENDED,Unit Compatibility,InformationLevel,Information,Deterministic,True,Gap,Deterministic check: Unit not declared on one or both sides.,Provide the missing metadata field(s) for both models before this constraint can be assessed.
5,Communication Mechanism Mismatch,communication_mechanism,Integrated,Pattern-graded requirement,,,,Integrated requires both sides to declare mechanism.,Missing,INTENDED,Interface Compatibility,RuntimeLevel,Computational,LLMAssisted,True,Gap,,
5,Error Handling Mismatch,error_handling,Integrated,Pattern-graded requirement,"cfl checks, physical bound checks non-negative thickness , abort on instability, restart-file support.","cfl monitoring, nan detection, static instability checks, restart dumps.",,A and B present; AB not provided.,Match,INTENDED,Error-Handling Compatibility,RuntimeLevel,Computational,LLMAssisted,True,Match,,
5,Execution Instruction Gap,execution_instructions,Integrated,Require both sides,"compile lim, opa into a single coupled executable. configure rheology, thermodynamics via namelists. run with synchronous, every-step ocean-ice coupling.","configure orca2 grid, initialize from phc, compile opa+lim into one executable, apply atmospheric forcing, run with 96 min timestep.",,Both A and B must provide.,Match,INTENDED,Execution Environment Compatibility,RuntimeLevel,Technology,LLMAssisted,True,Match,,
5,Parallel Execution Incompatibility,parallel_execution,Integrated,Pattern-graded requirement,true,true,false,Both sides present.,Match,INTENDED,Execution Constraint Compatibility,RuntimeLevel,Engineering,LLMAssisted,True,Match,,
5,Execution Constraint Mismatch,execution_constraints,Integrated,Pattern-graded requirement,"shared orca2 grid, consistent timestep hierarchy, joint compilation in one executable.","orca2 grid consistency, sss restoring tuned for southern ocean stability.",,Integrated expects explicit sync/latency cues.,Mismatch,INTENDED,Execution Ordering Compatibility,RuntimeLevel,Engineering,Deterministic,True,Mismatch,Deterministic check: Integrated expects explicit sync/latency cues.,Adjust the invocation order/synchronization so it matches the dependency implied by the selected integration pattern.
5,Acknowledgment Protocol Mismatch,acknowledgment_protocols,Integrated,Pattern-graded requirement,"cite orca2-lim timmermann et al. 2005 , opa reference manual, lim papers.","cite orca2-lim timmermann 2005 , opa reference manual.",,Both sides present.,Match,INTENDED,Synchronization Compatibility,RuntimeLevel,Engineering,LLMAssisted,True,Match,,
5,Latency Expectation Mismatch,latency_expectations,Integrated,Pattern-graded requirement,"low latency, lockstep","low, lockstep",,Integrated expects explicit sync/latency cues.,Match,INTENDED,Latency Compatibility,RuntimeLevel,Engineering,LLMAssisted,True,Match,,
5,Data Synchronization,data_synchronization,Integrated,Pattern-graded requirement,bidirectional flux / state exchange each coupling interval.,"synchronous exchange of sea-ice fields, ocean state fields.",,Integrated expects explicit synchronous/lockstep cues.,Match,INTENDED,Synchronization Compatibility,RuntimeLevel,Engineering,LLMAssisted,True,Match,,
5,Programming Language Incompatibility,programming_language,Integrated,Pattern-graded similarity/equality,fortran,fortran 90 / 95,fortran,"A↔B=0.33 (> 0.50), A↔AB=1.00 & B↔AB=0.33 (> 0.25)",Mismatch,INTENDED,Execution Environment Compatibility,RuntimeLevel,Technology,LLMAssisted,True,Mismatch,,
5,Source Code Availability Gap,availability_of_source_code (A),Integrated,Presence required,,,,A provides metadata,Missing,INTENDED,(auxiliary) Source Code Availability Gap / availability_of_source_code (A),RuntimeLevel,Technology,Deterministic,False,Gap,Deterministic check: A provides metadata,Provide the missing metadata field(s) for both models before this constraint can be assessed.
5,Source Code Availability Gap,availability_of_source_code (B),Integrated,Presence required,,,,B provides metadata,Missing,INTENDED,(auxiliary) Source Code Availability Gap / availability_of_source_code (B),RuntimeLevel,Technology,Deterministic,False,Gap,Deterministic check: B provides metadata,Provide the missing metadata field(s) for both models before this constraint can be assessed.
5,Implementation Verification Gap,implementation_verification (A),Integrated,Presence required,"compared against satellite concentration, uls, drift climatologies",,,A provides metadata,Match,INTENDED,(auxiliary) Implementation Verification Gap / implementation_verification (A),RuntimeLevel,Technology,Deterministic,False,Match,Deterministic check: A provides metadata,No adaptation required.
5,Implementation Verification Gap,implementation_verification (B),Integrated,Presence required,"compared against phc, vertical profiles, mld, convection sites, acc transport.",,,B provides metadata,Match,INTENDED,(auxiliary) Implementation Verification Gap / implementation_verification (B),RuntimeLevel,Technology,Deterministic,False,Match,Deterministic check: B provides metadata,No adaptation required.
5,Software Environment Mismatch,software_specification_and_requirements,Integrated,Pattern-graded similarity/equality,"fortran compiler, netcdf4_family i / o, hdf5 backend, compiled in a shared executable with opa.","fortran compiler, mpi, netcdf4_family, hdf5, orca2 grid tools.",,A↔B token-sim=0.36 (> 0.50),Mismatch,INTENDED,Execution Environment Compatibility,RuntimeLevel,Technology,LLMAssisted,True,Mismatch,,
5,Hardware Resource Mismatch,hardware_specification_and_requirements,Integrated,Pattern-graded similarity/equality,workstation to hpc,workstation to hpc,workstation or small cluster,"A↔B=1.00 (> 0.50), A↔AB=0.25 & B↔AB=0.25 (> 0.25)",Mismatch,INTENDED,Execution Environment Compatibility,RuntimeLevel,Technology,LLMAssisted,True,Mismatch,,
5,Distribution Version Mismatch,distribution_version,Integrated,Exact equality required,orca2-lim 2005 application,8.2,1.0,Not equal.,Mismatch,INTENDED,Execution Environment Compatibility,RuntimeLevel,Technology,LLMAssisted,True,Mismatch,,
5,File Format Mismatch,file_formats,Integrated,Presence required,,,,Neither provides metadata.,Missing,INTENDED,Data Format Compatibility,InformationLevel,Information,Deterministic,True,Gap,Deterministic check: Neither provides metadata.,Provide the missing metadata field(s) for both models before this constraint can be assessed.
5,License Incompatibility,license,Integrated,Pattern-graded requirement,unspecified historical opa / lim distribution,unspecified historical opa distribution,,A↔B token-sim=0.80 (> 0.50),Match,INTENDED,License Compatibility,RuntimeLevel,Technology,LLMAssisted,True,Match,,
5,Landing Page Gap,landing_page (A),Integrated,Presence required,,,,A provides landing page,Missing,INTENDED,(auxiliary) Landing Page Gap / landing_page (A),RuntimeLevel,Technology,Deterministic,False,Gap,Deterministic check: A provides landing page,Provide the missing metadata field(s) for both models before this constraint can be assessed.
5,Landing Page Gap,landing_page (B),Integrated,Presence required,,,,B provides landing page,Missing,INTENDED,(auxiliary) Landing Page Gap / landing_page (B),RuntimeLevel,Technology,Deterministic,False,Gap,Deterministic check: B provides landing page,Provide the missing metadata field(s) for both models before this constraint can be assessed.
5,Operating Environment Mismatch,operating_system,Integrated,Declared operating systems must overlap,,,,Operating system not declared on one or both sides.,Missing,INTENDED,Operating Environment Compatibility,RuntimeLevel,Technology,Deterministic,True,Gap,Deterministic check: Operating system not declared on one or both sides.,Provide the missing metadata field(s) for both models before this constraint can be assessed.
5,Semantic Mismatch,Title,Integrated,Coverage threshold ≥ 0.50,"lim, louvain-la-neuve sea-ice model; thierry fichefet; luis a. morales maqueda; ralph timmermann",opa 8.2 ocean general circulation model; gurvan madec; ralph timmermann,integrated shyfem-wasp5 hydrodynamic-water quality model venice lagoon; caterina solidoro; giuseppe umgiesser,"A→AB:0.00 (covered: —) | B→AB:0.00 (covered: —) | A∪B→AB:0.00 (covered: —) | uncovered_AB: caterina, giuseppe, hydrodynamic, integrated, lagoon, quality, shyfem, solidoro, umgiesser, venice, wasp5, water",Mismatch,INTEGRATED,(auxiliary) Semantic Mismatch / Title,PatternAgnostic,Domain,Deterministic,False,Mismatch,"Deterministic check: A→AB:0.00 (covered: —) | B→AB:0.00 (covered: —) | A∪B→AB:0.00 (covered: —) | uncovered_AB: caterina, giuseppe, hydrodynamic, integrated, lagoon, quality, shyfem, solidoro, umgiesser, venice, wasp5, water",Introduce an explicit mediation/adaptation step to resolve this incompatibility before integration.
5,Semantic Mismatch,Model Version,Integrated,A or B must equal AB exactly,dynamic-thermodynamic lim orca2-lim configuration; 8.2,8.2; dynamic-thermodynamic lim,1.0,A==AB:×; B==AB:×,Mismatch,INTEGRATED,(auxiliary) Semantic Mismatch / Model Version,PatternAgnostic,Domain,Deterministic,False,Mismatch,Deterministic check: A==AB:×; B==AB:×,Introduce an explicit mediation/adaptation step to resolve this incompatibility before integration.
5,Semantic Mismatch,Description,Integrated,Coverage threshold ≥ 0.50,"a dynamic-thermodynamic sea-ice model with multilayer thermodynamics 1 snow + 2 ice layers , viscous-plastic vp rheology. includes thickness redistribution, prather advection, parameterized lead formation, closure. in orca2-lim it is compiled, integrated in-memory with opa 8.2, exchanging momentum, heat, freshwater fluxes synchronously every ocean timestep group.; opa-provided surface fields, fluxes in-memory; physical ocean state, fluxes","hydrostatic, boussinesq primitive-equation ogcm with free surface. uses a z-level grid, gent-mcwilliams isopycnal mixing, level-1.5 tke vertical mixing, double diffusion, a bottom boundary-layer scheme. in orca2-lim applications, opa, lim are compiled into a single integrated executable with synchronous in-memory coupling.; sea-ice fields, ice-ocean fluxes from lim in-memory; sea-ice state, fluxes","a coupled lagoon modeling system integrating shyfem 3d finite-element hydrodynamics with wasp5 water-quality / ecological model . shyfem outputs hydrodynamics, salinity, temperature, transport fields that are mapped to wasp5 compartments through offline file-based exchange, enabling simulation of nutrient cycling, phytoplankton dynamics in the venice lagoon.","A→AB:0.00 (covered: —) | B→AB:0.03 (covered: are) | A∪B→AB:0.03 (covered: are) | uncovered_AB: 3d, based, compartments, cycling, dynamics, ecological, element, enabling, file, finite, hydrodynamics, integrating, lagoon, mapped, modeling, nutrient, offline, phytoplankton, quality, salinity, shyfem, simulation, system, temperature, that, through, transport, venice, wasp5, water",Mismatch,INTEGRATED,(auxiliary) Semantic Mismatch / Description,PatternAgnostic,Domain,Deterministic,False,Mismatch,"Deterministic check: A→AB:0.00 (covered: —) | B→AB:0.03 (covered: are) | A∪B→AB:0.03 (covered: are) | uncovered_AB: 3d, based, compartments, cycling, dynamics, ecological, element, enabling, file, finite, hydrodynamics, integrating, lagoon, mapped, modeling, nutrient, offline, phytoplankton, quality, salinity, shyfem, simulation, system, temperature, that, through, transport, venice, wasp5, water",Introduce an explicit mediation/adaptation step to resolve this incompatibility before integration.
5,Semantic Mismatch,Keywords,Integrated,Coverage threshold ≥ 0.50,sea-ice dynamics; vp rheology; multilayer thermodynamics; lead formation; ridging; ice-ocean coupling; high-latitude processes,ogcm; ocean circulation; vertical mixing; free surface; gent-mcwilliams; tke closure; orca2 grid,coupled hydrodynamics-biogeochemistry; shyfem; wasp5; lagoon ecology; nutrient cycling; offline coupling,"A→AB:0.10 (covered: coupling) | B→AB:0.00 (covered: —) | A∪B→AB:0.10 (covered: coupling) | uncovered_AB: biogeochemistry, cycling, ecology, hydrodynamics, lagoon, nutrient, offline, shyfem, wasp5",Mismatch,INTEGRATED,(auxiliary) Semantic Mismatch / Keywords,PatternAgnostic,Domain,Deterministic,False,Mismatch,"Deterministic check: A→AB:0.10 (covered: coupling) | B→AB:0.00 (covered: —) | A∪B→AB:0.10 (covered: coupling) | uncovered_AB: biogeochemistry, cycling, ecology, hydrodynamics, lagoon, nutrient, offline, shyfem, wasp5",Introduce an explicit mediation/adaptation step to resolve this incompatibility before integration.
5,Semantic Mismatch,Model Type,Integrated,Coverage threshold ≥ 0.50,mechanistic,mechanistic,mechanistic,A→AB:1.00 (covered: mechanistic) | B→AB:1.00 (covered: mechanistic) | A∪B→AB:1.00 (covered: mechanistic) | uncovered_AB: —,Match,INTEGRATED,(auxiliary) Semantic Mismatch / Model Type,PatternAgnostic,Domain,Deterministic,False,Match,Deterministic check: A→AB:1.00 (covered: mechanistic) | B→AB:1.00 (covered: mechanistic) | A∪B→AB:1.00 (covered: mechanistic) | uncovered_AB: —,No adaptation required.
5,Semantic Mismatch,Scope,Integrated,Coverage threshold ≥ 0.50,high-latitude global sea-ice cover arctic + antarctic,global ocean circulation,venice lagoon ecosystem,"A→AB:0.00 (covered: —) | B→AB:0.00 (covered: —) | A∪B→AB:0.00 (covered: —) | uncovered_AB: ecosystem, lagoon, venice",Mismatch,INTEGRATED,Scope Compatibility,PatternAgnostic,Domain,LLMAssisted,True,Mismatch,,
5,Semantic Mismatch,Purpose & Pattern,Integrated,Coverage threshold ≥ 0.50,"simulate sea-ice drift, extent, thickness, ridging, thermodynamic evolution; vp continuum mechanics + multilayer thermodynamics with direct ocean-ice flux coupling","simulate large-scale ocean dynamics, stratification, circulation; z-level finite-difference ogcm with parameterized eddy mixing; integrated","simulate lagoon circulation, nutrient dynamics, water quality, phytoplankton; offline sequential coupling shyfem → wasp5; integrated","A→AB:0.14 (covered: coupling, simulate) | B→AB:0.29 (covered: circulation, dynamics, integrated, simulate) | A∪B→AB:0.36 (covered: circulation, coupling, dynamics, integrated, simulate) | uncovered_AB: lagoon, nutrient, offline, phytoplankton, quality, sequential, shyfem, wasp5, water",Mismatch,INTEGRATED,Purpose Compatibility,PatternAgnostic,Domain,LLMAssisted,True,Mismatch,,
5,Semantic Mismatch,Assumptions,Integrated,Coverage threshold ≥ 0.50,"sea ice treated as a 2-d continuum with vp rheology; subgrid ice-thickness distribution approximated implicitly through h0, assumptions on conductivity; albedo parameterized using surface conditions snow, melt, thickness; snow-ice formation triggered when snow depresses freeboard below sea level","hydrostatic, boussinesq approximations; nonlinear thermodynamic equation of state; mesoscale eddies parameterized gm90; prognostic tke vertical mixing","one-way coupling no biogeochemical feedback into hydrodynamics; wasp5 compartments derived from shyfem mesh; hydrodynamic fields drive nutrient transport, transformation","A→AB:0.00 (covered: —) | B→AB:0.00 (covered: —) | A∪B→AB:0.00 (covered: —) | uncovered_AB: biogeochemical, compartments, coupling, derived, drive, feedback, hydrodynamic, hydrodynamics, mesh, no, nutrient, one, shyfem, transformation, transport, wasp5, way",Mismatch,INTEGRATED,Assumption Compatibility,PatternAgnostic,Domain,LLMAssisted,True,Mismatch,,
5,Conceptual Quality Gap,Links to Publications & Reports,Integrated,Pattern-agnostic,fichefet & morales maqueda 1997; fichefet & morales maqueda 1999; goosse & fichefet 1999; timmermann et al. 2005,madec et al. 1999; timmermann et al. 2005,,Both provide metadata.,Match,INTEGRATED,Conceptual Quality Evidence,PatternAgnostic,Domain,LLMAssisted,True,Match,,
5,Conceptual Quality Gap,Authors’ Unique Identifier,Integrated,Pattern-agnostic,"thierry fichefet; sea-ice model development; luis a. morales maqueda; thermodynamics, dynamics formulation; ralph timmermann; orca2-lim configuration, analysis",gurvan madec; opa development; ralph timmermann; orca2-lim high-latitude evaluation,,Both provide metadata.,Match,INTEGRATED,Conceptual Quality Evidence,PatternAgnostic,Domain,LLMAssisted,True,Match,,
5,Conceptual Quality Gap,Conceptual Model Evaluation,Integrated,Pattern-agnostic,"based on standard vp rheology, multilayer thermodynamics, orca2-lim applications reproduce major hemispheric sea-ice patterns, seasonal cycles.","validated in tropics, high latitudes, orca2-lim reproduces large-scale hydrography, convection sites, acc transport.",,Both provide metadata.,Match,INTEGRATED,Conceptual Quality Evidence,PatternAgnostic,Domain,LLMAssisted,True,Match,,
5,Conceptual Quality Gap,Calibration Tools/Data,Integrated,Pattern-agnostic,"ice strength p*, h0 tuning, albedo options tuned for orca2-lim realism","sss restoring to phc, combined reanalysis / climatology atmospheric forcing, runoff climatologies.",,Both provide metadata.,Match,INTEGRATED,Conceptual Quality Evidence,PatternAgnostic,Domain,LLMAssisted,True,Match,,
5,Conceptual Quality Gap,Validation Capabilities,Integrated,Pattern-agnostic,"satellite ice concentration, ice drift ssm / i, avhrr , submarine / uls thickness, climatological seasonal cycles.","phc hydrography, argo-like profiles, mld depth, acc transport, sea-ice-linked metrics.",,Both provide metadata.,Match,INTEGRATED,Conceptual Quality Evidence,PatternAgnostic,Domain,LLMAssisted,True,Match,,
5,Conceptual Quality Gap,Sensitivity Analysis,Integrated,Pattern-agnostic,,,,Neither provides metadata.,Missing,INTEGRATED,Conceptual Quality Evidence,PatternAgnostic,Domain,LLMAssisted,True,Gap,,
5,Conceptual Quality Gap,Uncertainty Analysis,Integrated,Pattern-agnostic,,,,Neither provides metadata.,Missing,INTEGRATED,Conceptual Quality Evidence,PatternAgnostic,Domain,LLMAssisted,True,Gap,,
5,Data Schema Mismatch,Direction (any),Integrated,A.output ↔ B.input OR B.output ↔ A.input (≥1),A.out:ice_concentration; ice_thickness; snow_thickness; ice_drift_u; ice_drift_v; surface_albedo; ice_ocean_freshwater_flux; ice_ocean_heat_flux; ice_ocean_momentum_stress,B.out:sea_surface_temperature; sea_surface_salinity; ocean_surface_currents_u; ocean_surface_currents_v; mixed_layer_depth; downwelling_shortwave_radiation; downwelling_longwave_radiation,,A2B:✓; B2A:✓,Match,INTEGRATED,Variable Semantic Compatibility,InformationLevel,Information,LLMAssisted,True,Match,,
5,Data Schema Mismatch,(A or B).input vs AB.input,Integrated,(A or B).input ↔ AB.input (similarity>0),A.in:sea_surface_temperature; sea_surface_salinity; ocean_surface_currents_u; ocean_surface_currents_v; ocean_mixed_layer_depth; downwelling_shortwave_radiation; downwelling_longwave_radiation; opa-provided surface fields; fluxes in-memory; physical ocean state; fluxes | B.in:ice_concentration; ice_thickness; snow_thickness; ice_ocean_freshwater_flux; ice_ocean_heat_flux; ice_ocean_momentum_stress; sea-ice fields; ice-ocean fluxes from lim in-memory; sea-ice state; fluxes,,(none),max=0.00 | missing: AB.input,Missing,INTEGRATED,Variable Semantic Compatibility,InformationLevel,Information,LLMAssisted,True,Gap,,
5,Data Schema Mismatch,(A or B).output vs AB.output,Integrated,(A or B).output ↔ AB.output (similarity>0),A.out:ice_concentration; ice_thickness; snow_thickness; ice_drift_u; ice_drift_v; surface_albedo; ice_ocean_freshwater_flux; ice_ocean_heat_flux; ice_ocean_momentum_stress | B.out:sea_surface_temperature; sea_surface_salinity; ocean_surface_currents_u; ocean_surface_currents_v; mixed_layer_depth; downwelling_shortwave_radiation; downwelling_longwave_radiation,,hydrodynamics; nutrients; phytoplankton; dissolved oxygen,max=0.00,Mismatch,INTEGRATED,Variable Semantic Compatibility,InformationLevel,Information,LLMAssisted,True,Mismatch,,
5,Temporal Resolution Mismatch,time_steps_temporal_resolution,Integrated,Common exchanged variables align semantically (or a declared conversion bridges them),"coupling every n ocean steps, diagnostics daily-monthly",≈96 min timestep,hourly-daily,A<->B token-sim=0.00 (not aligned) and no resampling/conversion policy is declared.,Mismatch,INTEGRATED,Temporal Resolution Compatibility,InformationLevel,Information,Deterministic,True,Mismatch,Deterministic check: A<->B token-sim=0.00 (not aligned) and no resampling/conversion policy is declared.,Resample the exchanged variable to the temporal resolution required by the receiving model.
5,Temporal Coverage Mismatch,temporal_extent_coverage,Integrated,Common exchanged variables align semantically (or a declared conversion bridges them),multi-decadal integrations,multi-decadal,tidal to seasonal,A<->B token-sim=0.50 (>0 means aligned),Match,INTEGRATED,(auxiliary) Temporal Coverage Mismatch / temporal_extent_coverage,RuntimeLevel,Information,Deterministic,False,Match,Deterministic check: A<->B token-sim=0.50 (>0 means aligned),No adaptation required.
5,Spatial Resolution Mismatch,spatial_resolution,Integrated,Common exchanged variables align semantically (or a declared conversion bridges them),follows host ocean grid orca2 ≈ 2°,≈2° orca2 tripolar grid,"finite-element mesh, compartmental wasp5 groups",A<->B token-sim=0.50 (>0 means aligned),Match,INTEGRATED,Spatial Resolution Compatibility,InformationLevel,Information,Deterministic,True,Match,Deterministic check: A<->B token-sim=0.50 (>0 means aligned),No adaptation required.
5,Spatial Coverage Mismatch,spatial_extent_coverage,Integrated,Common exchanged variables align semantically (or a declared conversion bridges them),global ocean sea-ice regions when coupled with opa,78°s-90°n orca2,venice lagoon,A<->B token-sim=0.00 (not aligned) and no resampling/conversion policy is declared.,Mismatch,INTEGRATED,(auxiliary) Spatial Coverage Mismatch / spatial_extent_coverage,RuntimeLevel,Information,Deterministic,False,Mismatch,Deterministic check: A<->B token-sim=0.00 (not aligned) and no resampling/conversion policy is declared.,Introduce an explicit mediation/adaptation step to resolve this incompatibility before integration.
5,Dimensionality Mismatch,dimensionality,Integrated,Common exchanged variables align semantically (or a declared conversion bridges them),2d + multilayer vertical thermodynamics,3d,3d shyfem + 0d / 1d compartments wasp5,A<->B token-sim=0.00 (not aligned) and no resampling/conversion policy is declared.,Mismatch,INTEGRATED,Dimensionality Compatibility,InformationLevel,Information,Deterministic,True,Mismatch,Deterministic check: A<->B token-sim=0.00 (not aligned) and no resampling/conversion policy is declared.,Aggregate or disaggregate the exchanged variable to the dimensionality required by the receiving model.
5,Unit Mismatch,A.output(ice_concentration) -> B.input(ice_concentration),Integrated,Both sides must declare a unit for the exchanged variable,,%,,Unit not declared on one or both sides.,Missing,INTEGRATED,Unit Compatibility,InformationLevel,Information,Deterministic,True,Gap,Deterministic check: Unit not declared on one or both sides.,Provide the missing metadata field(s) for both models before this constraint can be assessed.
5,Unit Mismatch,A.output(ice_thickness) -> B.input(ice_thickness),Integrated,Both sides must declare a unit for the exchanged variable,,m,,Unit not declared on one or both sides.,Missing,INTEGRATED,Unit Compatibility,InformationLevel,Information,Deterministic,True,Gap,Deterministic check: Unit not declared on one or both sides.,Provide the missing metadata field(s) for both models before this constraint can be assessed.
5,Unit Mismatch,A.output(snow_thickness) -> B.input(snow_thickness),Integrated,Both sides must declare a unit for the exchanged variable,,m/s,,Unit not declared on one or both sides.,Missing,INTEGRATED,Unit Compatibility,InformationLevel,Information,Deterministic,True,Gap,Deterministic check: Unit not declared on one or both sides.,Provide the missing metadata field(s) for both models before this constraint can be assessed.
5,Unit Mismatch,A.output(ice_ocean_freshwater_flux) -> B.input(ice_ocean_freshwater_flux),Integrated,Both sides must declare a unit for the exchanged variable,,W m⁻²,,Unit not declared on one or both sides.,Missing,INTEGRATED,Unit Compatibility,InformationLevel,Information,Deterministic,True,Gap,Deterministic check: Unit not declared on one or both sides.,Provide the missing metadata field(s) for both models before this constraint can be assessed.
5,Unit Mismatch,A.output(ice_ocean_heat_flux) -> B.input(ice_ocean_heat_flux),Integrated,Both sides must declare a unit for the exchanged variable,,N m⁻²,,Unit not declared on one or both sides.,Missing,INTEGRATED,Unit Compatibility,InformationLevel,Information,Deterministic,True,Gap,Deterministic check: Unit not declared on one or both sides.,Provide the missing metadata field(s) for both models before this constraint can be assessed.
5,Unit Mismatch,A.output(ice_ocean_momentum_stress) -> B.input(ice_ocean_momentum_stress),Integrated,Both sides must declare a unit for the exchanged variable,,,,Unit not declared on one or both sides.,Missing,INTEGRATED,Unit Compatibility,InformationLevel,Information,Deterministic,True,Gap,Deterministic check: Unit not declared on one or both sides.,Provide the missing metadata field(s) for both models before this constraint can be assessed.
5,Unit Mismatch,B.output(sea_surface_temperature) -> A.input(sea_surface_temperature),Integrated,Both sides must declare a unit for the exchanged variable,,°C,,Unit not declared on one or both sides.,Missing,INTEGRATED,Unit Compatibility,InformationLevel,Information,Deterministic,True,Gap,Deterministic check: Unit not declared on one or both sides.,Provide the missing metadata field(s) for both models before this constraint can be assessed.
5,Unit Mismatch,B.output(sea_surface_salinity) -> A.input(sea_surface_salinity),Integrated,Both sides must declare a unit for the exchanged variable,,PSU,,Unit not declared on one or both sides.,Missing,INTEGRATED,Unit Compatibility,InformationLevel,Information,Deterministic,True,Gap,Deterministic check: Unit not declared on one or both sides.,Provide the missing metadata field(s) for both models before this constraint can be assessed.
5,Unit Mismatch,B.output(ocean_surface_currents_u) -> A.input(ocean_surface_currents_u),Integrated,Both sides must declare a unit for the exchanged variable,,m/s,,Unit not declared on one or both sides.,Missing,INTEGRATED,Unit Compatibility,InformationLevel,Information,Deterministic,True,Gap,Deterministic check: Unit not declared on one or both sides.,Provide the missing metadata field(s) for both models before this constraint can be assessed.
5,Unit Mismatch,B.output(ocean_surface_currents_v) -> A.input(ocean_surface_currents_u),Integrated,Both sides must declare a unit for the exchanged variable,,m/s,,Unit not declared on one or both sides.,Missing,INTEGRATED,Unit Compatibility,InformationLevel,Information,Deterministic,True,Gap,Deterministic check: Unit not declared on one or both sides.,Provide the missing metadata field(s) for both models before this constraint can be assessed.
5,Unit Mismatch,B.output(mixed_layer_depth) -> A.input(ocean_mixed_layer_depth),Integrated,Both sides must declare a unit for the exchanged variable,,W m⁻²,,Unit not declared on one or both sides.,Missing,INTEGRATED,Unit Compatibility,InformationLevel,Information,Deterministic,True,Gap,Deterministic check: Unit not declared on one or both sides.,Provide the missing metadata field(s) for both models before this constraint can be assessed.
5,Unit Mismatch,B.output(downwelling_shortwave_radiation) -> A.input(downwelling_shortwave_radiation),Integrated,Both sides must declare a unit for the exchanged variable,,,,Unit not declared on one or both sides.,Missing,INTEGRATED,Unit Compatibility,InformationLevel,Information,Deterministic,True,Gap,Deterministic check: Unit not declared on one or both sides.,Provide the missing metadata field(s) for both models before this constraint can be assessed.
5,Unit Mismatch,B.output(downwelling_longwave_radiation) -> A.input(downwelling_longwave_radiation),Integrated,Both sides must declare a unit for the exchanged variable,,,,Unit not declared on one or both sides.,Missing,INTEGRATED,Unit Compatibility,InformationLevel,Information,Deterministic,True,Gap,Deterministic check: Unit not declared on one or both sides.,Provide the missing metadata field(s) for both models before this constraint can be assessed.
5,Communication Mechanism Mismatch,communication_mechanism,Integrated,Pattern-graded requirement,,,,Integrated requires both sides to declare mechanism.,Missing,INTEGRATED,Interface Compatibility,RuntimeLevel,Computational,LLMAssisted,True,Gap,,
5,Error Handling Mismatch,error_handling,Integrated,Pattern-graded requirement,"cfl checks, physical bound checks non-negative thickness , abort on instability, restart-file support.","cfl monitoring, nan detection, static instability checks, restart dumps.","input validation, range checks, wasp5 mass balance diagnostics, abort on inconsistent hydrodynamic-compartment mapping.","A↔AB=0.11, B↔AB=0.05 (>0 required if AB exists)",Match,INTEGRATED,Error-Handling Compatibility,RuntimeLevel,Computational,LLMAssisted,True,Match,,
5,Execution Instruction Gap,execution_instructions,Integrated,Require both sides,"compile lim, opa into a single coupled executable. configure rheology, thermodynamics via namelists. run with synchronous, every-step ocean-ice coupling.","configure orca2 grid, initialize from phc, compile opa+lim into one executable, apply atmospheric forcing, run with 96 min timestep.",,Both A and B must provide.,Match,INTEGRATED,Execution Environment Compatibility,RuntimeLevel,Technology,LLMAssisted,True,Match,,
5,Parallel Execution Incompatibility,parallel_execution,Integrated,Pattern-graded requirement,true,true,false,Both sides present.,Match,INTEGRATED,Execution Constraint Compatibility,RuntimeLevel,Engineering,LLMAssisted,True,Match,,
5,Execution Constraint Mismatch,execution_constraints,Integrated,Pattern-graded requirement,"shared orca2 grid, consistent timestep hierarchy, joint compilation in one executable.","orca2 grid consistency, sss restoring tuned for southern ocean stability.","time resolution of wasp5 must resolve shyfem output, mesh-to-compartment mapping required.",Integrated expects explicit sync/latency cues.,Mismatch,INTEGRATED,Execution Ordering Compatibility,RuntimeLevel,Engineering,Deterministic,True,Mismatch,Deterministic check: Integrated expects explicit sync/latency cues.,Adjust the invocation order/synchronization so it matches the dependency implied by the selected integration pattern.
5,Acknowledgment Protocol Mismatch,acknowledgment_protocols,Integrated,Pattern-graded requirement,"cite orca2-lim timmermann et al. 2005 , opa reference manual, lim papers.","cite orca2-lim timmermann 2005 , opa reference manual.","cite solidoro et al. 2003 , shyfem developers, wasp5 developers.",Both sides present.,Match,INTEGRATED,Synchronization Compatibility,RuntimeLevel,Engineering,LLMAssisted,True,Match,,
5,Latency Expectation Mismatch,latency_expectations,Integrated,Pattern-graded requirement,"low latency, lockstep","low, lockstep",low offline batch,Integrated expects explicit sync/latency cues.,Match,INTEGRATED,Latency Compatibility,RuntimeLevel,Engineering,LLMAssisted,True,Match,,
5,Data Synchronization,data_synchronization,Integrated,Pattern-graded requirement,bidirectional flux / state exchange each coupling interval.,"synchronous exchange of sea-ice fields, ocean state fields.","daily or hourly export, wasp5 internal time interpolation if required.",Integrated expects explicit synchronous/lockstep cues.,Match,INTEGRATED,Synchronization Compatibility,RuntimeLevel,Engineering,LLMAssisted,True,Match,,
5,Programming Language Incompatibility,programming_language,Integrated,Pattern-graded similarity/equality,fortran,fortran 90 / 95,fortran,"A↔B=0.33 (> 0.50), A↔AB=1.00 & B↔AB=0.33 (> 0.25)",Mismatch,INTEGRATED,Execution Environment Compatibility,RuntimeLevel,Technology,LLMAssisted,True,Mismatch,,
5,Source Code Availability Gap,availability_of_source_code (A),Integrated,Presence required,,,,A provides metadata,Missing,INTEGRATED,(auxiliary) Source Code Availability Gap / availability_of_source_code (A),RuntimeLevel,Technology,Deterministic,False,Gap,Deterministic check: A provides metadata,Provide the missing metadata field(s) for both models before this constraint can be assessed.
5,Source Code Availability Gap,availability_of_source_code (B),Integrated,Presence required,,,,B provides metadata,Missing,INTEGRATED,(auxiliary) Source Code Availability Gap / availability_of_source_code (B),RuntimeLevel,Technology,Deterministic,False,Gap,Deterministic check: B provides metadata,Provide the missing metadata field(s) for both models before this constraint can be assessed.
5,Implementation Verification Gap,implementation_verification (A),Integrated,Presence required,"compared against satellite concentration, uls, drift climatologies",,,A provides metadata,Match,INTEGRATED,(auxiliary) Implementation Verification Gap / implementation_verification (A),RuntimeLevel,Technology,Deterministic,False,Match,Deterministic check: A provides metadata,No adaptation required.
5,Implementation Verification Gap,implementation_verification (B),Integrated,Presence required,"compared against phc, vertical profiles, mld, convection sites, acc transport.",,,B provides metadata,Match,INTEGRATED,(auxiliary) Implementation Verification Gap / implementation_verification (B),RuntimeLevel,Technology,Deterministic,False,Match,Deterministic check: B provides metadata,No adaptation required.
5,Software Environment Mismatch,software_specification_and_requirements,Integrated,Pattern-graded similarity/equality,"fortran compiler, netcdf4_family i / o, hdf5 backend, compiled in a shared executable with opa.","fortran compiler, mpi, netcdf4_family, hdf5, orca2 grid tools.","shyfem executable, wasp5 executable, grid compartmentization tools, netcdf4_family, csv utilities.","A↔B=0.36 (> 0.50), A↔AB=0.18 & B↔AB=0.27 (> 0.25)",Mismatch,INTEGRATED,Execution Environment Compatibility,RuntimeLevel,Technology,LLMAssisted,True,Mismatch,,
5,Hardware Resource Mismatch,hardware_specification_and_requirements,Integrated,Pattern-graded similarity/equality,workstation to hpc,workstation to hpc,workstation or small cluster,"A↔B=1.00 (> 0.50), A↔AB=0.25 & B↔AB=0.25 (> 0.25)",Mismatch,INTEGRATED,Execution Environment Compatibility,RuntimeLevel,Technology,LLMAssisted,True,Mismatch,,
5,Distribution Version Mismatch,distribution_version,Integrated,Exact equality required,orca2-lim 2005 application,8.2,1.0,Not equal.,Mismatch,INTEGRATED,Execution Environment Compatibility,RuntimeLevel,Technology,LLMAssisted,True,Mismatch,,
5,File Format Mismatch,file_formats,Integrated,Presence required,,,,Neither provides metadata.,Missing,INTEGRATED,Data Format Compatibility,InformationLevel,Information,Deterministic,True,Gap,Deterministic check: Neither provides metadata.,Provide the missing metadata field(s) for both models before this constraint can be assessed.
5,License Incompatibility,license,Integrated,Pattern-graded requirement,unspecified historical opa / lim distribution,unspecified historical opa distribution,,A↔B token-sim=0.80 (> 0.50),Match,INTEGRATED,License Compatibility,RuntimeLevel,Technology,LLMAssisted,True,Match,,
5,Landing Page Gap,landing_page (A),Integrated,Presence required,,,,A provides landing page,Missing,INTEGRATED,(auxiliary) Landing Page Gap / landing_page (A),RuntimeLevel,Technology,Deterministic,False,Gap,Deterministic check: A provides landing page,Provide the missing metadata field(s) for both models before this constraint can be assessed.
5,Landing Page Gap,landing_page (B),Integrated,Presence required,,,,B provides landing page,Missing,INTEGRATED,(auxiliary) Landing Page Gap / landing_page (B),RuntimeLevel,Technology,Deterministic,False,Gap,Deterministic check: B provides landing page,Provide the missing metadata field(s) for both models before this constraint can be assessed.
5,Operating Environment Mismatch,operating_system,Integrated,Declared operating systems must overlap,,,,Operating system not declared on one or both sides.,Missing,INTEGRATED,Operating Environment Compatibility,RuntimeLevel,Technology,Deterministic,True,Gap,Deterministic check: Operating system not declared on one or both sides.,Provide the missing metadata field(s) for both models before this constraint can be assessed.
6,Semantic Mismatch,Title,Embedded,Coverage threshold ≥ 0.50,"weather research, forecasting model arw core with embedded 1-d lake scheme; skamarock et al.","wrf embedded 1-d lake scheme lisss / clm4.5-derived; subin et al., xiao et al.","integrated agent-based land-use, ecosystem services model; dawn c. parker; c. jantz","A→AB:0.00 (covered: —) | B→AB:0.00 (covered: —) | A∪B→AB:0.00 (covered: —) | uncovered_AB: agent, based, dawn, ecosystem, integrated, jantz, land, parker, services, use",Mismatch,INTENDED,(auxiliary) Semantic Mismatch / Title,PatternAgnostic,Domain,Deterministic,False,Mismatch,"Deterministic check: A→AB:0.00 (covered: —) | B→AB:0.00 (covered: —) | A∪B→AB:0.00 (covered: —) | uncovered_AB: agent, based, dawn, ecosystem, integrated, jantz, land, parker, services, use",Introduce an explicit mediation/adaptation step to resolve this incompatibility before integration.
6,Semantic Mismatch,Model Version,Embedded,A or B must equal AB exactly,3.6+; clm4.5 lake,clm4.5 lake scheme as embedded in wrf v3.6+; 3.6+,1.0,A==AB:×; B==AB:×,Mismatch,INTENDED,(auxiliary) Semantic Mismatch / Model Version,PatternAgnostic,Domain,Deterministic,False,Mismatch,Deterministic check: A==AB:×; B==AB:×,Introduce an explicit mediation/adaptation step to resolve this incompatibility before integration.
6,Semantic Mismatch,Description,Embedded,Coverage threshold ≥ 0.50,"nonhydrostatic mesoscale atmospheric model providing near-surface meteorology, radiation, turbulent flux drivers to an embedded 1-d lake-ice-snow column. the lake scheme returns prognostic lake surface temperature, ice, snow, fluxes as a lower boundary condition to wrf’s surface layer. improvements from xiao et al. 2016 include dynamic albedo, enhanced eddy diffusivity, snow-over-ice processes, reducing lake-surface-temperature, ice biases.; embedded lake column → wrf surface layer b → a; 1-d lake column embedded in wrf","a 1-d thermal diffusion lake column with layered water, ice, snow, sediment. the scheme computes lake surface temperature, ice / snow evolution, air-lake fluxes in response to wrf near-surface meteorology, radiation. it is embedded as a surface tile in wrf, exchanging state, fluxes in-memory at each physics time step.; built as part of wrf physics, no external coupler required at runtime.; near-surface meteorology, radiative forcing from wrf a → b, in-memory .; host atmosphere providing meteorology, radiation to the lake column","a spatially explicit integrated model that couples an agent-based land-use model with an ecosystem services es meta-model. agents make land-use decisions on a parcel-based landscape, their decisions update land cover, which is passed to the es module to compute indicators such as carbon storage, erosion control, crop yield. updated es scores feed back into agent decision-making in an iterative loop.; annual parcel-based land-use / management maps, attributes from the agent-based model.","A→AB:0.00 (covered: —) | B→AB:0.02 (covered: is) | A∪B→AB:0.02 (covered: is) | uncovered_AB: agent, agents, annual, attributes, back, based, carbon, compute, control, couples, cover, crop, decision, decisions, ecosystem, erosion, es, explicit, feed, indicators, integrated, iterative, land, landscape, loop, make, making, management, maps, meta, module, parcel, passed, scores, services, spatially, storage, such, that, their, update, updated, use, which, yield",Mismatch,INTENDED,(auxiliary) Semantic Mismatch / Description,PatternAgnostic,Domain,Deterministic,False,Mismatch,"Deterministic check: A→AB:0.00 (covered: —) | B→AB:0.02 (covered: is) | A∪B→AB:0.02 (covered: is) | uncovered_AB: agent, agents, annual, attributes, back, based, carbon, compute, control, couples, cover, crop, decision, decisions, ecosystem, erosion, es, explicit, feed, indicators, integrated, iterative, land, landscape, loop, make, making, management, maps, meta, module, parcel, passed, scores, services, spatially, storage, such, that, their, update, updated, use, which, yield",Introduce an explicit mediation/adaptation step to resolve this incompatibility before integration.
6,Semantic Mismatch,Keywords,Embedded,Coverage threshold ≥ 0.50,regional atmosphere; boundary layer; surface fluxes; radiation; lake-atmosphere interaction; wrf-lake,lake column; thermal diffusion; ice / snow on lakes; surface fluxes; dynamic albedo; wrf-lake,land-use change; agent-based modeling; ecosystem services; model integration; environmental decision-making,"A→AB:0.00 (covered: —) | B→AB:0.00 (covered: —) | A∪B→AB:0.00 (covered: —) | uncovered_AB: agent, based, change, decision, ecosystem, environmental, integration, land, making, modeling, services, use",Mismatch,INTENDED,(auxiliary) Semantic Mismatch / Keywords,PatternAgnostic,Domain,Deterministic,False,Mismatch,"Deterministic check: A→AB:0.00 (covered: —) | B→AB:0.00 (covered: —) | A∪B→AB:0.00 (covered: —) | uncovered_AB: agent, based, change, decision, ecosystem, environmental, integration, land, making, modeling, services, use",Introduce an explicit mediation/adaptation step to resolve this incompatibility before integration.
6,Semantic Mismatch,Model Type,Embedded,Coverage threshold ≥ 0.50,mechanistic,mechanistic,mechanistic + empirical,A→AB:0.50 (covered: mechanistic) | B→AB:0.50 (covered: mechanistic) | A∪B→AB:0.50 (covered: mechanistic) | uncovered_AB: empirical,Match,INTENDED,(auxiliary) Semantic Mismatch / Model Type,PatternAgnostic,Domain,Deterministic,False,Match,Deterministic check: A→AB:0.50 (covered: mechanistic) | B→AB:0.50 (covered: mechanistic) | A∪B→AB:0.50 (covered: mechanistic) | uncovered_AB: empirical,No adaptation required.
6,Semantic Mismatch,Scope,Embedded,Coverage threshold ≥ 0.50,continental to regional atmospheric modeling over lake districts,grid-point lake representation within a regional nwp / rcm,regional landscape systems with spatial heterogeneity,"A→AB:0.20 (covered: regional) | B→AB:0.20 (covered: regional) | A∪B→AB:0.20 (covered: regional) | uncovered_AB: heterogeneity, landscape, spatial, systems",Mismatch,INTENDED,Scope Compatibility,PatternAgnostic,Domain,LLMAssisted,True,Mismatch,,
6,Semantic Mismatch,Purpose & Pattern,Embedded,Coverage threshold ≥ 0.50,"simulate atmospheric circulation, air-lake energy / moisture exchange; embedded tile-based coupling between atmospheric physics, 1-d lake column","provide physically consistent lower-boundary lake state, fluxes to the host atmosphere; layered 1-d column with prognostic temperature profiles embedded as a surface tile","assess how land-use dynamics impact ecosystem services under different policy, behavioural, valuation scenarios.; iterative feedback coupling abm → es → abm; embedded","A→AB:0.11 (covered: coupling, embedded) | B→AB:0.05 (covered: embedded) | A∪B→AB:0.11 (covered: coupling, embedded) | uncovered_AB: abm, assess, behavioural, different, dynamics, ecosystem, es, feedback, how, impact, iterative, land, policy, scenarios, services, use, valuation",Mismatch,INTENDED,Purpose Compatibility,PatternAgnostic,Domain,LLMAssisted,True,Mismatch,,
6,Semantic Mismatch,Assumptions,Embedded,Coverage threshold ≥ 0.50,hydrostatic or nonhydrostatic depending on namelist configuration; terrain-following eta coordinate; horizontally homogeneous 1-d lake columns at water grid points,"horizontally homogeneous lake column per atmospheric grid cell 1-d vertical structure; eddy diffusivity parameterized with optional enhanced mixing for deep lakes; dynamic surface albedo with explicit ice / snow processes; lake thermodynamics forced solely by host near-surface meteorology, radiation","land use, management fully determine es outputs at the parcel scale.; agents incorporate es indicators or valuations in their utility functions.; lookup tables or response surfaces for es are representative of underlying processes.; policy scenarios, behavioural rules remain stationary within a simulation.","A→AB:0.00 (covered: —) | B→AB:0.03 (covered: processes) | A∪B→AB:0.03 (covered: processes) | uncovered_AB: agents, are, behavioural, determine, es, fully, functions, incorporate, indicators, land, lookup, management, parcel, policy, remain, representative, response, rules, scale, scenarios, simulation, stationary, surfaces, tables, their, underlying, use, utility, valuations, within",Mismatch,INTENDED,Assumption Compatibility,PatternAgnostic,Domain,LLMAssisted,True,Mismatch,,
6,Conceptual Quality Gap,Links to Publications & Reports,Embedded,Pattern-agnostic,"xiao et al., 2016 james","xiao et al., 2016, james - improving the lake scheme within a coupled wrf-lake model in the laurentian great lakes region",,Both provide metadata.,Match,INTENDED,Conceptual Quality Evidence,PatternAgnostic,Domain,LLMAssisted,True,Match,,
6,Conceptual Quality Gap,Authors’ Unique Identifier,Embedded,Pattern-agnostic,skamarock et al.; wrf core development,"subin et al., xiao et al.; lake scheme development, clm4.5 heritage, wrf integration",,Both provide metadata.,Match,INTENDED,Conceptual Quality Evidence,PatternAgnostic,Domain,LLMAssisted,True,Match,,
6,Conceptual Quality Gap,Conceptual Model Evaluation,Embedded,Pattern-agnostic,"demonstrates improved wrf performance over lake-rich regions when using dynamic albedo, enhanced eddy diffusivity, explicit snow-over-ice thermodynamics.","demonstrates reduced lake-surface-temperature, ice-cover biases when using dynamic albedo, tuned diffusivity, snow-over-ice physics, behaviour consistent with lake thermodynamics theory.",,Both provide metadata.,Match,INTENDED,Conceptual Quality Evidence,PatternAgnostic,Domain,LLMAssisted,True,Match,,
6,Conceptual Quality Gap,Calibration Tools/Data,Embedded,Pattern-agnostic,"reanalysis forcing e.g., narr , buoy lake temperature profiles, satellite ice cover","buoy temperature profiles, ice cover climatology, great lakes case studies",,Both provide metadata.,Match,INTENDED,Conceptual Quality Evidence,PatternAgnostic,Domain,LLMAssisted,True,Match,,
6,Conceptual Quality Gap,Validation Capabilities,Embedded,Pattern-agnostic,"buoys, precipitation analyses, ice phenology, lst profiles","validated against buoy temperature profiles, lake ice cover products, regional atmospheric fields e.g., near-surface temperature, precipitation .",,Both provide metadata.,Match,INTENDED,Conceptual Quality Evidence,PatternAgnostic,Domain,LLMAssisted,True,Match,,
6,Conceptual Quality Gap,Sensitivity Analysis,Embedded,Pattern-agnostic,"diffusivity factors, albedo options, snow / ice configurations, physics suite variations","tested for sensitivity to vertical diffusivity enhancement factors, albedo options, snow / ice parameterizations.",,Both provide metadata.,Match,INTENDED,Conceptual Quality Evidence,PatternAgnostic,Domain,LLMAssisted,True,Match,,
6,Conceptual Quality Gap,Uncertainty Analysis,Embedded,Pattern-agnostic,scenario ensembles,"exploratory parameter sweeps, physics-option ensembles not probabilistic .",,Both provide metadata.,Match,INTENDED,Conceptual Quality Evidence,PatternAgnostic,Domain,LLMAssisted,True,Match,,
6,Data Schema Mismatch,Direction (any),Embedded,A.output ↔ B.input OR B.output ↔ A.input (≥1),A.out:air_temperature_2m; specific_humidity_2m; wind_u10; wind_v10; surface_pressure; downwelling_shortwave_radiation; downwelling_longwave_radiation; precipitation_rain_rate; precipitation_snow_rate; near_surface_air_density,B.out:lake_skin_temperature; lake_ice_fraction; lake_ice_thickness; lake_surface_albedo; surface_roughness_length_water; upward_sensible_heat_flux; upward_latent_heat_flux; upward_longwave_radiation; reflected_shortwave_radiation; surface_evaporation_rate; lake_snow_depth,,A2B:✓; B2A:✓,Match,INTENDED,Variable Semantic Compatibility,InformationLevel,Information,LLMAssisted,True,Match,,
6,Data Schema Mismatch,(A or B).input vs AB.input,Embedded,(A or B).input ↔ AB.input (similarity>0),A.in:lake_skin_temperature; lake_ice_fraction; lake_ice_thickness; lake_surface_albedo; surface_roughness_length_water; upward_sensible_heat_flux; upward_latent_heat_flux; upward_longwave_radiation; reflected_shortwave_radiation; surface_evaporation_rate; lake_snow_depth; embedded lake column → wrf surface layer b → a; 1-d lake column embedded in wrf | B.in:air_temperature_2m; specific_humidity_2m; wind_speed_10m; wind_u10; wind_v10; surface_pressure; downwelling_shortwave_radiation; downwelling_longwave_radiation; precipitation_rain_rate; precipitation_snow_rate; near_surface_air_density; reference_height_wind; near-surface meteorology; radiative forcing from wrf a → b; in-memory .; host atmosphere providing meteorology; radiation to the lake column,,land_use_class_per_parcel; management_intensity; parcel_area; agent_id,max=0.00,Mismatch,INTENDED,Variable Semantic Compatibility,InformationLevel,Information,LLMAssisted,True,Mismatch,,
6,Data Schema Mismatch,(A or B).output vs AB.output,Embedded,(A or B).output ↔ AB.output (similarity>0),A.out:air_temperature_2m; specific_humidity_2m; wind_u10; wind_v10; surface_pressure; downwelling_shortwave_radiation; downwelling_longwave_radiation; precipitation_rain_rate; precipitation_snow_rate; near_surface_air_density | B.out:lake_skin_temperature; lake_ice_fraction; lake_ice_thickness; lake_surface_albedo; surface_roughness_length_water; upward_sensible_heat_flux; upward_latent_heat_flux; upward_longwave_radiation; reflected_shortwave_radiation; surface_evaporation_rate; lake_snow_depth,,land_use_map; carbon_storage; erosion_control; agricultural_yield,max=0.00,Mismatch,INTENDED,Variable Semantic Compatibility,InformationLevel,Information,LLMAssisted,True,Mismatch,,
6,Temporal Resolution Mismatch,time_steps_temporal_resolution,Embedded,Common exchanged variables align semantically (or a declared conversion bridges them),"seconds dynamics , 5-30 min physics",same as wrf physics time step,"annual decision, es update steps",A<->B token-sim=0.11 (>0 means aligned),Match,INTENDED,Temporal Resolution Compatibility,InformationLevel,Information,Deterministic,True,Match,Deterministic check: A<->B token-sim=0.11 (>0 means aligned),No adaptation required.
6,Temporal Coverage Mismatch,temporal_extent_coverage,Embedded,Common exchanged variables align semantically (or a declared conversion bridges them),event to multi-season,synchronous with host model integration,decadal-scale simulations,A<->B token-sim=0.00 (not aligned) and no resampling/conversion policy is declared.,Mismatch,INTENDED,(auxiliary) Temporal Coverage Mismatch / temporal_extent_coverage,RuntimeLevel,Information,Deterministic,False,Mismatch,Deterministic check: A<->B token-sim=0.00 (not aligned) and no resampling/conversion policy is declared.,Introduce an explicit mediation/adaptation step to resolve this incompatibility before integration.
6,Spatial Resolution Mismatch,spatial_resolution,Embedded,Common exchanged variables align semantically (or a declared conversion bridges them),1-10 km horizontal with ~30-60 vertical atmospheric levels,"layered, ≥10 water layers, multiple snow / ice, sediment layers configurable",1 ha parcels,A<->B token-sim=0.00 (not aligned) and no resampling/conversion policy is declared.,Mismatch,INTENDED,Spatial Resolution Compatibility,InformationLevel,Information,Deterministic,True,Mismatch,Deterministic check: A<->B token-sim=0.00 (not aligned) and no resampling/conversion policy is declared.,Regrid/aggregate the exchanged variable to the spatial resolution required by the receiving model.
6,Spatial Coverage Mismatch,spatial_extent_coverage,Embedded,Common exchanged variables align semantically (or a declared conversion bridges them),wrf regional domain,water points within the wrf domain,parcel-based regional landscape,A<->B token-sim=0.33 (>0 means aligned),Match,INTENDED,(auxiliary) Spatial Coverage Mismatch / spatial_extent_coverage,RuntimeLevel,Information,Deterministic,False,Match,Deterministic check: A<->B token-sim=0.33 (>0 means aligned),No adaptation required.
6,Dimensionality Mismatch,dimensionality,Embedded,Common exchanged variables align semantically (or a declared conversion bridges them),3d atmosphere + embedded 1d lake,1d vertical,2d,A<->B token-sim=0.17 (>0 means aligned),Match,INTENDED,Dimensionality Compatibility,InformationLevel,Information,Deterministic,True,Match,Deterministic check: A<->B token-sim=0.17 (>0 means aligned),No adaptation required.
6,Unit Mismatch,A.output(air_temperature_2m) -> B.input(air_temperature_2m),Embedded,Units must be equal or known-equivalent,various,K,,'various' != 'K' and not in a known-equivalent class; conversion required.,Mismatch,INTENDED,Unit Compatibility,InformationLevel,Information,Deterministic,True,Mismatch,Deterministic check: 'various' != 'K' and not in a known-equivalent class; conversion required.,Apply a unit conversion between the declared source and target units before data exchange.
6,Unit Mismatch,A.output(specific_humidity_2m) -> B.input(specific_humidity_2m),Embedded,Both sides must declare a unit for the exchanged variable,,kg kg^-1,,Unit not declared on one or both sides.,Missing,INTENDED,Unit Compatibility,InformationLevel,Information,Deterministic,True,Gap,Deterministic check: Unit not declared on one or both sides.,Provide the missing metadata field(s) for both models before this constraint can be assessed.
6,Unit Mismatch,A.output(wind_u10) -> B.input(wind_u10),Embedded,Both sides must declare a unit for the exchanged variable,,Pa,,Unit not declared on one or both sides.,Missing,INTENDED,Unit Compatibility,InformationLevel,Information,Deterministic,True,Gap,Deterministic check: Unit not declared on one or both sides.,Provide the missing metadata field(s) for both models before this constraint can be assessed.
6,Unit Mismatch,A.output(wind_v10) -> B.input(wind_v10),Embedded,Both sides must declare a unit for the exchanged variable,,W m^-2,,Unit not declared on one or both sides.,Missing,INTENDED,Unit Compatibility,InformationLevel,Information,Deterministic,True,Gap,Deterministic check: Unit not declared on one or both sides.,Provide the missing metadata field(s) for both models before this constraint can be assessed.
6,Unit Mismatch,A.output(surface_pressure) -> B.input(surface_pressure),Embedded,Both sides must declare a unit for the exchanged variable,,kg m^-2 s^-1,,Unit not declared on one or both sides.,Missing,INTENDED,Unit Compatibility,InformationLevel,Information,Deterministic,True,Gap,Deterministic check: Unit not declared on one or both sides.,Provide the missing metadata field(s) for both models before this constraint can be assessed.
6,Unit Mismatch,A.output(downwelling_shortwave_radiation) -> B.input(downwelling_shortwave_radiation),Embedded,Both sides must declare a unit for the exchanged variable,,m,,Unit not declared on one or both sides.,Missing,INTENDED,Unit Compatibility,InformationLevel,Information,Deterministic,True,Gap,Deterministic check: Unit not declared on one or both sides.,Provide the missing metadata field(s) for both models before this constraint can be assessed.
6,Unit Mismatch,A.output(downwelling_longwave_radiation) -> B.input(downwelling_longwave_radiation),Embedded,Both sides must declare a unit for the exchanged variable,,,,Unit not declared on one or both sides.,Missing,INTENDED,Unit Compatibility,InformationLevel,Information,Deterministic,True,Gap,Deterministic check: Unit not declared on one or both sides.,Provide the missing metadata field(s) for both models before this constraint can be assessed.
6,Unit Mismatch,A.output(precipitation_rain_rate) -> B.input(precipitation_rain_rate),Embedded,Both sides must declare a unit for the exchanged variable,,,,Unit not declared on one or both sides.,Missing,INTENDED,Unit Compatibility,InformationLevel,Information,Deterministic,True,Gap,Deterministic check: Unit not declared on one or both sides.,Provide the missing metadata field(s) for both models before this constraint can be assessed.
6,Unit Mismatch,A.output(precipitation_snow_rate) -> B.input(precipitation_snow_rate),Embedded,Both sides must declare a unit for the exchanged variable,,,,Unit not declared on one or both sides.,Missing,INTENDED,Unit Compatibility,InformationLevel,Information,Deterministic,True,Gap,Deterministic check: Unit not declared on one or both sides.,Provide the missing metadata field(s) for both models before this constraint can be assessed.
6,Unit Mismatch,A.output(near_surface_air_density) -> B.input(near_surface_air_density),Embedded,Both sides must declare a unit for the exchanged variable,,,,Unit not declared on one or both sides.,Missing,INTENDED,Unit Compatibility,InformationLevel,Information,Deterministic,True,Gap,Deterministic check: Unit not declared on one or both sides.,Provide the missing metadata field(s) for both models before this constraint can be assessed.
6,Unit Mismatch,B.output(lake_skin_temperature) -> A.input(lake_skin_temperature),Embedded,Units must be equal or known-equivalent,K,K,,'K' ~ 'K' (equivalent).,Match,INTENDED,Unit Compatibility,InformationLevel,Information,Deterministic,True,Match,Deterministic check: 'K' ~ 'K' (equivalent).,No adaptation required.
6,Unit Mismatch,B.output(lake_ice_fraction) -> A.input(lake_ice_fraction),Embedded,Units must be equal or known-equivalent,dimensionless,dimensionless,,'dimensionless' ~ 'dimensionless' (equivalent).,Match,INTENDED,Unit Compatibility,InformationLevel,Information,Deterministic,True,Match,Deterministic check: 'dimensionless' ~ 'dimensionless' (equivalent).,No adaptation required.
6,Unit Mismatch,B.output(lake_ice_thickness) -> A.input(lake_ice_thickness),Embedded,Units must be equal or known-equivalent,m,m,,'m' ~ 'm' (equivalent).,Match,INTENDED,Unit Compatibility,InformationLevel,Information,Deterministic,True,Match,Deterministic check: 'm' ~ 'm' (equivalent).,No adaptation required.
6,Unit Mismatch,B.output(lake_surface_albedo) -> A.input(lake_surface_albedo),Embedded,Units must be equal or known-equivalent,W m^-2,W m^-2,,'W m^-2' ~ 'W m^-2' (equivalent).,Match,INTENDED,Unit Compatibility,InformationLevel,Information,Deterministic,True,Match,Deterministic check: 'W m^-2' ~ 'W m^-2' (equivalent).,No adaptation required.
6,Unit Mismatch,B.output(surface_roughness_length_water) -> A.input(surface_roughness_length_water),Embedded,Units must be equal or known-equivalent,kg m^-2 s^-1,kg m^-2 s^-1,,'kg m^-2 s^-1' ~ 'kg m^-2 s^-1' (equivalent).,Match,INTENDED,Unit Compatibility,InformationLevel,Information,Deterministic,True,Match,Deterministic check: 'kg m^-2 s^-1' ~ 'kg m^-2 s^-1' (equivalent).,No adaptation required.
6,Unit Mismatch,B.output(upward_sensible_heat_flux) -> A.input(upward_sensible_heat_flux),Embedded,Both sides must declare a unit for the exchanged variable,,,,Unit not declared on one or both sides.,Missing,INTENDED,Unit Compatibility,InformationLevel,Information,Deterministic,True,Gap,Deterministic check: Unit not declared on one or both sides.,Provide the missing metadata field(s) for both models before this constraint can be assessed.
6,Unit Mismatch,B.output(upward_latent_heat_flux) -> A.input(upward_latent_heat_flux),Embedded,Both sides must declare a unit for the exchanged variable,,,,Unit not declared on one or both sides.,Missing,INTENDED,Unit Compatibility,InformationLevel,Information,Deterministic,True,Gap,Deterministic check: Unit not declared on one or both sides.,Provide the missing metadata field(s) for both models before this constraint can be assessed.
6,Unit Mismatch,B.output(upward_longwave_radiation) -> A.input(upward_longwave_radiation),Embedded,Both sides must declare a unit for the exchanged variable,,,,Unit not declared on one or both sides.,Missing,INTENDED,Unit Compatibility,InformationLevel,Information,Deterministic,True,Gap,Deterministic check: Unit not declared on one or both sides.,Provide the missing metadata field(s) for both models before this constraint can be assessed.
6,Unit Mismatch,B.output(reflected_shortwave_radiation) -> A.input(reflected_shortwave_radiation),Embedded,Both sides must declare a unit for the exchanged variable,,,,Unit not declared on one or both sides.,Missing,INTENDED,Unit Compatibility,InformationLevel,Information,Deterministic,True,Gap,Deterministic check: Unit not declared on one or both sides.,Provide the missing metadata field(s) for both models before this constraint can be assessed.
6,Unit Mismatch,B.output(surface_evaporation_rate) -> A.input(surface_evaporation_rate),Embedded,Both sides must declare a unit for the exchanged variable,,,,Unit not declared on one or both sides.,Missing,INTENDED,Unit Compatibility,InformationLevel,Information,Deterministic,True,Gap,Deterministic check: Unit not declared on one or both sides.,Provide the missing metadata field(s) for both models before this constraint can be assessed.
6,Unit Mismatch,B.output(lake_snow_depth) -> A.input(lake_snow_depth),Embedded,Both sides must declare a unit for the exchanged variable,,,,Unit not declared on one or both sides.,Missing,INTENDED,Unit Compatibility,InformationLevel,Information,Deterministic,True,Gap,Deterministic check: Unit not declared on one or both sides.,Provide the missing metadata field(s) for both models before this constraint can be assessed.
6,Communication Mechanism Mismatch,communication_mechanism,Embedded,Pattern-graded requirement,,,,"Embedded requires A, B, and AB to declare mechanism.",Missing,INTENDED,Interface Compatibility,RuntimeLevel,Computational,LLMAssisted,True,Gap,,
6,Error Handling Mismatch,error_handling,Embedded,Pattern-graded requirement,numerical stability checks; restart mechanism; boundary-condition consistency checks,"numerical stability checks, non-negative thickness enforcement, energy-balance diagnostics, failures trigger wrf restart / log messages but no autonomous recovery.",,"Embedded requires A, B, and AB error handling.",Missing,INTENDED,Error-Handling Compatibility,RuntimeLevel,Computational,LLMAssisted,True,Gap,,
6,Execution Instruction Gap,execution_instructions,Embedded,Require both sides,compile with lake physics enabled; run real.exe for ic / lbc generation; execute wrf.exe with embedded lake tile; in-memory lower-boundary exchange each physics step,"enable the lake physics option in the wrf namelist, supply lake mask, bathymetry, compile wrf with the lake scheme, run real.exe, wrf.exe with the lake tile active. coupling is via in-memory, direct-call interfaces at every physics step.",,Both A and B must provide.,Match,INTENDED,Execution Environment Compatibility,RuntimeLevel,Technology,LLMAssisted,True,Match,,
6,Parallel Execution Incompatibility,parallel_execution,Embedded,Pattern-graded requirement,,true,,"Embedded requires A, B, and AB to declare this.",Missing,INTENDED,Execution Constraint Compatibility,RuntimeLevel,Engineering,LLMAssisted,True,Gap,,
6,Execution Constraint Mismatch,execution_constraints,Embedded,Pattern-graded requirement,synchronous timestep with lake tile; identical grid cell ownership for water points; requires stable physics timestep for lake-atmosphere fluxes; synchronous timestep; shared grid ownership,"tight coupling, synchronous, lockstep execution with the host wrf physics time step, with identical grid cell ownership for lake points, strict energy / mass conservation.",,"Embedded requires A, B, and AB to declare this.",Missing,INTENDED,Execution Ordering Compatibility,RuntimeLevel,Engineering,Deterministic,True,Gap,"Deterministic check: Embedded requires A, B, and AB to declare this.",Provide the missing metadata field(s) for both models before this constraint can be assessed.
6,Acknowledgment Protocol Mismatch,acknowledgment_protocols,Embedded,Pattern-graded requirement,embedded component attribution; cite xiao et al. 2016 for lake improvements,"use of the scheme should cite subin et al. clm lake scheme , xiao et al. 2016 for wrf-lake integration, follow wrf / clm acknowledgment guidelines.",,"Embedded requires A, B, and AB to declare this.",Missing,INTENDED,Synchronization Compatibility,RuntimeLevel,Engineering,LLMAssisted,True,Gap,,
6,Latency Expectation Mismatch,latency_expectations,Embedded,Pattern-graded requirement,low,,,"Embedded requires A, B, and AB to declare this.",Missing,INTENDED,Latency Compatibility,RuntimeLevel,Engineering,LLMAssisted,True,Gap,,
6,Data Synchronization,data_synchronization,Embedded,Pattern-graded requirement,two-way; in-memory; synchronous; every physics step; in-memory exchange,"two-way, in-memory, low-latency exchange every physics step same timestep, real-time from the model’s perspective .",,"Embedded requires A, B, and AB synchronization metadata.",Missing,INTENDED,Synchronization Compatibility,RuntimeLevel,Engineering,LLMAssisted,True,Gap,,
6,Programming Language Incompatibility,programming_language,Embedded,Exact equality required,native_c_cpp_fortran_family; python_r_cpp_family,fortran,netlogo; python,Not equal.,Mismatch,INTENDED,Execution Environment Compatibility,RuntimeLevel,Technology,LLMAssisted,True,Mismatch,,
6,Source Code Availability Gap,availability_of_source_code (A),Embedded,Presence required,,,,A provides metadata,Missing,INTENDED,(auxiliary) Source Code Availability Gap / availability_of_source_code (A),RuntimeLevel,Technology,Deterministic,False,Gap,Deterministic check: A provides metadata,Provide the missing metadata field(s) for both models before this constraint can be assessed.
6,Source Code Availability Gap,availability_of_source_code (B),Embedded,Presence required,,,,B provides metadata,Missing,INTENDED,(auxiliary) Source Code Availability Gap / availability_of_source_code (B),RuntimeLevel,Technology,Deterministic,False,Gap,Deterministic check: B provides metadata,Provide the missing metadata field(s) for both models before this constraint can be assessed.
6,Implementation Verification Gap,implementation_verification (A),Embedded,Presence required,"lake-enabled benchmarks, great lakes case studies confirm improved lst, ice skill.; buoy comparisons, reanalysis agreement",,,A provides metadata,Match,INTENDED,(auxiliary) Implementation Verification Gap / implementation_verification (A),RuntimeLevel,Technology,Deterministic,False,Match,Deterministic check: A provides metadata,No adaptation required.
6,Implementation Verification Gap,implementation_verification (B),Embedded,Presence required,"reproduces documented improvements in great lakes wrf-lake experiments, energy, mass conservation checked across the air-lake interface.; energy closure, non-negativity checks performed each step, evaluated against buoy lake-surface temperature, ice-cover products.",,,B provides metadata,Match,INTENDED,(auxiliary) Implementation Verification Gap / implementation_verification (B),RuntimeLevel,Technology,Deterministic,False,Match,Deterministic check: B provides metadata,No adaptation required.
6,Software Environment Mismatch,software_specification_and_requirements,Embedded,Presence required,,"built as part of wrf physics, no external coupler required at runtime.",,Only one side provides metadata.,Missing,INTENDED,Execution Environment Compatibility,RuntimeLevel,Technology,LLMAssisted,True,Gap,,
6,Hardware Resource Mismatch,hardware_specification_and_requirements,Embedded,Exact equality required,hpc cluster or large workstation,same as host wrf mpi-parallel cluster or hpc,"standard desktop or workstation, multicore optional for batch scenario runs.",Not equal.,Mismatch,INTENDED,Execution Environment Compatibility,RuntimeLevel,Technology,LLMAssisted,True,Mismatch,,
6,Distribution Version Mismatch,distribution_version,Embedded,Presence required,,embedded with wrf v3.6+,1.0,Only one side provides metadata.,Missing,INTENDED,Execution Environment Compatibility,RuntimeLevel,Technology,LLMAssisted,True,Gap,,
6,File Format Mismatch,file_formats,Embedded,Presence required,,,,Neither provides metadata.,Missing,INTENDED,Data Format Compatibility,InformationLevel,Information,Deterministic,True,Gap,Deterministic check: Neither provides metadata.,Provide the missing metadata field(s) for both models before this constraint can be assessed.
6,License Incompatibility,license,Embedded,Pattern-graded requirement,gpl,"inherited from wrf / clm components academic, non-osi .",,Exact equality required at Embedded.,Mismatch,INTENDED,License Compatibility,RuntimeLevel,Technology,LLMAssisted,True,Mismatch,,
6,Landing Page Gap,landing_page (A),Embedded,Presence required,,,,A provides landing page,Missing,INTENDED,(auxiliary) Landing Page Gap / landing_page (A),RuntimeLevel,Technology,Deterministic,False,Gap,Deterministic check: A provides landing page,Provide the missing metadata field(s) for both models before this constraint can be assessed.
6,Landing Page Gap,landing_page (B),Embedded,Presence required,,,,B provides landing page,Missing,INTENDED,(auxiliary) Landing Page Gap / landing_page (B),RuntimeLevel,Technology,Deterministic,False,Gap,Deterministic check: B provides landing page,Provide the missing metadata field(s) for both models before this constraint can be assessed.
6,Operating Environment Mismatch,operating_system,Embedded,Declared operating systems must overlap,,,,Operating system not declared on one or both sides.,Missing,INTENDED,Operating Environment Compatibility,RuntimeLevel,Technology,Deterministic,True,Gap,Deterministic check: Operating system not declared on one or both sides.,Provide the missing metadata field(s) for both models before this constraint can be assessed.
6,Semantic Mismatch,Title,Embedded,Coverage threshold ≥ 0.50,"weather research, forecasting model arw core with embedded 1-d lake scheme; skamarock et al.","wrf embedded 1-d lake scheme lisss / clm4.5-derived; subin et al., xiao et al.","integrated agent-based land-use, ecosystem services model; dawn c. parker; c. jantz","A→AB:0.00 (covered: —) | B→AB:0.00 (covered: —) | A∪B→AB:0.00 (covered: —) | uncovered_AB: agent, based, dawn, ecosystem, integrated, jantz, land, parker, services, use",Mismatch,INTEGRATED,(auxiliary) Semantic Mismatch / Title,PatternAgnostic,Domain,Deterministic,False,Mismatch,"Deterministic check: A→AB:0.00 (covered: —) | B→AB:0.00 (covered: —) | A∪B→AB:0.00 (covered: —) | uncovered_AB: agent, based, dawn, ecosystem, integrated, jantz, land, parker, services, use",Introduce an explicit mediation/adaptation step to resolve this incompatibility before integration.
6,Semantic Mismatch,Model Version,Embedded,A or B must equal AB exactly,3.6+; clm4.5 lake,clm4.5 lake scheme as embedded in wrf v3.6+; 3.6+,1.0,A==AB:×; B==AB:×,Mismatch,INTEGRATED,(auxiliary) Semantic Mismatch / Model Version,PatternAgnostic,Domain,Deterministic,False,Mismatch,Deterministic check: A==AB:×; B==AB:×,Introduce an explicit mediation/adaptation step to resolve this incompatibility before integration.
6,Semantic Mismatch,Description,Embedded,Coverage threshold ≥ 0.50,"nonhydrostatic mesoscale atmospheric model providing near-surface meteorology, radiation, turbulent flux drivers to an embedded 1-d lake-ice-snow column. the lake scheme returns prognostic lake surface temperature, ice, snow, fluxes as a lower boundary condition to wrf’s surface layer. improvements from xiao et al. 2016 include dynamic albedo, enhanced eddy diffusivity, snow-over-ice processes, reducing lake-surface-temperature, ice biases.; embedded lake column → wrf surface layer b → a; 1-d lake column embedded in wrf","a 1-d thermal diffusion lake column with layered water, ice, snow, sediment. the scheme computes lake surface temperature, ice / snow evolution, air-lake fluxes in response to wrf near-surface meteorology, radiation. it is embedded as a surface tile in wrf, exchanging state, fluxes in-memory at each physics time step.; built as part of wrf physics, no external coupler required at runtime.; near-surface meteorology, radiative forcing from wrf a → b, in-memory .; host atmosphere providing meteorology, radiation to the lake column","a spatially explicit integrated model that couples an agent-based land-use model with an ecosystem services es meta-model. agents make land-use decisions on a parcel-based landscape, their decisions update land cover, which is passed to the es module to compute indicators such as carbon storage, erosion control, crop yield. updated es scores feed back into agent decision-making in an iterative loop.; requires an abm platform e.g., netlogo plus a scripting / analysis environment for es evaluation.; annual parcel-based land-use / management maps, attributes from the agent-based model.","A→AB:0.00 (covered: —) | B→AB:0.02 (covered: is) | A∪B→AB:0.02 (covered: is) | uncovered_AB: abm, agent, agents, analysis, annual, attributes, back, based, carbon, compute, control, couples, cover, crop, decision, decisions, ecosystem, environment, erosion, es, evaluation, explicit, feed, indicators, integrated, iterative, land, landscape, loop, make, making, management, maps, meta, module, netlogo, parcel, passed, platform, requires, scores, scripting, services, spatially, storage, such, that, their, update, updated, use, which, yield",Mismatch,INTEGRATED,(auxiliary) Semantic Mismatch / Description,PatternAgnostic,Domain,Deterministic,False,Mismatch,"Deterministic check: A→AB:0.00 (covered: —) | B→AB:0.02 (covered: is) | A∪B→AB:0.02 (covered: is) | uncovered_AB: abm, agent, agents, analysis, annual, attributes, back, based, carbon, compute, control, couples, cover, crop, decision, decisions, ecosystem, environment, erosion, es, evaluation, explicit, feed, indicators, integrated, iterative, land, landscape, loop, make, making, management, maps, meta, module, netlogo, parcel, passed, platform, requires, scores, scripting, services, spatially, storage, such, that, their, update, updated, use, which, yield",Introduce an explicit mediation/adaptation step to resolve this incompatibility before integration.
6,Semantic Mismatch,Keywords,Embedded,Coverage threshold ≥ 0.50,regional atmosphere; boundary layer; surface fluxes; radiation; lake-atmosphere interaction; wrf-lake,lake column; thermal diffusion; ice / snow on lakes; surface fluxes; dynamic albedo; wrf-lake,land-use change; agent-based modeling; ecosystem services; model integration; environmental decision-making,"A→AB:0.00 (covered: —) | B→AB:0.00 (covered: —) | A∪B→AB:0.00 (covered: —) | uncovered_AB: agent, based, change, decision, ecosystem, environmental, integration, land, making, modeling, services, use",Mismatch,INTEGRATED,(auxiliary) Semantic Mismatch / Keywords,PatternAgnostic,Domain,Deterministic,False,Mismatch,"Deterministic check: A→AB:0.00 (covered: —) | B→AB:0.00 (covered: —) | A∪B→AB:0.00 (covered: —) | uncovered_AB: agent, based, change, decision, ecosystem, environmental, integration, land, making, modeling, services, use",Introduce an explicit mediation/adaptation step to resolve this incompatibility before integration.
6,Semantic Mismatch,Model Type,Embedded,Coverage threshold ≥ 0.50,mechanistic,mechanistic,mechanistic + empirical,A→AB:0.50 (covered: mechanistic) | B→AB:0.50 (covered: mechanistic) | A∪B→AB:0.50 (covered: mechanistic) | uncovered_AB: empirical,Match,INTEGRATED,(auxiliary) Semantic Mismatch / Model Type,PatternAgnostic,Domain,Deterministic,False,Match,Deterministic check: A→AB:0.50 (covered: mechanistic) | B→AB:0.50 (covered: mechanistic) | A∪B→AB:0.50 (covered: mechanistic) | uncovered_AB: empirical,No adaptation required.
6,Semantic Mismatch,Scope,Embedded,Coverage threshold ≥ 0.50,continental to regional atmospheric modeling over lake districts,grid-point lake representation within a regional nwp / rcm,regional landscape systems with spatial heterogeneity,"A→AB:0.20 (covered: regional) | B→AB:0.20 (covered: regional) | A∪B→AB:0.20 (covered: regional) | uncovered_AB: heterogeneity, landscape, spatial, systems",Mismatch,INTEGRATED,Scope Compatibility,PatternAgnostic,Domain,LLMAssisted,True,Mismatch,,
6,Semantic Mismatch,Purpose & Pattern,Embedded,Coverage threshold ≥ 0.50,"simulate atmospheric circulation, air-lake energy / moisture exchange; embedded tile-based coupling between atmospheric physics, 1-d lake column","provide physically consistent lower-boundary lake state, fluxes to the host atmosphere; layered 1-d column with prognostic temperature profiles embedded as a surface tile","assess how land-use dynamics impact ecosystem services under different policy, behavioural, valuation scenarios.; iterative feedback coupling abm → es → abm; embedded","A→AB:0.11 (covered: coupling, embedded) | B→AB:0.05 (covered: embedded) | A∪B→AB:0.11 (covered: coupling, embedded) | uncovered_AB: abm, assess, behavioural, different, dynamics, ecosystem, es, feedback, how, impact, iterative, land, policy, scenarios, services, use, valuation",Mismatch,INTEGRATED,Purpose Compatibility,PatternAgnostic,Domain,LLMAssisted,True,Mismatch,,
6,Semantic Mismatch,Assumptions,Embedded,Coverage threshold ≥ 0.50,hydrostatic or nonhydrostatic depending on namelist configuration; terrain-following eta coordinate; horizontally homogeneous 1-d lake columns at water grid points,"horizontally homogeneous lake column per atmospheric grid cell 1-d vertical structure; eddy diffusivity parameterized with optional enhanced mixing for deep lakes; dynamic surface albedo with explicit ice / snow processes; lake thermodynamics forced solely by host near-surface meteorology, radiation","land use, management fully determine es outputs at the parcel scale.; agents incorporate es indicators or valuations in their utility functions.; lookup tables or response surfaces for es are representative of underlying processes.; policy scenarios, behavioural rules remain stationary within a simulation.","A→AB:0.00 (covered: —) | B→AB:0.03 (covered: processes) | A∪B→AB:0.03 (covered: processes) | uncovered_AB: agents, are, behavioural, determine, es, fully, functions, incorporate, indicators, land, lookup, management, parcel, policy, remain, representative, response, rules, scale, scenarios, simulation, stationary, surfaces, tables, their, underlying, use, utility, valuations, within",Mismatch,INTEGRATED,Assumption Compatibility,PatternAgnostic,Domain,LLMAssisted,True,Mismatch,,
6,Conceptual Quality Gap,Links to Publications & Reports,Embedded,Pattern-agnostic,"xiao et al., 2016 james","xiao et al., 2016, james - improving the lake scheme within a coupled wrf-lake model in the laurentian great lakes region",,Both provide metadata.,Match,INTEGRATED,Conceptual Quality Evidence,PatternAgnostic,Domain,LLMAssisted,True,Match,,
6,Conceptual Quality Gap,Authors’ Unique Identifier,Embedded,Pattern-agnostic,skamarock et al.; wrf core development,"subin et al., xiao et al.; lake scheme development, clm4.5 heritage, wrf integration",,Both provide metadata.,Match,INTEGRATED,Conceptual Quality Evidence,PatternAgnostic,Domain,LLMAssisted,True,Match,,
6,Conceptual Quality Gap,Conceptual Model Evaluation,Embedded,Pattern-agnostic,"demonstrates improved wrf performance over lake-rich regions when using dynamic albedo, enhanced eddy diffusivity, explicit snow-over-ice thermodynamics.","demonstrates reduced lake-surface-temperature, ice-cover biases when using dynamic albedo, tuned diffusivity, snow-over-ice physics, behaviour consistent with lake thermodynamics theory.",,Both provide metadata.,Match,INTEGRATED,Conceptual Quality Evidence,PatternAgnostic,Domain,LLMAssisted,True,Match,,
6,Conceptual Quality Gap,Calibration Tools/Data,Embedded,Pattern-agnostic,"reanalysis forcing e.g., narr , buoy lake temperature profiles, satellite ice cover","buoy temperature profiles, ice cover climatology, great lakes case studies",,Both provide metadata.,Match,INTEGRATED,Conceptual Quality Evidence,PatternAgnostic,Domain,LLMAssisted,True,Match,,
6,Conceptual Quality Gap,Validation Capabilities,Embedded,Pattern-agnostic,"buoys, precipitation analyses, ice phenology, lst profiles","validated against buoy temperature profiles, lake ice cover products, regional atmospheric fields e.g., near-surface temperature, precipitation .",,Both provide metadata.,Match,INTEGRATED,Conceptual Quality Evidence,PatternAgnostic,Domain,LLMAssisted,True,Match,,
6,Conceptual Quality Gap,Sensitivity Analysis,Embedded,Pattern-agnostic,"diffusivity factors, albedo options, snow / ice configurations, physics suite variations","tested for sensitivity to vertical diffusivity enhancement factors, albedo options, snow / ice parameterizations.",,Both provide metadata.,Match,INTEGRATED,Conceptual Quality Evidence,PatternAgnostic,Domain,LLMAssisted,True,Match,,
6,Conceptual Quality Gap,Uncertainty Analysis,Embedded,Pattern-agnostic,scenario ensembles,"exploratory parameter sweeps, physics-option ensembles not probabilistic .",,Both provide metadata.,Match,INTEGRATED,Conceptual Quality Evidence,PatternAgnostic,Domain,LLMAssisted,True,Match,,
6,Data Schema Mismatch,Direction (any),Embedded,A.output ↔ B.input OR B.output ↔ A.input (≥1),A.out:air_temperature_2m; specific_humidity_2m; wind_u10; wind_v10; surface_pressure; downwelling_shortwave_radiation; downwelling_longwave_radiation; precipitation_rain_rate; precipitation_snow_rate; near_surface_air_density,B.out:lake_skin_temperature; lake_ice_fraction; lake_ice_thickness; lake_surface_albedo; surface_roughness_length_water; upward_sensible_heat_flux; upward_latent_heat_flux; upward_longwave_radiation; reflected_shortwave_radiation; surface_evaporation_rate; lake_snow_depth,,A2B:✓; B2A:✓,Match,INTEGRATED,Variable Semantic Compatibility,InformationLevel,Information,LLMAssisted,True,Match,,
6,Data Schema Mismatch,(A or B).input vs AB.input,Embedded,(A or B).input ↔ AB.input (similarity>0),A.in:lake_skin_temperature; lake_ice_fraction; lake_ice_thickness; lake_surface_albedo; surface_roughness_length_water; upward_sensible_heat_flux; upward_latent_heat_flux; upward_longwave_radiation; reflected_shortwave_radiation; surface_evaporation_rate; lake_snow_depth; embedded lake column → wrf surface layer b → a; 1-d lake column embedded in wrf | B.in:air_temperature_2m; specific_humidity_2m; wind_speed_10m; wind_u10; wind_v10; surface_pressure; downwelling_shortwave_radiation; downwelling_longwave_radiation; precipitation_rain_rate; precipitation_snow_rate; near_surface_air_density; reference_height_wind; near-surface meteorology; radiative forcing from wrf a → b; in-memory .; host atmosphere providing meteorology; radiation to the lake column,,land_use_class_per_parcel; management_intensity; parcel_area; agent_id,max=0.00,Mismatch,INTEGRATED,Variable Semantic Compatibility,InformationLevel,Information,LLMAssisted,True,Mismatch,,
6,Data Schema Mismatch,(A or B).output vs AB.output,Embedded,(A or B).output ↔ AB.output (similarity>0),A.out:air_temperature_2m; specific_humidity_2m; wind_u10; wind_v10; surface_pressure; downwelling_shortwave_radiation; downwelling_longwave_radiation; precipitation_rain_rate; precipitation_snow_rate; near_surface_air_density | B.out:lake_skin_temperature; lake_ice_fraction; lake_ice_thickness; lake_surface_albedo; surface_roughness_length_water; upward_sensible_heat_flux; upward_latent_heat_flux; upward_longwave_radiation; reflected_shortwave_radiation; surface_evaporation_rate; lake_snow_depth,,land_use_map; carbon_storage; erosion_control; agricultural_yield,max=0.00,Mismatch,INTEGRATED,Variable Semantic Compatibility,InformationLevel,Information,LLMAssisted,True,Mismatch,,
6,Temporal Resolution Mismatch,time_steps_temporal_resolution,Embedded,Common exchanged variables align semantically (or a declared conversion bridges them),"seconds dynamics , 5-30 min physics",same as wrf physics time step,"annual decision, es update steps",A<->B token-sim=0.11 (>0 means aligned),Match,INTEGRATED,Temporal Resolution Compatibility,InformationLevel,Information,Deterministic,True,Match,Deterministic check: A<->B token-sim=0.11 (>0 means aligned),No adaptation required.
6,Temporal Coverage Mismatch,temporal_extent_coverage,Embedded,Common exchanged variables align semantically (or a declared conversion bridges them),event to multi-season,synchronous with host model integration,decadal-scale simulations,A<->B token-sim=0.00 (not aligned) and no resampling/conversion policy is declared.,Mismatch,INTEGRATED,(auxiliary) Temporal Coverage Mismatch / temporal_extent_coverage,RuntimeLevel,Information,Deterministic,False,Mismatch,Deterministic check: A<->B token-sim=0.00 (not aligned) and no resampling/conversion policy is declared.,Introduce an explicit mediation/adaptation step to resolve this incompatibility before integration.
6,Spatial Resolution Mismatch,spatial_resolution,Embedded,Common exchanged variables align semantically (or a declared conversion bridges them),1-10 km horizontal with ~30-60 vertical atmospheric levels,"layered, ≥10 water layers, multiple snow / ice, sediment layers configurable",1 ha parcels,A<->B token-sim=0.00 (not aligned) and no resampling/conversion policy is declared.,Mismatch,INTEGRATED,Spatial Resolution Compatibility,InformationLevel,Information,Deterministic,True,Mismatch,Deterministic check: A<->B token-sim=0.00 (not aligned) and no resampling/conversion policy is declared.,Regrid/aggregate the exchanged variable to the spatial resolution required by the receiving model.
6,Spatial Coverage Mismatch,spatial_extent_coverage,Embedded,Common exchanged variables align semantically (or a declared conversion bridges them),wrf regional domain,water points within the wrf domain,parcel-based regional landscape,A<->B token-sim=0.33 (>0 means aligned),Match,INTEGRATED,(auxiliary) Spatial Coverage Mismatch / spatial_extent_coverage,RuntimeLevel,Information,Deterministic,False,Match,Deterministic check: A<->B token-sim=0.33 (>0 means aligned),No adaptation required.
6,Dimensionality Mismatch,dimensionality,Embedded,Common exchanged variables align semantically (or a declared conversion bridges them),3d atmosphere + embedded 1d lake,1d vertical,2d,A<->B token-sim=0.17 (>0 means aligned),Match,INTEGRATED,Dimensionality Compatibility,InformationLevel,Information,Deterministic,True,Match,Deterministic check: A<->B token-sim=0.17 (>0 means aligned),No adaptation required.
6,Unit Mismatch,A.output(air_temperature_2m) -> B.input(air_temperature_2m),Embedded,Units must be equal or known-equivalent,various,K,,'various' != 'K' and not in a known-equivalent class; conversion required.,Mismatch,INTEGRATED,Unit Compatibility,InformationLevel,Information,Deterministic,True,Mismatch,Deterministic check: 'various' != 'K' and not in a known-equivalent class; conversion required.,Apply a unit conversion between the declared source and target units before data exchange.
6,Unit Mismatch,A.output(specific_humidity_2m) -> B.input(specific_humidity_2m),Embedded,Both sides must declare a unit for the exchanged variable,,kg kg^-1,,Unit not declared on one or both sides.,Missing,INTEGRATED,Unit Compatibility,InformationLevel,Information,Deterministic,True,Gap,Deterministic check: Unit not declared on one or both sides.,Provide the missing metadata field(s) for both models before this constraint can be assessed.
6,Unit Mismatch,A.output(wind_u10) -> B.input(wind_u10),Embedded,Both sides must declare a unit for the exchanged variable,,Pa,,Unit not declared on one or both sides.,Missing,INTEGRATED,Unit Compatibility,InformationLevel,Information,Deterministic,True,Gap,Deterministic check: Unit not declared on one or both sides.,Provide the missing metadata field(s) for both models before this constraint can be assessed.
6,Unit Mismatch,A.output(wind_v10) -> B.input(wind_v10),Embedded,Both sides must declare a unit for the exchanged variable,,W m^-2,,Unit not declared on one or both sides.,Missing,INTEGRATED,Unit Compatibility,InformationLevel,Information,Deterministic,True,Gap,Deterministic check: Unit not declared on one or both sides.,Provide the missing metadata field(s) for both models before this constraint can be assessed.
6,Unit Mismatch,A.output(surface_pressure) -> B.input(surface_pressure),Embedded,Both sides must declare a unit for the exchanged variable,,kg m^-2 s^-1,,Unit not declared on one or both sides.,Missing,INTEGRATED,Unit Compatibility,InformationLevel,Information,Deterministic,True,Gap,Deterministic check: Unit not declared on one or both sides.,Provide the missing metadata field(s) for both models before this constraint can be assessed.
6,Unit Mismatch,A.output(downwelling_shortwave_radiation) -> B.input(downwelling_shortwave_radiation),Embedded,Both sides must declare a unit for the exchanged variable,,m,,Unit not declared on one or both sides.,Missing,INTEGRATED,Unit Compatibility,InformationLevel,Information,Deterministic,True,Gap,Deterministic check: Unit not declared on one or both sides.,Provide the missing metadata field(s) for both models before this constraint can be assessed.
6,Unit Mismatch,A.output(downwelling_longwave_radiation) -> B.input(downwelling_longwave_radiation),Embedded,Both sides must declare a unit for the exchanged variable,,,,Unit not declared on one or both sides.,Missing,INTEGRATED,Unit Compatibility,InformationLevel,Information,Deterministic,True,Gap,Deterministic check: Unit not declared on one or both sides.,Provide the missing metadata field(s) for both models before this constraint can be assessed.
6,Unit Mismatch,A.output(precipitation_rain_rate) -> B.input(precipitation_rain_rate),Embedded,Both sides must declare a unit for the exchanged variable,,,,Unit not declared on one or both sides.,Missing,INTEGRATED,Unit Compatibility,InformationLevel,Information,Deterministic,True,Gap,Deterministic check: Unit not declared on one or both sides.,Provide the missing metadata field(s) for both models before this constraint can be assessed.
6,Unit Mismatch,A.output(precipitation_snow_rate) -> B.input(precipitation_snow_rate),Embedded,Both sides must declare a unit for the exchanged variable,,,,Unit not declared on one or both sides.,Missing,INTEGRATED,Unit Compatibility,InformationLevel,Information,Deterministic,True,Gap,Deterministic check: Unit not declared on one or both sides.,Provide the missing metadata field(s) for both models before this constraint can be assessed.
6,Unit Mismatch,A.output(near_surface_air_density) -> B.input(near_surface_air_density),Embedded,Both sides must declare a unit for the exchanged variable,,,,Unit not declared on one or both sides.,Missing,INTEGRATED,Unit Compatibility,InformationLevel,Information,Deterministic,True,Gap,Deterministic check: Unit not declared on one or both sides.,Provide the missing metadata field(s) for both models before this constraint can be assessed.
6,Unit Mismatch,B.output(lake_skin_temperature) -> A.input(lake_skin_temperature),Embedded,Units must be equal or known-equivalent,K,K,,'K' ~ 'K' (equivalent).,Match,INTEGRATED,Unit Compatibility,InformationLevel,Information,Deterministic,True,Match,Deterministic check: 'K' ~ 'K' (equivalent).,No adaptation required.
6,Unit Mismatch,B.output(lake_ice_fraction) -> A.input(lake_ice_fraction),Embedded,Units must be equal or known-equivalent,dimensionless,dimensionless,,'dimensionless' ~ 'dimensionless' (equivalent).,Match,INTEGRATED,Unit Compatibility,InformationLevel,Information,Deterministic,True,Match,Deterministic check: 'dimensionless' ~ 'dimensionless' (equivalent).,No adaptation required.
6,Unit Mismatch,B.output(lake_ice_thickness) -> A.input(lake_ice_thickness),Embedded,Units must be equal or known-equivalent,m,m,,'m' ~ 'm' (equivalent).,Match,INTEGRATED,Unit Compatibility,InformationLevel,Information,Deterministic,True,Match,Deterministic check: 'm' ~ 'm' (equivalent).,No adaptation required.
6,Unit Mismatch,B.output(lake_surface_albedo) -> A.input(lake_surface_albedo),Embedded,Units must be equal or known-equivalent,W m^-2,W m^-2,,'W m^-2' ~ 'W m^-2' (equivalent).,Match,INTEGRATED,Unit Compatibility,InformationLevel,Information,Deterministic,True,Match,Deterministic check: 'W m^-2' ~ 'W m^-2' (equivalent).,No adaptation required.
6,Unit Mismatch,B.output(surface_roughness_length_water) -> A.input(surface_roughness_length_water),Embedded,Units must be equal or known-equivalent,kg m^-2 s^-1,kg m^-2 s^-1,,'kg m^-2 s^-1' ~ 'kg m^-2 s^-1' (equivalent).,Match,INTEGRATED,Unit Compatibility,InformationLevel,Information,Deterministic,True,Match,Deterministic check: 'kg m^-2 s^-1' ~ 'kg m^-2 s^-1' (equivalent).,No adaptation required.
6,Unit Mismatch,B.output(upward_sensible_heat_flux) -> A.input(upward_sensible_heat_flux),Embedded,Both sides must declare a unit for the exchanged variable,,,,Unit not declared on one or both sides.,Missing,INTEGRATED,Unit Compatibility,InformationLevel,Information,Deterministic,True,Gap,Deterministic check: Unit not declared on one or both sides.,Provide the missing metadata field(s) for both models before this constraint can be assessed.
6,Unit Mismatch,B.output(upward_latent_heat_flux) -> A.input(upward_latent_heat_flux),Embedded,Both sides must declare a unit for the exchanged variable,,,,Unit not declared on one or both sides.,Missing,INTEGRATED,Unit Compatibility,InformationLevel,Information,Deterministic,True,Gap,Deterministic check: Unit not declared on one or both sides.,Provide the missing metadata field(s) for both models before this constraint can be assessed.
6,Unit Mismatch,B.output(upward_longwave_radiation) -> A.input(upward_longwave_radiation),Embedded,Both sides must declare a unit for the exchanged variable,,,,Unit not declared on one or both sides.,Missing,INTEGRATED,Unit Compatibility,InformationLevel,Information,Deterministic,True,Gap,Deterministic check: Unit not declared on one or both sides.,Provide the missing metadata field(s) for both models before this constraint can be assessed.
6,Unit Mismatch,B.output(reflected_shortwave_radiation) -> A.input(reflected_shortwave_radiation),Embedded,Both sides must declare a unit for the exchanged variable,,,,Unit not declared on one or both sides.,Missing,INTEGRATED,Unit Compatibility,InformationLevel,Information,Deterministic,True,Gap,Deterministic check: Unit not declared on one or both sides.,Provide the missing metadata field(s) for both models before this constraint can be assessed.
6,Unit Mismatch,B.output(surface_evaporation_rate) -> A.input(surface_evaporation_rate),Embedded,Both sides must declare a unit for the exchanged variable,,,,Unit not declared on one or both sides.,Missing,INTEGRATED,Unit Compatibility,InformationLevel,Information,Deterministic,True,Gap,Deterministic check: Unit not declared on one or both sides.,Provide the missing metadata field(s) for both models before this constraint can be assessed.
6,Unit Mismatch,B.output(lake_snow_depth) -> A.input(lake_snow_depth),Embedded,Both sides must declare a unit for the exchanged variable,,,,Unit not declared on one or both sides.,Missing,INTEGRATED,Unit Compatibility,InformationLevel,Information,Deterministic,True,Gap,Deterministic check: Unit not declared on one or both sides.,Provide the missing metadata field(s) for both models before this constraint can be assessed.
6,Communication Mechanism Mismatch,communication_mechanism,Embedded,Pattern-graded requirement,,,,"Embedded requires A, B, and AB to declare mechanism.",Missing,INTEGRATED,Interface Compatibility,RuntimeLevel,Computational,LLMAssisted,True,Gap,,
6,Error Handling Mismatch,error_handling,Embedded,Pattern-graded requirement,numerical stability checks; restart mechanism; boundary-condition consistency checks,"numerical stability checks, non-negative thickness enforcement, energy-balance diagnostics, failures trigger wrf restart / log messages but no autonomous recovery.","input validation on parcel ids, land-use categories, es table lookups, invalid or missing values fall back to defaults, are logged for post-run diagnostics.","A↔AB=0.00, B↔AB=0.03 (>0 required).",Mismatch,INTEGRATED,Error-Handling Compatibility,RuntimeLevel,Computational,LLMAssisted,True,Mismatch,,
6,Execution Instruction Gap,execution_instructions,Embedded,Require both sides,compile with lake physics enabled; run real.exe for ic / lbc generation; execute wrf.exe with embedded lake tile; in-memory lower-boundary exchange each physics step,"enable the lake physics option in the wrf namelist, supply lake mask, bathymetry, compile wrf with the lake scheme, run real.exe, wrf.exe with the lake tile active. coupling is via in-memory, direct-call interfaces at every physics step.",,Both A and B must provide.,Match,INTEGRATED,Execution Environment Compatibility,RuntimeLevel,Technology,LLMAssisted,True,Match,,
6,Parallel Execution Incompatibility,parallel_execution,Embedded,Pattern-graded requirement,,true,,"Embedded requires A, B, and AB to declare this.",Missing,INTEGRATED,Execution Constraint Compatibility,RuntimeLevel,Engineering,LLMAssisted,True,Gap,,
6,Execution Constraint Mismatch,execution_constraints,Embedded,Pattern-graded requirement,synchronous timestep with lake tile; identical grid cell ownership for water points; requires stable physics timestep for lake-atmosphere fluxes; synchronous timestep; shared grid ownership,"tight coupling, synchronous, lockstep execution with the host wrf physics time step, with identical grid cell ownership for lake points, strict energy / mass conservation.","synchronous annual coupling, abm, es modules run in sequence each timestep abm → es → abm , using the same grid, parcel identifiers.",Embedded requires synchronous/low-latency cues (as applicable).,Match,INTEGRATED,Execution Ordering Compatibility,RuntimeLevel,Engineering,Deterministic,True,Match,Deterministic check: Embedded requires synchronous/low-latency cues (as applicable).,No adaptation required.
6,Acknowledgment Protocol Mismatch,acknowledgment_protocols,Embedded,Pattern-graded requirement,embedded component attribution; cite xiao et al. 2016 for lake improvements,"use of the scheme should cite subin et al. clm lake scheme , xiao et al. 2016 for wrf-lake integration, follow wrf / clm acknowledgment guidelines.",,"Embedded requires A, B, and AB to declare this.",Missing,INTEGRATED,Synchronization Compatibility,RuntimeLevel,Engineering,LLMAssisted,True,Gap,,
6,Latency Expectation Mismatch,latency_expectations,Embedded,Pattern-graded requirement,low,,"low latency, batch-style exchange at annual timesteps, no real-time constraints.","Embedded requires A, B, and AB to declare this.",Missing,INTEGRATED,Latency Compatibility,RuntimeLevel,Engineering,LLMAssisted,True,Gap,,
6,Data Synchronization,data_synchronization,Embedded,Pattern-graded requirement,two-way; in-memory; synchronous; every physics step; in-memory exchange,"two-way, in-memory, low-latency exchange every physics step same timestep, real-time from the model’s perspective .","land-use maps are exported from the abm, ingested by the es module each year, es scores are written back as attributes or lookup tables that modify agent utility in the next decision step.",Embedded expects explicit synchronous/lockstep cues.,Match,INTEGRATED,Synchronization Compatibility,RuntimeLevel,Engineering,LLMAssisted,True,Match,,
6,Programming Language Incompatibility,programming_language,Embedded,Exact equality required,native_c_cpp_fortran_family; python_r_cpp_family,fortran,netlogo; python,Not equal.,Mismatch,INTEGRATED,Execution Environment Compatibility,RuntimeLevel,Technology,LLMAssisted,True,Mismatch,,
6,Source Code Availability Gap,availability_of_source_code (A),Embedded,Presence required,,,,A provides metadata,Missing,INTEGRATED,(auxiliary) Source Code Availability Gap / availability_of_source_code (A),RuntimeLevel,Technology,Deterministic,False,Gap,Deterministic check: A provides metadata,Provide the missing metadata field(s) for both models before this constraint can be assessed.
6,Source Code Availability Gap,availability_of_source_code (B),Embedded,Presence required,,,,B provides metadata,Missing,INTEGRATED,(auxiliary) Source Code Availability Gap / availability_of_source_code (B),RuntimeLevel,Technology,Deterministic,False,Gap,Deterministic check: B provides metadata,Provide the missing metadata field(s) for both models before this constraint can be assessed.
6,Implementation Verification Gap,implementation_verification (A),Embedded,Presence required,"lake-enabled benchmarks, great lakes case studies confirm improved lst, ice skill.; buoy comparisons, reanalysis agreement",,,A provides metadata,Match,INTEGRATED,(auxiliary) Implementation Verification Gap / implementation_verification (A),RuntimeLevel,Technology,Deterministic,False,Match,Deterministic check: A provides metadata,No adaptation required.
6,Implementation Verification Gap,implementation_verification (B),Embedded,Presence required,"reproduces documented improvements in great lakes wrf-lake experiments, energy, mass conservation checked across the air-lake interface.; energy closure, non-negativity checks performed each step, evaluated against buoy lake-surface temperature, ice-cover products.",,,B provides metadata,Match,INTEGRATED,(auxiliary) Implementation Verification Gap / implementation_verification (B),RuntimeLevel,Technology,Deterministic,False,Match,Deterministic check: B provides metadata,No adaptation required.
6,Software Environment Mismatch,software_specification_and_requirements,Embedded,Presence required,,"built as part of wrf physics, no external coupler required at runtime.","requires an abm platform e.g., netlogo plus a scripting / analysis environment for es evaluation.",Only one side provides metadata.,Missing,INTEGRATED,Execution Environment Compatibility,RuntimeLevel,Technology,LLMAssisted,True,Gap,,
6,Hardware Resource Mismatch,hardware_specification_and_requirements,Embedded,Exact equality required,hpc cluster or large workstation,same as host wrf mpi-parallel cluster or hpc,"standard desktop or workstation, multicore optional for batch scenario runs.",Not equal.,Mismatch,INTEGRATED,Execution Environment Compatibility,RuntimeLevel,Technology,LLMAssisted,True,Mismatch,,
6,Distribution Version Mismatch,distribution_version,Embedded,Presence required,,embedded with wrf v3.6+,1.0,Only one side provides metadata.,Missing,INTEGRATED,Execution Environment Compatibility,RuntimeLevel,Technology,LLMAssisted,True,Gap,,
6,File Format Mismatch,file_formats,Embedded,Presence required,,,,Neither provides metadata.,Missing,INTEGRATED,Data Format Compatibility,InformationLevel,Information,Deterministic,True,Gap,Deterministic check: Neither provides metadata.,Provide the missing metadata field(s) for both models before this constraint can be assessed.
6,License Incompatibility,license,Embedded,Pattern-graded requirement,gpl,"inherited from wrf / clm components academic, non-osi .",,Exact equality required at Embedded.,Mismatch,INTEGRATED,License Compatibility,RuntimeLevel,Technology,LLMAssisted,True,Mismatch,,
6,Landing Page Gap,landing_page (A),Embedded,Presence required,,,,A provides landing page,Missing,INTEGRATED,(auxiliary) Landing Page Gap / landing_page (A),RuntimeLevel,Technology,Deterministic,False,Gap,Deterministic check: A provides landing page,Provide the missing metadata field(s) for both models before this constraint can be assessed.
6,Landing Page Gap,landing_page (B),Embedded,Presence required,,,,B provides landing page,Missing,INTEGRATED,(auxiliary) Landing Page Gap / landing_page (B),RuntimeLevel,Technology,Deterministic,False,Gap,Deterministic check: B provides landing page,Provide the missing metadata field(s) for both models before this constraint can be assessed.
6,Operating Environment Mismatch,operating_system,Embedded,Declared operating systems must overlap,,,,Operating system not declared on one or both sides.,Missing,INTEGRATED,Operating Environment Compatibility,RuntimeLevel,Technology,Deterministic,True,Gap,Deterministic check: Operating system not declared on one or both sides.,Provide the missing metadata field(s) for both models before this constraint can be assessed.
7,Semantic Mismatch,Title,Integrated,Coverage threshold ≥ 0.50,general ocean turbulence model gotm; karsten bolding,pclake+ integrated via fabm; arie b.g. janssen,integrated gotm-fabm-pclake+ model; j. bruggeman; k. bolding,"A→AB:0.25 (covered: bolding, gotm) | B→AB:0.62 (covered: fabm, integrated, pclake, pclake+, pclakeplus) | A∪B→AB:0.88 (covered: bolding, fabm, gotm, integrated, pclake, pclake+, pclakeplus) | uncovered_AB: bruggeman",Match,INTENDED,(auxiliary) Semantic Mismatch / Title,PatternAgnostic,Domain,Deterministic,False,Match,"Deterministic check: A→AB:0.25 (covered: bolding, gotm) | B→AB:0.62 (covered: fabm, integrated, pclake, pclake+, pclakeplus) | A∪B→AB:0.88 (covered: bolding, fabm, gotm, integrated, pclake, pclake+, pclakeplus) | uncovered_AB: bruggeman",No adaptation required.
7,Semantic Mismatch,Model Version,Integrated,A or B must equal AB exactly,5.0,2023.1; 5.0,1.0,A==AB:×; B==AB:×,Mismatch,INTENDED,(auxiliary) Semantic Mismatch / Model Version,PatternAgnostic,Domain,Deterministic,False,Mismatch,Deterministic check: A==AB:×; B==AB:×,Introduce an explicit mediation/adaptation step to resolve this incompatibility before integration.
7,Semantic Mismatch,Description,Integrated,Coverage threshold ≥ 0.50,"1d water-column hydrodynamic model simulating vertical mixing, turbulence, stratification. provides physical driver fields temperature, salinity, mixing, light to coupled biogeochemical models via fabm, receives ecological feedback variables e.g. bio-optical attenuation, heat flux, surface-drag modifiers .; meteorological forcing, boundary conditions, initial hydrodynamic state, additionally receives ecological feedback variables from fabm submodels.","process-based lake ecosystem model pclake+ implemented as a fabm plugin. simulates nutrient cycling, primary production, oxygen dynamics, sediment- water interactions, driven by physical state variables from a host hydrodynamic model e.g. gotm , providing bio-optical, flux feedbacks back to the host.; physical, chemical drivers provided by gotm or another fabm-enabled host via in-memory fabm api.; physical hydrodynamic, optical drivers from gotm via fabm api.","modular aquatic ecosystem modeling system coupling the 1d hydrodynamic model gotm with the pclake+ ecological model through the fabm framework. hydrodynamics, light, mixing from gotm drive pclake+ via fabm, while ecological feedbacks bio-optical properties, heat production, surface-drag modifiers are returned online to gotm.","A→AB:0.38 (covered: 1d, bio, drag, ecological, fabm, heat, hydrodynamic, light, mixing, modifiers, optical, via) | B→AB:0.38 (covered: bio, ecosystem, fabm, feedbacks, gotm, hydrodynamic, optical, pclake, pclake+, pclakeplus, production, via) | A∪B→AB:0.59 (covered: 1d, bio, drag, ecological, ecosystem, fabm, feedbacks, gotm, heat, hydrodynamic, light, mixing, modifiers, optical, pclake, pclake+, pclakeplus, production, via) | uncovered_AB: aquatic, are, coupling, drive, hydrodynamics, modeling, modular, online, properties, returned, system, through, while",Match,INTENDED,(auxiliary) Semantic Mismatch / Description,PatternAgnostic,Domain,Deterministic,False,Match,"Deterministic check: A→AB:0.38 (covered: 1d, bio, drag, ecological, fabm, heat, hydrodynamic, light, mixing, modifiers, optical, via) | B→AB:0.38 (covered: bio, ecosystem, fabm, feedbacks, gotm, hydrodynamic, optical, pclake, pclake+, pclakeplus, production, via) | A∪B→AB:0.59 (covered: 1d, bio, drag, ecological, ecosystem, fabm, feedbacks, gotm, heat, hydrodynamic, light, mixing, modifiers, optical, pclake, pclake+, pclakeplus, production, via) | uncovered_AB: aquatic, are, coupling, drive, hydrodynamics, modeling, modular, online, properties, returned, system, through, while",No adaptation required.
7,Semantic Mismatch,Keywords,Integrated,Coverage threshold ≥ 0.50,hydrodynamic model; turbulence; vertical mixing; marine systems; lake modeling; fabm coupling,nutrient cycling; ecological modeling; lake ecosystems; pclake+; fabm,gotm; fabm; pclake+; model integration; biogeochemical modeling; hydrodynamics,"A→AB:0.22 (covered: fabm, modeling) | B→AB:0.56 (covered: fabm, modeling, pclake, pclake+, pclakeplus) | A∪B→AB:0.56 (covered: fabm, modeling, pclake, pclake+, pclakeplus) | uncovered_AB: biogeochemical, gotm, hydrodynamics, integration",Match,INTENDED,(auxiliary) Semantic Mismatch / Keywords,PatternAgnostic,Domain,Deterministic,False,Match,"Deterministic check: A→AB:0.22 (covered: fabm, modeling) | B→AB:0.56 (covered: fabm, modeling, pclake, pclake+, pclakeplus) | A∪B→AB:0.56 (covered: fabm, modeling, pclake, pclake+, pclakeplus) | uncovered_AB: biogeochemical, gotm, hydrodynamics, integration",No adaptation required.
7,Semantic Mismatch,Model Type,Integrated,Coverage threshold ≥ 0.50,mechanistic,mechanistic,mechanistic,A→AB:1.00 (covered: mechanistic) | B→AB:1.00 (covered: mechanistic) | A∪B→AB:1.00 (covered: mechanistic) | uncovered_AB: —,Match,INTENDED,(auxiliary) Semantic Mismatch / Model Type,PatternAgnostic,Domain,Deterministic,False,Match,Deterministic check: A→AB:1.00 (covered: mechanistic) | B→AB:1.00 (covered: mechanistic) | A∪B→AB:1.00 (covered: mechanistic) | uncovered_AB: —,No adaptation required.
7,Semantic Mismatch,Scope,Integrated,Coverage threshold ≥ 0.50,1d vertical hydrodynamics in aquatic systems,"shallow, stratified lakes in 1d column configuration","lakes, coastal systems 1d vertical columns","A→AB:0.50 (covered: 1d, systems, vertical) | B→AB:0.33 (covered: 1d, lakes) | A∪B→AB:0.67 (covered: 1d, lakes, systems, vertical) | uncovered_AB: coastal, columns",Match,INTENDED,Scope Compatibility,PatternAgnostic,Domain,LLMAssisted,True,Match,,
7,Semantic Mismatch,Purpose & Pattern,Integrated,Coverage threshold ≥ 0.50,"simulate vertical transport, turbulence, mixing in marine, freshwater systems as physical driver for ecosystem models; layered turbulence closure with online ecological coupling via fabm","simulate ecological dynamics in response to nutrient inputs, physical mixing, climate-related drivers within a 1d lake column.; fabm plugin with ecological processes driven by host hydrodynamic state variables, returning feedbacks.","simulate coupled physical, ecological dynamics in aquatic ecosystems using a shared 1d water column.; modular online coupling via fabm in a single integrated executable.; integrated","A→AB:0.37 (covered: coupling, ecological, fabm, online, physical, simulate, via) | B→AB:0.37 (covered: 1d, column, dynamics, ecological, fabm, physical, simulate) | A∪B→AB:0.53 (covered: 1d, column, coupling, dynamics, ecological, fabm, online, physical, simulate, via) | uncovered_AB: aquatic, ecosystems, executable, integrated, modular, shared, single, using, water",Match,INTENDED,Purpose Compatibility,PatternAgnostic,Domain,LLMAssisted,True,Match,,
7,Semantic Mismatch,Assumptions,Integrated,Coverage threshold ≥ 0.50,"horizontal homogeneity 1d vertical column .; turbulence forced by wind, buoyancy, bottom shear.; vertical mixing represented by turbulence closure schemes.; ecological feedbacks are applied as additional source / sink terms.","ecology responds to physical drivers light, mixing, temperature supplied by the host model.; trophic groups, sediments are represented mechanistically without horizontal heterogeneity.; vertical column shares grid, timestep with the host hydrodynamic model.; feedbacks light attenuation, heat production, drag modifications are aggregated at the grid-cell scale.","vertical structure dominates system behavior 1d column .; hydrodynamic conditions mixing, temperature, light control ecological processes.; gotm, pclake+ share the same vertical grid, timestep via fabm.; ecological feedbacks modify light climate, surface fluxes but do not alter external forcing.","A→AB:0.18 (covered: 1d, column, ecological, feedbacks, mixing, vertical) | B→AB:0.26 (covered: column, feedbacks, grid, hydrodynamic, light, mixing, temperature, timestep, vertical) | A∪B→AB:0.32 (covered: 1d, column, ecological, feedbacks, grid, hydrodynamic, light, mixing, temperature, timestep, vertical) | uncovered_AB: alter, behavior, but, climate, conditions, control, do, dominates, external, fabm, forcing, gotm, modify, not, pclake, pclake+, pclakeplus, processes, same, share, structure, system, via",Mismatch,INTENDED,Assumption Compatibility,PatternAgnostic,Domain,LLMAssisted,True,Mismatch,,
7,Conceptual Quality Gap,Links to Publications & Reports,Integrated,Pattern-agnostic,"burchard et al., 1999; bruggeman, bolding, 2014","janssen et al., 2019",,Both provide metadata.,Match,INTENDED,Conceptual Quality Evidence,PatternAgnostic,Domain,LLMAssisted,True,Match,,
7,Conceptual Quality Gap,Authors’ Unique Identifier,Integrated,Pattern-agnostic,"karsten bolding; gotm, gotm-fabm development","arie b.g. janssen; ecological model development, fabm implementation",,Both provide metadata.,Match,INTENDED,Conceptual Quality Evidence,PatternAgnostic,Domain,LLMAssisted,True,Match,,
7,Conceptual Quality Gap,Conceptual Model Evaluation,Integrated,Pattern-agnostic,"widely benchmarked for estuaries, coastal seas, lakes, used as reference 1d turbulence column.","well-established pclake+ formulation with documented fabm implementation, validations.",,Both provide metadata.,Match,INTENDED,Conceptual Quality Evidence,PatternAgnostic,Domain,LLMAssisted,True,Match,,
7,Conceptual Quality Gap,Calibration Tools/Data,Integrated,Pattern-agnostic,"site-specific temperature, salinity profiles, occasional turbulence observations","biological monitoring data, nutrient load records, case-study calibration datasets.",,Both provide metadata.,Match,INTENDED,Conceptual Quality Evidence,PatternAgnostic,Domain,LLMAssisted,True,Match,,
7,Conceptual Quality Gap,Validation Capabilities,Integrated,Pattern-agnostic,"profile comparisons of temperature, salinity, mixed-layer depth against observations.","validated on multiple lakes worldwide using long-term nutrient, biomass records.",,Both provide metadata.,Match,INTENDED,Conceptual Quality Evidence,PatternAgnostic,Domain,LLMAssisted,True,Match,,
7,Conceptual Quality Gap,Sensitivity Analysis,Integrated,Pattern-agnostic,"configuration-based sensitivity tests for turbulence schemes, surface forcing.","supports manual, automated parameter sensitivity tools within the pclake+ / fabm environment.",,Both provide metadata.,Match,INTENDED,Conceptual Quality Evidence,PatternAgnostic,Domain,LLMAssisted,True,Match,,
7,Conceptual Quality Gap,Uncertainty Analysis,Integrated,Pattern-agnostic,"scenario-based exploration of forcing, parameter choices.","scenario, ensemble runs with perturbed forcings, parameters.",,Both provide metadata.,Match,INTENDED,Conceptual Quality Evidence,PatternAgnostic,Domain,LLMAssisted,True,Match,,
7,Data Schema Mismatch,Direction (any),Integrated,A.output ↔ B.input OR B.output ↔ A.input (≥1),A.out:temperature profile; salinity profile; turbulent mixing coefficients kz; scalar irradiance / par,B.out:nutrient concentrations n; p; si; phytoplankton biomass; macrophyte biomass; zooplankton biomass; oxygen concentration; bio-optical properties kd_bio; heat production due to light absorption q_bio; surface albedo / drag modifiers,,A2B:✓; B2A:✓,Match,INTENDED,Variable Semantic Compatibility,InformationLevel,Information,LLMAssisted,True,Match,,
7,Data Schema Mismatch,(A or B).input vs AB.input,Integrated,(A or B).input ↔ AB.input (similarity>0),A.in:meteorological forcing wind; air temperature; humidity; radiation; initial temperature; salinity profiles; bio-optical feedback kd_bio; heat flux feedback q_bio; surface albedo / wind-drag modifiers; meteorological forcing; boundary conditions; initial hydrodynamic state; additionally receives ecological feedback variables from fabm submodels. | B.in:temperature profile; turbulent mixing coefficients kz; scalar irradiance / par; salinity profile where relevant; physical; chemical drivers provided by gotm or another fabm-enabled host via in-memory fabm api.; physical hydrodynamic; optical drivers from gotm via fabm api.,,(none),max=0.00 | missing: AB.input,Missing,INTENDED,Variable Semantic Compatibility,InformationLevel,Information,LLMAssisted,True,Gap,,
7,Data Schema Mismatch,(A or B).output vs AB.output,Integrated,(A or B).output ↔ AB.output (similarity>0),A.out:temperature profile; salinity profile; turbulent mixing coefficients kz; scalar irradiance / par | B.out:nutrient concentrations n; p; si; phytoplankton biomass; macrophyte biomass; zooplankton biomass; oxygen concentration; bio-optical properties kd_bio; heat production due to light absorption q_bio; surface albedo / drag modifiers,,physical state variables t; s; kz; par; nutrient concentrations; phytoplankton biomass; macrophyte biomass; zooplankton biomass; oxygen concentration; bio-optical properties kd_bio; heat production due to light absorption q_bio,max=0.96,Match,INTENDED,Variable Semantic Compatibility,InformationLevel,Information,LLMAssisted,True,Match,,
7,Temporal Resolution Mismatch,time_steps_temporal_resolution,Integrated,Common exchanged variables align semantically (or a declared conversion bridges them),"seconds to hours, typically hourly output","ecological processes typically updated each hydrodynamic step, diagnostics daily.","seconds to hours gotm steps , typically hourly coupling diagnostics.",A<->B token-sim=0.08 (>0 means aligned),Match,INTENDED,Temporal Resolution Compatibility,InformationLevel,Information,Deterministic,True,Match,Deterministic check: A<->B token-sim=0.08 (>0 means aligned),No adaptation required.
7,Temporal Coverage Mismatch,temporal_extent_coverage,Integrated,Common exchanged variables align semantically (or a declared conversion bridges them),event to multi-year simulations,multi-year to decadal simulations,multi-year simulations,A<->B token-sim=0.50 (>0 means aligned),Match,INTENDED,(auxiliary) Temporal Coverage Mismatch / temporal_extent_coverage,RuntimeLevel,Information,Deterministic,False,Match,Deterministic check: A<->B token-sim=0.50 (>0 means aligned),No adaptation required.
7,Spatial Resolution Mismatch,spatial_resolution,Integrated,Common exchanged variables align semantically (or a declared conversion bridges them),"adaptive vertical layers sigma / z-level, refined near surface, bottom",matches hydrodynamic vertical grid shared layers .,shared adaptive vertical layers from gotm.,A<->B token-sim=0.17 (>0 means aligned),Match,INTENDED,Spatial Resolution Compatibility,InformationLevel,Information,Deterministic,True,Match,Deterministic check: A<->B token-sim=0.17 (>0 means aligned),No adaptation required.
7,Spatial Coverage Mismatch,spatial_extent_coverage,Integrated,Common exchanged variables align semantically (or a declared conversion bridges them),"single water column marine, estuarine, coastal or lake site",lake water column,single water column representing lake or coastal site.,A<->B token-sim=0.38 (>0 means aligned),Match,INTENDED,(auxiliary) Spatial Coverage Mismatch / spatial_extent_coverage,RuntimeLevel,Information,Deterministic,False,Match,Deterministic check: A<->B token-sim=0.38 (>0 means aligned),No adaptation required.
7,Dimensionality Mismatch,dimensionality,Integrated,Common exchanged variables align semantically (or a declared conversion bridges them),1d,1d,1d,A<->B token-sim=1.00 (>0 means aligned),Match,INTENDED,Dimensionality Compatibility,InformationLevel,Information,Deterministic,True,Match,Deterministic check: A<->B token-sim=1.00 (>0 means aligned),No adaptation required.
7,Unit Mismatch,A.output(temperature profile) -> B.input(temperature profile),Integrated,Units must be equal or known-equivalent,°C,°C,,'°C' ~ '°C' (equivalent).,Match,INTENDED,Unit Compatibility,InformationLevel,Information,Deterministic,True,Match,Deterministic check: '°C' ~ '°C' (equivalent).,No adaptation required.
7,Unit Mismatch,A.output(salinity profile) -> B.input(salinity profile where relevant),Integrated,Units must be equal or known-equivalent,PSU,PSU,,'PSU' ~ 'PSU' (equivalent).,Match,INTENDED,Unit Compatibility,InformationLevel,Information,Deterministic,True,Match,Deterministic check: 'PSU' ~ 'PSU' (equivalent).,No adaptation required.
7,Unit Mismatch,A.output(turbulent mixing coefficients kz) -> B.input(turbulent mixing coefficients kz),Integrated,Units must be equal or known-equivalent,m² s⁻¹,m² s⁻¹,,'m² s⁻¹' ~ 'm² s⁻¹' (equivalent).,Match,INTENDED,Unit Compatibility,InformationLevel,Information,Deterministic,True,Match,Deterministic check: 'm² s⁻¹' ~ 'm² s⁻¹' (equivalent).,No adaptation required.
7,Unit Mismatch,A.output(scalar irradiance / par) -> B.input(scalar irradiance / par),Integrated,Units must be equal or known-equivalent,W m⁻²,W m⁻²,,'W m⁻²' ~ 'W m⁻²' (equivalent).,Match,INTENDED,Unit Compatibility,InformationLevel,Information,Deterministic,True,Match,Deterministic check: 'W m⁻²' ~ 'W m⁻²' (equivalent).,No adaptation required.
7,Unit Mismatch,B.output(p) -> A.input(air temperature),Integrated,Units must be equal or known-equivalent,mmol m⁻³,PSU,,'mmol m⁻³' != 'PSU' and not in a known-equivalent class; conversion required.,Mismatch,INTENDED,Unit Compatibility,InformationLevel,Information,Deterministic,True,Mismatch,Deterministic check: 'mmol m⁻³' != 'PSU' and not in a known-equivalent class; conversion required.,Apply a unit conversion between the declared source and target units before data exchange.
7,Unit Mismatch,B.output(bio-optical properties kd_bio) -> A.input(bio-optical feedback kd_bio),Integrated,Both sides must declare a unit for the exchanged variable,,,,Unit not declared on one or both sides.,Missing,INTENDED,Unit Compatibility,InformationLevel,Information,Deterministic,True,Gap,Deterministic check: Unit not declared on one or both sides.,Provide the missing metadata field(s) for both models before this constraint can be assessed.
7,Unit Mismatch,B.output(surface albedo / drag modifiers) -> A.input(surface albedo / wind-drag modifiers),Integrated,Both sides must declare a unit for the exchanged variable,,,,Unit not declared on one or both sides.,Missing,INTENDED,Unit Compatibility,InformationLevel,Information,Deterministic,True,Gap,Deterministic check: Unit not declared on one or both sides.,Provide the missing metadata field(s) for both models before this constraint can be assessed.
7,Communication Mechanism Mismatch,communication_mechanism,Integrated,Pattern-graded requirement,,,,Integrated requires both sides to declare mechanism.,Missing,INTENDED,Interface Compatibility,RuntimeLevel,Computational,LLMAssisted,True,Gap,,
7,Error Handling Mismatch,error_handling,Integrated,Pattern-graded requirement,"timestep control, error trapping, basic runtime checks in hydrodynamics, fabm api diagnostics for invalid or missing fields.","input checking, diagnostics via fabm, consistency checks for state variables, logging of invalid values, failed updates.",,A and B present; AB not provided.,Match,INTENDED,Error-Handling Compatibility,RuntimeLevel,Computational,LLMAssisted,True,Match,,
7,Execution Instruction Gap,execution_instructions,Integrated,Require both sides,"configure yaml / namelist files, build gotm with fabm support, run cli executable with scenario configuration.","configure pclake+ as a fabm plugin, specify parameters, state variables in fabm configuration, build, run within a fabm-enabled host model e.g. gotm .",,Both A and B must provide.,Match,INTENDED,Execution Environment Compatibility,RuntimeLevel,Technology,LLMAssisted,True,Match,,
7,Parallel Execution Incompatibility,parallel_execution,Integrated,Pattern-graded requirement,false,false,false,Both sides present.,Match,INTENDED,Execution Constraint Compatibility,RuntimeLevel,Engineering,LLMAssisted,True,Match,,
7,Execution Constraint Mismatch,execution_constraints,Integrated,Pattern-graded requirement,"synchronous, same timestep, vertical grid as fabm, lockstep call order gotm→fabm→gotm each time step.; synchronous, same timestep, vertical grid as fabm, lockstep online coupling within the same executable.","same timestep, vertical grid as gotm or other host, ecological updates executed in lockstep every step, tight coupling within process.; time step, vertical grid must exactly match the host hydrodynamic model, physical drivers updated each coupling step, feedbacks applied immediately.",,Integrated expects explicit sync/latency cues.,Match,INTENDED,Execution Ordering Compatibility,RuntimeLevel,Engineering,Deterministic,True,Match,Deterministic check: Integrated expects explicit sync/latency cues.,No adaptation required.
7,Acknowledgment Protocol Mismatch,acknowledgment_protocols,Integrated,Pattern-graded requirement,"fabm registry declares variables, coupling fields, model logs coupling status, failed exchanges.; coupling through fabm middleware, attribution to gotm, fabm developers.","fabm configuration, documentation reference pclake+ developers, fabm team, users instructed to cite relevant pclake+, fabm publications.",,Both sides present.,Match,INTENDED,Synchronization Compatibility,RuntimeLevel,Engineering,LLMAssisted,True,Match,,
7,Latency Expectation Mismatch,latency_expectations,Integrated,Pattern-graded requirement,"low latency, in-memory, real-time exchange each time step.",,,Integrated requires A and B to declare this.,Missing,INTENDED,Latency Compatibility,RuntimeLevel,Engineering,LLMAssisted,True,Gap,,
7,Data Synchronization,data_synchronization,Integrated,Pattern-graded requirement,"synchronous two-way in-memory exchange every time step, no buffering, same timestep for physics, ecology.; two-way, synchronous exchange every model step via fabm api.","receives host drivers, returns feedbacks through fabm kernel in synchronous, in-memory exchange each timestep.; receives gotm drivers, returns bio-feedbacks via fabm api each timestep.",,Integrated expects explicit synchronous/lockstep cues.,Match,INTENDED,Synchronization Compatibility,RuntimeLevel,Engineering,LLMAssisted,True,Match,,
7,Programming Language Incompatibility,programming_language,Integrated,Pattern-graded similarity/equality,fortran,fortran; c++,fortran,"A↔B=0.50 (> 0.50), A↔AB=1.00 & B↔AB=0.50 (> 0.25)",Mismatch,INTENDED,Execution Environment Compatibility,RuntimeLevel,Technology,LLMAssisted,True,Mismatch,,
7,Source Code Availability Gap,availability_of_source_code (A),Integrated,Presence required,,,,A provides metadata,Missing,INTENDED,(auxiliary) Source Code Availability Gap / availability_of_source_code (A),RuntimeLevel,Technology,Deterministic,False,Gap,Deterministic check: A provides metadata,Provide the missing metadata field(s) for both models before this constraint can be assessed.
7,Source Code Availability Gap,availability_of_source_code (B),Integrated,Presence required,,,,B provides metadata,Missing,INTENDED,(auxiliary) Source Code Availability Gap / availability_of_source_code (B),RuntimeLevel,Technology,Deterministic,False,Gap,Deterministic check: B provides metadata,Provide the missing metadata field(s) for both models before this constraint can be assessed.
7,Implementation Verification Gap,implementation_verification (A),Integrated,Presence required,"benchmarked with standard gotm, gotm-fabm test cases.; profiles, mixed-layer diagnostics compared against canonical gotm, gotm-fabm cases.",,,A provides metadata,Match,INTENDED,(auxiliary) Implementation Verification Gap / implementation_verification (A),RuntimeLevel,Technology,Deterministic,False,Match,Deterministic check: A provides metadata,No adaptation required.
7,Implementation Verification Gap,implementation_verification (B),Integrated,Presence required,"tested within fabm standard cases, published pclake+ applications.; compared against long-term lake monitoring datasets, published pclake+ benchmarks.",,,B provides metadata,Match,INTENDED,(auxiliary) Implementation Verification Gap / implementation_verification (B),RuntimeLevel,Technology,Deterministic,False,Match,Deterministic check: B provides metadata,No adaptation required.
7,Software Environment Mismatch,software_specification_and_requirements,Integrated,Pattern-graded similarity/equality,fortran compiler; netcdf; netcdf4; fabm kernel,fabm environment; fortran compiler; c++ compiler; netcdf; netcdf4,fortran compiler; gotm with fabm support; fabm kernel; netcdf; netcdf4,"A↔B=0.62 (> 0.50), A↔AB=0.75 & B↔AB=0.50 (> 0.25)",Match,INTENDED,Execution Environment Compatibility,RuntimeLevel,Technology,LLMAssisted,True,Match,,
7,Hardware Resource Mismatch,hardware_specification_and_requirements,Integrated,Pattern-graded similarity/equality,standard workstation,standard workstation,standard workstation; hpc cluster optional for ensembles,"A↔B=1.00 (> 0.50), A↔AB=0.33 & B↔AB=0.33 (> 0.25)",Match,INTENDED,Execution Environment Compatibility,RuntimeLevel,Technology,LLMAssisted,True,Match,,
7,Distribution Version Mismatch,distribution_version,Integrated,Exact equality required,5.0,2023.1,1.0,Not equal.,Mismatch,INTENDED,Execution Environment Compatibility,RuntimeLevel,Technology,LLMAssisted,True,Mismatch,,
7,File Format Mismatch,file_formats,Integrated,Pattern-graded similarity/equality,netcdf; txt,netcdf; csv,netcdf; csv,"A↔B=0.33 (> 0.50), A↔AB=0.33 & B↔AB=1.00 (> 0.25)",Mismatch,INTENDED,Data Format Compatibility,InformationLevel,Information,Deterministic,True,Mismatch,"Deterministic check: A↔B=0.33 (> 0.50), A↔AB=0.33 & B↔AB=1.00 (> 0.25)",Introduce a file-format transformation step between the two models.
7,License Incompatibility,license,Integrated,Pattern-graded requirement,gpl,gpl,,A↔B token-sim=1.00 (> 0.50),Match,INTENDED,License Compatibility,RuntimeLevel,Technology,LLMAssisted,True,Match,,
7,Landing Page Gap,landing_page (A),Integrated,Presence required,"https, / / gotm.net",,,A provides landing page,Match,INTENDED,(auxiliary) Landing Page Gap / landing_page (A),RuntimeLevel,Technology,Deterministic,False,Match,Deterministic check: A provides landing page,No adaptation required.
7,Landing Page Gap,landing_page (B),Integrated,Presence required,"https, / / github.com / fabm-model / fabm",,,B provides landing page,Match,INTENDED,(auxiliary) Landing Page Gap / landing_page (B),RuntimeLevel,Technology,Deterministic,False,Match,Deterministic check: B provides landing page,No adaptation required.
7,Operating Environment Mismatch,operating_system,Integrated,Declared operating systems must overlap,,,,Operating system not declared on one or both sides.,Missing,INTENDED,Operating Environment Compatibility,RuntimeLevel,Technology,Deterministic,True,Gap,Deterministic check: Operating system not declared on one or both sides.,Provide the missing metadata field(s) for both models before this constraint can be assessed.
7,Semantic Mismatch,Title,Integrated,Coverage threshold ≥ 0.50,general ocean turbulence model gotm; karsten bolding,pclake+ integrated via fabm; arie b.g. janssen,integrated gotm-fabm-pclake+ model; j. bruggeman; k. bolding,"A→AB:0.25 (covered: bolding, gotm) | B→AB:0.62 (covered: fabm, integrated, pclake, pclake+, pclakeplus) | A∪B→AB:0.88 (covered: bolding, fabm, gotm, integrated, pclake, pclake+, pclakeplus) | uncovered_AB: bruggeman",Match,INTEGRATED,(auxiliary) Semantic Mismatch / Title,PatternAgnostic,Domain,Deterministic,False,Match,"Deterministic check: A→AB:0.25 (covered: bolding, gotm) | B→AB:0.62 (covered: fabm, integrated, pclake, pclake+, pclakeplus) | A∪B→AB:0.88 (covered: bolding, fabm, gotm, integrated, pclake, pclake+, pclakeplus) | uncovered_AB: bruggeman",No adaptation required.
7,Semantic Mismatch,Model Version,Integrated,A or B must equal AB exactly,5.0,2023.1; 5.0,1.0,A==AB:×; B==AB:×,Mismatch,INTEGRATED,(auxiliary) Semantic Mismatch / Model Version,PatternAgnostic,Domain,Deterministic,False,Mismatch,Deterministic check: A==AB:×; B==AB:×,Introduce an explicit mediation/adaptation step to resolve this incompatibility before integration.
7,Semantic Mismatch,Description,Integrated,Coverage threshold ≥ 0.50,"1d water-column hydrodynamic model simulating vertical mixing, turbulence, stratification. provides physical driver fields temperature, salinity, mixing, light to coupled biogeochemical models via fabm, receives ecological feedback variables e.g. bio-optical attenuation, heat flux, surface-drag modifiers .; meteorological forcing, boundary conditions, initial hydrodynamic state, additionally receives ecological feedback variables from fabm submodels.","process-based lake ecosystem model pclake+ implemented as a fabm plugin. simulates nutrient cycling, primary production, oxygen dynamics, sediment- water interactions, driven by physical state variables from a host hydrodynamic model e.g. gotm , providing bio-optical, flux feedbacks back to the host.; physical, chemical drivers provided by gotm or another fabm-enabled host via in-memory fabm api.; physical hydrodynamic, optical drivers from gotm via fabm api.","modular aquatic ecosystem modeling system coupling the 1d hydrodynamic model gotm with the pclake+ ecological model through the fabm framework. hydrodynamics, light, mixing from gotm drive pclake+ via fabm, while ecological feedbacks bio-optical properties, heat production, surface-drag modifiers are returned online to gotm.","A→AB:0.38 (covered: 1d, bio, drag, ecological, fabm, heat, hydrodynamic, light, mixing, modifiers, optical, via) | B→AB:0.38 (covered: bio, ecosystem, fabm, feedbacks, gotm, hydrodynamic, optical, pclake, pclake+, pclakeplus, production, via) | A∪B→AB:0.59 (covered: 1d, bio, drag, ecological, ecosystem, fabm, feedbacks, gotm, heat, hydrodynamic, light, mixing, modifiers, optical, pclake, pclake+, pclakeplus, production, via) | uncovered_AB: aquatic, are, coupling, drive, hydrodynamics, modeling, modular, online, properties, returned, system, through, while",Match,INTEGRATED,(auxiliary) Semantic Mismatch / Description,PatternAgnostic,Domain,Deterministic,False,Match,"Deterministic check: A→AB:0.38 (covered: 1d, bio, drag, ecological, fabm, heat, hydrodynamic, light, mixing, modifiers, optical, via) | B→AB:0.38 (covered: bio, ecosystem, fabm, feedbacks, gotm, hydrodynamic, optical, pclake, pclake+, pclakeplus, production, via) | A∪B→AB:0.59 (covered: 1d, bio, drag, ecological, ecosystem, fabm, feedbacks, gotm, heat, hydrodynamic, light, mixing, modifiers, optical, pclake, pclake+, pclakeplus, production, via) | uncovered_AB: aquatic, are, coupling, drive, hydrodynamics, modeling, modular, online, properties, returned, system, through, while",No adaptation required.
7,Semantic Mismatch,Keywords,Integrated,Coverage threshold ≥ 0.50,hydrodynamic model; turbulence; vertical mixing; marine systems; lake modeling; fabm coupling,nutrient cycling; ecological modeling; lake ecosystems; pclake+; fabm,gotm; fabm; pclake+; model integration; biogeochemical modeling; hydrodynamics,"A→AB:0.22 (covered: fabm, modeling) | B→AB:0.56 (covered: fabm, modeling, pclake, pclake+, pclakeplus) | A∪B→AB:0.56 (covered: fabm, modeling, pclake, pclake+, pclakeplus) | uncovered_AB: biogeochemical, gotm, hydrodynamics, integration",Match,INTEGRATED,(auxiliary) Semantic Mismatch / Keywords,PatternAgnostic,Domain,Deterministic,False,Match,"Deterministic check: A→AB:0.22 (covered: fabm, modeling) | B→AB:0.56 (covered: fabm, modeling, pclake, pclake+, pclakeplus) | A∪B→AB:0.56 (covered: fabm, modeling, pclake, pclake+, pclakeplus) | uncovered_AB: biogeochemical, gotm, hydrodynamics, integration",No adaptation required.
7,Semantic Mismatch,Model Type,Integrated,Coverage threshold ≥ 0.50,mechanistic,mechanistic,mechanistic,A→AB:1.00 (covered: mechanistic) | B→AB:1.00 (covered: mechanistic) | A∪B→AB:1.00 (covered: mechanistic) | uncovered_AB: —,Match,INTEGRATED,(auxiliary) Semantic Mismatch / Model Type,PatternAgnostic,Domain,Deterministic,False,Match,Deterministic check: A→AB:1.00 (covered: mechanistic) | B→AB:1.00 (covered: mechanistic) | A∪B→AB:1.00 (covered: mechanistic) | uncovered_AB: —,No adaptation required.
7,Semantic Mismatch,Scope,Integrated,Coverage threshold ≥ 0.50,1d vertical hydrodynamics in aquatic systems,"shallow, stratified lakes in 1d column configuration","lakes, coastal systems 1d vertical columns","A→AB:0.50 (covered: 1d, systems, vertical) | B→AB:0.33 (covered: 1d, lakes) | A∪B→AB:0.67 (covered: 1d, lakes, systems, vertical) | uncovered_AB: coastal, columns",Match,INTEGRATED,Scope Compatibility,PatternAgnostic,Domain,LLMAssisted,True,Match,,
7,Semantic Mismatch,Purpose & Pattern,Integrated,Coverage threshold ≥ 0.50,"simulate vertical transport, turbulence, mixing in marine, freshwater systems as physical driver for ecosystem models; layered turbulence closure with online ecological coupling via fabm","simulate ecological dynamics in response to nutrient inputs, physical mixing, climate-related drivers within a 1d lake column.; fabm plugin with ecological processes driven by host hydrodynamic state variables, returning feedbacks.","simulate coupled physical, ecological dynamics in aquatic ecosystems using a shared 1d water column.; modular online coupling via fabm in a single integrated executable.; integrated","A→AB:0.37 (covered: coupling, ecological, fabm, online, physical, simulate, via) | B→AB:0.37 (covered: 1d, column, dynamics, ecological, fabm, physical, simulate) | A∪B→AB:0.53 (covered: 1d, column, coupling, dynamics, ecological, fabm, online, physical, simulate, via) | uncovered_AB: aquatic, ecosystems, executable, integrated, modular, shared, single, using, water",Match,INTEGRATED,Purpose Compatibility,PatternAgnostic,Domain,LLMAssisted,True,Match,,
7,Semantic Mismatch,Assumptions,Integrated,Coverage threshold ≥ 0.50,"horizontal homogeneity 1d vertical column .; turbulence forced by wind, buoyancy, bottom shear.; vertical mixing represented by turbulence closure schemes.; ecological feedbacks are applied as additional source / sink terms.","ecology responds to physical drivers light, mixing, temperature supplied by the host model.; trophic groups, sediments are represented mechanistically without horizontal heterogeneity.; vertical column shares grid, timestep with the host hydrodynamic model.; feedbacks light attenuation, heat production, drag modifications are aggregated at the grid-cell scale.","vertical structure dominates system behavior 1d column .; hydrodynamic conditions mixing, temperature, light control ecological processes.; gotm, pclake+ share the same vertical grid, timestep via fabm.; ecological feedbacks modify light climate, surface fluxes but do not alter external forcing.","A→AB:0.18 (covered: 1d, column, ecological, feedbacks, mixing, vertical) | B→AB:0.26 (covered: column, feedbacks, grid, hydrodynamic, light, mixing, temperature, timestep, vertical) | A∪B→AB:0.32 (covered: 1d, column, ecological, feedbacks, grid, hydrodynamic, light, mixing, temperature, timestep, vertical) | uncovered_AB: alter, behavior, but, climate, conditions, control, do, dominates, external, fabm, forcing, gotm, modify, not, pclake, pclake+, pclakeplus, processes, same, share, structure, system, via",Mismatch,INTEGRATED,Assumption Compatibility,PatternAgnostic,Domain,LLMAssisted,True,Mismatch,,
7,Conceptual Quality Gap,Links to Publications & Reports,Integrated,Pattern-agnostic,"burchard et al., 1999; bruggeman, bolding, 2014","janssen et al., 2019",,Both provide metadata.,Match,INTEGRATED,Conceptual Quality Evidence,PatternAgnostic,Domain,LLMAssisted,True,Match,,
7,Conceptual Quality Gap,Authors’ Unique Identifier,Integrated,Pattern-agnostic,"karsten bolding; gotm, gotm-fabm development","arie b.g. janssen; ecological model development, fabm implementation",,Both provide metadata.,Match,INTEGRATED,Conceptual Quality Evidence,PatternAgnostic,Domain,LLMAssisted,True,Match,,
7,Conceptual Quality Gap,Conceptual Model Evaluation,Integrated,Pattern-agnostic,"widely benchmarked for estuaries, coastal seas, lakes, used as reference 1d turbulence column.","well-established pclake+ formulation with documented fabm implementation, validations.",,Both provide metadata.,Match,INTEGRATED,Conceptual Quality Evidence,PatternAgnostic,Domain,LLMAssisted,True,Match,,
7,Conceptual Quality Gap,Calibration Tools/Data,Integrated,Pattern-agnostic,"site-specific temperature, salinity profiles, occasional turbulence observations","biological monitoring data, nutrient load records, case-study calibration datasets.",,Both provide metadata.,Match,INTEGRATED,Conceptual Quality Evidence,PatternAgnostic,Domain,LLMAssisted,True,Match,,
7,Conceptual Quality Gap,Validation Capabilities,Integrated,Pattern-agnostic,"profile comparisons of temperature, salinity, mixed-layer depth against observations.","validated on multiple lakes worldwide using long-term nutrient, biomass records.",,Both provide metadata.,Match,INTEGRATED,Conceptual Quality Evidence,PatternAgnostic,Domain,LLMAssisted,True,Match,,
7,Conceptual Quality Gap,Sensitivity Analysis,Integrated,Pattern-agnostic,"configuration-based sensitivity tests for turbulence schemes, surface forcing.","supports manual, automated parameter sensitivity tools within the pclake+ / fabm environment.",,Both provide metadata.,Match,INTEGRATED,Conceptual Quality Evidence,PatternAgnostic,Domain,LLMAssisted,True,Match,,
7,Conceptual Quality Gap,Uncertainty Analysis,Integrated,Pattern-agnostic,"scenario-based exploration of forcing, parameter choices.","scenario, ensemble runs with perturbed forcings, parameters.",,Both provide metadata.,Match,INTEGRATED,Conceptual Quality Evidence,PatternAgnostic,Domain,LLMAssisted,True,Match,,
7,Data Schema Mismatch,Direction (any),Integrated,A.output ↔ B.input OR B.output ↔ A.input (≥1),A.out:temperature profile; salinity profile; turbulent mixing coefficients kz; scalar irradiance / par,B.out:nutrient concentrations n; p; si; phytoplankton biomass; macrophyte biomass; zooplankton biomass; oxygen concentration; bio-optical properties kd_bio; heat production due to light absorption q_bio; surface albedo / drag modifiers,,A2B:✓; B2A:✓,Match,INTEGRATED,Variable Semantic Compatibility,InformationLevel,Information,LLMAssisted,True,Match,,
7,Data Schema Mismatch,(A or B).input vs AB.input,Integrated,(A or B).input ↔ AB.input (similarity>0),A.in:meteorological forcing wind; air temperature; humidity; radiation; initial temperature; salinity profiles; bio-optical feedback kd_bio; heat flux feedback q_bio; surface albedo / wind-drag modifiers; meteorological forcing; boundary conditions; initial hydrodynamic state; additionally receives ecological feedback variables from fabm submodels. | B.in:temperature profile; turbulent mixing coefficients kz; scalar irradiance / par; salinity profile where relevant; physical; chemical drivers provided by gotm or another fabm-enabled host via in-memory fabm api.; physical hydrodynamic; optical drivers from gotm via fabm api.,,(none),max=0.00 | missing: AB.input,Missing,INTEGRATED,Variable Semantic Compatibility,InformationLevel,Information,LLMAssisted,True,Gap,,
7,Data Schema Mismatch,(A or B).output vs AB.output,Integrated,(A or B).output ↔ AB.output (similarity>0),A.out:temperature profile; salinity profile; turbulent mixing coefficients kz; scalar irradiance / par | B.out:nutrient concentrations n; p; si; phytoplankton biomass; macrophyte biomass; zooplankton biomass; oxygen concentration; bio-optical properties kd_bio; heat production due to light absorption q_bio; surface albedo / drag modifiers,,physical state variables t; s; kz; par; nutrient concentrations; phytoplankton biomass; macrophyte biomass; zooplankton biomass; oxygen concentration; bio-optical properties kd_bio; heat production due to light absorption q_bio,max=0.96,Match,INTEGRATED,Variable Semantic Compatibility,InformationLevel,Information,LLMAssisted,True,Match,,
7,Temporal Resolution Mismatch,time_steps_temporal_resolution,Integrated,Common exchanged variables align semantically (or a declared conversion bridges them),"seconds to hours, typically hourly output","ecological processes typically updated each hydrodynamic step, diagnostics daily.","seconds to hours gotm steps , typically hourly coupling diagnostics.",A<->B token-sim=0.08 (>0 means aligned),Match,INTEGRATED,Temporal Resolution Compatibility,InformationLevel,Information,Deterministic,True,Match,Deterministic check: A<->B token-sim=0.08 (>0 means aligned),No adaptation required.
7,Temporal Coverage Mismatch,temporal_extent_coverage,Integrated,Common exchanged variables align semantically (or a declared conversion bridges them),event to multi-year simulations,multi-year to decadal simulations,multi-year simulations,A<->B token-sim=0.50 (>0 means aligned),Match,INTEGRATED,(auxiliary) Temporal Coverage Mismatch / temporal_extent_coverage,RuntimeLevel,Information,Deterministic,False,Match,Deterministic check: A<->B token-sim=0.50 (>0 means aligned),No adaptation required.
7,Spatial Resolution Mismatch,spatial_resolution,Integrated,Common exchanged variables align semantically (or a declared conversion bridges them),"adaptive vertical layers sigma / z-level, refined near surface, bottom",matches hydrodynamic vertical grid shared layers .,shared adaptive vertical layers from gotm.,A<->B token-sim=0.17 (>0 means aligned),Match,INTEGRATED,Spatial Resolution Compatibility,InformationLevel,Information,Deterministic,True,Match,Deterministic check: A<->B token-sim=0.17 (>0 means aligned),No adaptation required.
7,Spatial Coverage Mismatch,spatial_extent_coverage,Integrated,Common exchanged variables align semantically (or a declared conversion bridges them),"single water column marine, estuarine, coastal or lake site",lake water column,single water column representing lake or coastal site.,A<->B token-sim=0.38 (>0 means aligned),Match,INTEGRATED,(auxiliary) Spatial Coverage Mismatch / spatial_extent_coverage,RuntimeLevel,Information,Deterministic,False,Match,Deterministic check: A<->B token-sim=0.38 (>0 means aligned),No adaptation required.
7,Dimensionality Mismatch,dimensionality,Integrated,Common exchanged variables align semantically (or a declared conversion bridges them),1d,1d,1d,A<->B token-sim=1.00 (>0 means aligned),Match,INTEGRATED,Dimensionality Compatibility,InformationLevel,Information,Deterministic,True,Match,Deterministic check: A<->B token-sim=1.00 (>0 means aligned),No adaptation required.
7,Unit Mismatch,A.output(temperature profile) -> B.input(temperature profile),Integrated,Units must be equal or known-equivalent,°C,°C,,'°C' ~ '°C' (equivalent).,Match,INTEGRATED,Unit Compatibility,InformationLevel,Information,Deterministic,True,Match,Deterministic check: '°C' ~ '°C' (equivalent).,No adaptation required.
7,Unit Mismatch,A.output(salinity profile) -> B.input(salinity profile where relevant),Integrated,Units must be equal or known-equivalent,PSU,PSU,,'PSU' ~ 'PSU' (equivalent).,Match,INTEGRATED,Unit Compatibility,InformationLevel,Information,Deterministic,True,Match,Deterministic check: 'PSU' ~ 'PSU' (equivalent).,No adaptation required.
7,Unit Mismatch,A.output(turbulent mixing coefficients kz) -> B.input(turbulent mixing coefficients kz),Integrated,Units must be equal or known-equivalent,m² s⁻¹,m² s⁻¹,,'m² s⁻¹' ~ 'm² s⁻¹' (equivalent).,Match,INTEGRATED,Unit Compatibility,InformationLevel,Information,Deterministic,True,Match,Deterministic check: 'm² s⁻¹' ~ 'm² s⁻¹' (equivalent).,No adaptation required.
7,Unit Mismatch,A.output(scalar irradiance / par) -> B.input(scalar irradiance / par),Integrated,Units must be equal or known-equivalent,W m⁻²,W m⁻²,,'W m⁻²' ~ 'W m⁻²' (equivalent).,Match,INTEGRATED,Unit Compatibility,InformationLevel,Information,Deterministic,True,Match,Deterministic check: 'W m⁻²' ~ 'W m⁻²' (equivalent).,No adaptation required.
7,Unit Mismatch,B.output(p) -> A.input(air temperature),Integrated,Units must be equal or known-equivalent,mmol m⁻³,PSU,,'mmol m⁻³' != 'PSU' and not in a known-equivalent class; conversion required.,Mismatch,INTEGRATED,Unit Compatibility,InformationLevel,Information,Deterministic,True,Mismatch,Deterministic check: 'mmol m⁻³' != 'PSU' and not in a known-equivalent class; conversion required.,Apply a unit conversion between the declared source and target units before data exchange.
7,Unit Mismatch,B.output(bio-optical properties kd_bio) -> A.input(bio-optical feedback kd_bio),Integrated,Both sides must declare a unit for the exchanged variable,,,,Unit not declared on one or both sides.,Missing,INTEGRATED,Unit Compatibility,InformationLevel,Information,Deterministic,True,Gap,Deterministic check: Unit not declared on one or both sides.,Provide the missing metadata field(s) for both models before this constraint can be assessed.
7,Unit Mismatch,B.output(surface albedo / drag modifiers) -> A.input(surface albedo / wind-drag modifiers),Integrated,Both sides must declare a unit for the exchanged variable,,,,Unit not declared on one or both sides.,Missing,INTEGRATED,Unit Compatibility,InformationLevel,Information,Deterministic,True,Gap,Deterministic check: Unit not declared on one or both sides.,Provide the missing metadata field(s) for both models before this constraint can be assessed.
7,Communication Mechanism Mismatch,communication_mechanism,Integrated,Pattern-graded requirement,,,,Integrated requires both sides to declare mechanism.,Missing,INTEGRATED,Interface Compatibility,RuntimeLevel,Computational,LLMAssisted,True,Gap,,
7,Error Handling Mismatch,error_handling,Integrated,Pattern-graded requirement,"timestep control, error trapping, basic runtime checks in hydrodynamics, fabm api diagnostics for invalid or missing fields.","input checking, diagnostics via fabm, consistency checks for state variables, logging of invalid values, failed updates.","fabm coupling checks, gotm time controls, diagnostic logging for invalid state variables, failed exchanges.","A↔AB=0.14, B↔AB=0.35 (>0 required if AB exists)",Match,INTEGRATED,Error-Handling Compatibility,RuntimeLevel,Computational,LLMAssisted,True,Match,,
7,Execution Instruction Gap,execution_instructions,Integrated,Require both sides,"configure yaml / namelist files, build gotm with fabm support, run cli executable with scenario configuration.","configure pclake+ as a fabm plugin, specify parameters, state variables in fabm configuration, build, run within a fabm-enabled host model e.g. gotm .",,Both A and B must provide.,Match,INTEGRATED,Execution Environment Compatibility,RuntimeLevel,Technology,LLMAssisted,True,Match,,
7,Parallel Execution Incompatibility,parallel_execution,Integrated,Pattern-graded requirement,false,false,false,Both sides present.,Match,INTEGRATED,Execution Constraint Compatibility,RuntimeLevel,Engineering,LLMAssisted,True,Match,,
7,Execution Constraint Mismatch,execution_constraints,Integrated,Pattern-graded requirement,"synchronous, same timestep, vertical grid as fabm, lockstep call order gotm→fabm→gotm each time step.; synchronous, same timestep, vertical grid as fabm, lockstep online coupling within the same executable.","same timestep, vertical grid as gotm or other host, ecological updates executed in lockstep every step, tight coupling within process.; time step, vertical grid must exactly match the host hydrodynamic model, physical drivers updated each coupling step, feedbacks applied immediately.","synchronous, same timestep, vertical grid for all components, lockstep, every step coupling gotm↔fabm↔pclake+, tight coupling within process.; integrated single executable, synchronous, same timestep, grid, gotm provides driver fields, consumes feedbacks each step.",Integrated expects explicit sync/latency cues.,Match,INTEGRATED,Execution Ordering Compatibility,RuntimeLevel,Engineering,Deterministic,True,Match,Deterministic check: Integrated expects explicit sync/latency cues.,No adaptation required.
7,Acknowledgment Protocol Mismatch,acknowledgment_protocols,Integrated,Pattern-graded requirement,"fabm registry declares variables, coupling fields, model logs coupling status, failed exchanges.; coupling through fabm middleware, attribution to gotm, fabm developers.","fabm configuration, documentation reference pclake+ developers, fabm team, users instructed to cite relevant pclake+, fabm publications.","standard fabm attribution to gotm, fabm, pclake+ developers, citation to bruggeman & bolding 2014 , pclake+ publications.; developers of gotm, fabm, pclake+ acknowledged in documentation, publications.",Both sides present.,Match,INTEGRATED,Synchronization Compatibility,RuntimeLevel,Engineering,LLMAssisted,True,Match,,
7,Latency Expectation Mismatch,latency_expectations,Integrated,Pattern-graded requirement,"low latency, in-memory, real-time exchange each time step.",,"low latency, in-memory, real-time exchange at every step.",Integrated requires A and B to declare this.,Missing,INTEGRATED,Latency Compatibility,RuntimeLevel,Engineering,LLMAssisted,True,Gap,,
7,Data Synchronization,data_synchronization,Integrated,Pattern-graded requirement,"synchronous two-way in-memory exchange every time step, no buffering, same timestep for physics, ecology.; two-way, synchronous exchange every model step via fabm api.","receives host drivers, returns feedbacks through fabm kernel in synchronous, in-memory exchange each timestep.; receives gotm drivers, returns bio-feedbacks via fabm api each timestep.","two-way, synchronous, in-memory exchange each timestep, no file-based latency, same timestep, shared column structure.; managed internally by fabm kernel as two-way synchronous exchange.",Integrated expects explicit synchronous/lockstep cues.,Match,INTEGRATED,Synchronization Compatibility,RuntimeLevel,Engineering,LLMAssisted,True,Match,,
7,Programming Language Incompatibility,programming_language,Integrated,Pattern-graded similarity/equality,fortran,fortran; c++,fortran,"A↔B=0.50 (> 0.50), A↔AB=1.00 & B↔AB=0.50 (> 0.25)",Mismatch,INTEGRATED,Execution Environment Compatibility,RuntimeLevel,Technology,LLMAssisted,True,Mismatch,,
7,Source Code Availability Gap,availability_of_source_code (A),Integrated,Presence required,,,,A provides metadata,Missing,INTEGRATED,(auxiliary) Source Code Availability Gap / availability_of_source_code (A),RuntimeLevel,Technology,Deterministic,False,Gap,Deterministic check: A provides metadata,Provide the missing metadata field(s) for both models before this constraint can be assessed.
7,Source Code Availability Gap,availability_of_source_code (B),Integrated,Presence required,,,,B provides metadata,Missing,INTEGRATED,(auxiliary) Source Code Availability Gap / availability_of_source_code (B),RuntimeLevel,Technology,Deterministic,False,Gap,Deterministic check: B provides metadata,Provide the missing metadata field(s) for both models before this constraint can be assessed.
7,Implementation Verification Gap,implementation_verification (A),Integrated,Presence required,"benchmarked with standard gotm, gotm-fabm test cases.; profiles, mixed-layer diagnostics compared against canonical gotm, gotm-fabm cases.",,,A provides metadata,Match,INTEGRATED,(auxiliary) Implementation Verification Gap / implementation_verification (A),RuntimeLevel,Technology,Deterministic,False,Match,Deterministic check: A provides metadata,No adaptation required.
7,Implementation Verification Gap,implementation_verification (B),Integrated,Presence required,"tested within fabm standard cases, published pclake+ applications.; compared against long-term lake monitoring datasets, published pclake+ benchmarks.",,,B provides metadata,Match,INTEGRATED,(auxiliary) Implementation Verification Gap / implementation_verification (B),RuntimeLevel,Technology,Deterministic,False,Match,Deterministic check: B provides metadata,No adaptation required.
7,Software Environment Mismatch,software_specification_and_requirements,Integrated,Pattern-graded similarity/equality,fortran compiler; netcdf; netcdf4; fabm kernel,fabm environment; fortran compiler; c++ compiler; netcdf; netcdf4,fortran compiler; gotm with fabm support; fabm kernel; netcdf; netcdf4,"A↔B=0.62 (> 0.50), A↔AB=0.75 & B↔AB=0.50 (> 0.25)",Match,INTEGRATED,Execution Environment Compatibility,RuntimeLevel,Technology,LLMAssisted,True,Match,,
7,Hardware Resource Mismatch,hardware_specification_and_requirements,Integrated,Pattern-graded similarity/equality,standard workstation,standard workstation,standard workstation; hpc cluster optional for ensembles,"A↔B=1.00 (> 0.50), A↔AB=0.33 & B↔AB=0.33 (> 0.25)",Match,INTEGRATED,Execution Environment Compatibility,RuntimeLevel,Technology,LLMAssisted,True,Match,,
7,Distribution Version Mismatch,distribution_version,Integrated,Exact equality required,5.0,2023.1,1.0,Not equal.,Mismatch,INTEGRATED,Execution Environment Compatibility,RuntimeLevel,Technology,LLMAssisted,True,Mismatch,,
7,File Format Mismatch,file_formats,Integrated,Pattern-graded similarity/equality,netcdf; txt,netcdf; csv,netcdf; csv,"A↔B=0.33 (> 0.50), A↔AB=0.33 & B↔AB=1.00 (> 0.25)",Mismatch,INTEGRATED,Data Format Compatibility,InformationLevel,Information,Deterministic,True,Mismatch,"Deterministic check: A↔B=0.33 (> 0.50), A↔AB=0.33 & B↔AB=1.00 (> 0.25)",Introduce a file-format transformation step between the two models.
7,License Incompatibility,license,Integrated,Pattern-graded requirement,gpl,gpl,,A↔B token-sim=1.00 (> 0.50),Match,INTEGRATED,License Compatibility,RuntimeLevel,Technology,LLMAssisted,True,Match,,
7,Landing Page Gap,landing_page (A),Integrated,Presence required,"https, / / gotm.net",,,A provides landing page,Match,INTEGRATED,(auxiliary) Landing Page Gap / landing_page (A),RuntimeLevel,Technology,Deterministic,False,Match,Deterministic check: A provides landing page,No adaptation required.
7,Landing Page Gap,landing_page (B),Integrated,Presence required,"https, / / github.com / fabm-model / fabm",,,B provides landing page,Match,INTEGRATED,(auxiliary) Landing Page Gap / landing_page (B),RuntimeLevel,Technology,Deterministic,False,Match,Deterministic check: B provides landing page,No adaptation required.
7,Operating Environment Mismatch,operating_system,Integrated,Declared operating systems must overlap,,,,Operating system not declared on one or both sides.,Missing,INTEGRATED,Operating Environment Compatibility,RuntimeLevel,Technology,Deterministic,True,Gap,Deterministic check: Operating system not declared on one or both sides.,Provide the missing metadata field(s) for both models before this constraint can be assessed.
8,Semantic Mismatch,Title,Loose,Coverage threshold ≥ 0.50,nemo ocean circulation model; g. madec,"planktom10 biogeochemical model; vogt, m.","integrated nemo-planktom10 ocean biogeochemical model; vogt, m.","A→AB:0.20 (covered: nemo) | B→AB:0.60 (covered: biogeochemical, planktom10, vogt) | A∪B→AB:0.80 (covered: biogeochemical, nemo, planktom10, vogt) | uncovered_AB: integrated",Match,INTENDED,(auxiliary) Semantic Mismatch / Title,PatternAgnostic,Domain,Deterministic,False,Match,"Deterministic check: A→AB:0.20 (covered: nemo) | B→AB:0.60 (covered: biogeochemical, planktom10, vogt) | A∪B→AB:0.80 (covered: biogeochemical, nemo, planktom10, vogt) | uncovered_AB: integrated",No adaptation required.
8,Semantic Mismatch,Model Version,Loose,A or B must equal AB exactly,v3.3; 2010,2010; v3.3,v3.3,A==AB:×; B==AB:×,Mismatch,INTENDED,(auxiliary) Semantic Mismatch / Model Version,PatternAgnostic,Domain,Deterministic,False,Mismatch,Deterministic check: A==AB:×; B==AB:×,Introduce an explicit mediation/adaptation step to resolve this incompatibility before integration.
8,Semantic Mismatch,Description,Loose,Coverage threshold ≥ 0.50,"a 3d hydrostatic, primitive-equation ocean circulation model simulating dynamics, mixing, thermohaline structure, sea ice, surface fluxes. provides physical drivers to biogeochemical models such as planktom10, which may return optical or radiative feedback fields.; initial, boundary conditions for the physical ocean state. optionally receives biological optical feedbacks from planktom10.; biogeochemical feedback influencing optics or air-sea fluxes","a 3d marine biogeochemical model simulating nutrients, plankton functional types, sulfur cycle, dimethylsulphide dms production. online coupled to nemo through its tracer, biogeochemical interface.; physical state from nemo; provides physical drivers","integrated ocean modeling system combining the nemo physical circulation model with the planktom10 biogeochemical model. simulates hydrodynamics, nutrients, plankton functional types, dms production with interactive tracer exchange.; physical ocean fields from nemo used to drive planktom10","A→AB:0.19 (covered: biogeochemical, circulation, physical, planktom10) | B→AB:0.48 (covered: biogeochemical, dms, functional, nemo, nutrients, physical, plankton, production, tracer, types) | A∪B→AB:0.57 (covered: biogeochemical, circulation, dms, functional, nemo, nutrients, physical, planktom10, plankton, production, tracer, types) | uncovered_AB: combining, drive, hydrodynamics, integrated, interactive, modeling, simulates, system, used",Match,INTENDED,(auxiliary) Semantic Mismatch / Description,PatternAgnostic,Domain,Deterministic,False,Match,"Deterministic check: A→AB:0.19 (covered: biogeochemical, circulation, physical, planktom10) | B→AB:0.48 (covered: biogeochemical, dms, functional, nemo, nutrients, physical, plankton, production, tracer, types) | A∪B→AB:0.57 (covered: biogeochemical, circulation, dms, functional, nemo, nutrients, physical, planktom10, plankton, production, tracer, types) | uncovered_AB: combining, drive, hydrodynamics, integrated, interactive, modeling, simulates, system, used",No adaptation required.
8,Semantic Mismatch,Keywords,Loose,Coverage threshold ≥ 0.50,ocean circulation; hydrodynamics; sea ice; nemo; climate modeling,biogeochemistry; dimethylsulphide; marine ecosystem; plankton; carbon cycle,ocean biogeochemistry; coupled modeling; dimethylsulphide; climate modeling; nemo; planktom10,"A→AB:0.50 (covered: climate, modeling, nemo) | B→AB:0.33 (covered: biogeochemistry, dimethylsulphide) | A∪B→AB:0.83 (covered: biogeochemistry, climate, dimethylsulphide, modeling, nemo) | uncovered_AB: planktom10",Match,INTENDED,(auxiliary) Semantic Mismatch / Keywords,PatternAgnostic,Domain,Deterministic,False,Match,"Deterministic check: A→AB:0.50 (covered: climate, modeling, nemo) | B→AB:0.33 (covered: biogeochemistry, dimethylsulphide) | A∪B→AB:0.83 (covered: biogeochemistry, climate, dimethylsulphide, modeling, nemo) | uncovered_AB: planktom10",No adaptation required.
8,Semantic Mismatch,Model Type,Loose,Coverage threshold ≥ 0.50,mechanistic,mechanistic,mechanistic,A→AB:1.00 (covered: mechanistic) | B→AB:1.00 (covered: mechanistic) | A∪B→AB:1.00 (covered: mechanistic) | uncovered_AB: —,Match,INTENDED,(auxiliary) Semantic Mismatch / Model Type,PatternAgnostic,Domain,Deterministic,False,Match,Deterministic check: A→AB:1.00 (covered: mechanistic) | B→AB:1.00 (covered: mechanistic) | A∪B→AB:1.00 (covered: mechanistic) | uncovered_AB: —,No adaptation required.
8,Semantic Mismatch,Scope,Loose,Coverage threshold ≥ 0.50,"global, regional ocean domains",global marine ecosystems,global marine ecosystems,"A→AB:0.33 (covered: global) | B→AB:1.00 (covered: ecosystems, global, marine) | A∪B→AB:1.00 (covered: ecosystems, global, marine) | uncovered_AB: —",Match,INTENDED,Scope Compatibility,PatternAgnostic,Domain,LLMAssisted,True,Match,,
8,Semantic Mismatch,Purpose & Pattern,Loose,Coverage threshold ≥ 0.50,"simulate physical ocean state, circulation; 3d structured-grid hydrostatic ocean model with parameterized mixing",simulate biogeochemical cycles including dms production; online biogeochemical tracer module within physical host,"simulate coupled physical, biogeochemical processes including dms; online tracer coupling within shared nemo grid; loose","A→AB:0.21 (covered: grid, physical, simulate) | B→AB:0.57 (covered: biogeochemical, dms, including, online, physical, simulate, tracer, within) | A∪B→AB:0.64 (covered: biogeochemical, dms, grid, including, online, physical, simulate, tracer, within) | uncovered_AB: coupling, loose, nemo, processes, shared",Match,INTENDED,Purpose Compatibility,PatternAgnostic,Domain,LLMAssisted,True,Match,,
8,Semantic Mismatch,Assumptions,Loose,Coverage threshold ≥ 0.50,hydrostatic approximation; boussinesq approximation; finite-difference discretization; time-split barotropic / baroclinic modes,"stoichiometric phytoplankton growth; light-, temperature-dependent dms production; multiple plankton functional groups","dynamic tracer exchange each timestep; plankton processes depend on light, temperature; dms emissions affect surface fluxes optional feedback","A→AB:0.00 (covered: —) | B→AB:0.29 (covered: dms, light, plankton, temperature) | A∪B→AB:0.29 (covered: dms, light, plankton, temperature) | uncovered_AB: affect, depend, dynamic, each, emissions, feedback, optional, processes, timestep, tracer",Mismatch,INTENDED,Assumption Compatibility,PatternAgnostic,Domain,LLMAssisted,True,Mismatch,,
8,Conceptual Quality Gap,Links to Publications & Reports,Loose,Pattern-agnostic,"madec et al., 2008; vogt et al., 2010","vogt et al., 2010",,Both provide metadata.,Match,INTENDED,Conceptual Quality Evidence,PatternAgnostic,Domain,LLMAssisted,True,Match,,
8,Conceptual Quality Gap,Authors’ Unique Identifier,Loose,Pattern-agnostic,g. madec; lead developer,"vogt, m.; ecological model developer",,Both provide metadata.,Match,INTENDED,Conceptual Quality Evidence,PatternAgnostic,Domain,LLMAssisted,True,Match,,
8,Conceptual Quality Gap,Conceptual Model Evaluation,Loose,Pattern-agnostic,"widely validated in cmip configurations, strong physical basis",represents major global seasonal patterns of dms,,Both provide metadata.,Match,INTENDED,Conceptual Quality Evidence,PatternAgnostic,Domain,LLMAssisted,True,Match,,
8,Conceptual Quality Gap,Calibration Tools/Data,Loose,Pattern-agnostic,"ocean reanalysis glorys, oras , argo profiles, satellite sst / ssh","in situ, satellite dms & chlorophyll",,Both provide metadata.,Match,INTENDED,Conceptual Quality Evidence,PatternAgnostic,Domain,LLMAssisted,True,Match,,
8,Conceptual Quality Gap,Validation Capabilities,Loose,Pattern-agnostic,"climatology, reanalysis comparisons available","global comparisons with climatologies, cruises",,Both provide metadata.,Match,INTENDED,Conceptual Quality Evidence,PatternAgnostic,Domain,LLMAssisted,True,Match,,
8,Conceptual Quality Gap,Sensitivity Analysis,Loose,Pattern-agnostic,"parameter sets allow sensitivity to mixing, drag, eos",tracer parameter sweeps,,Both provide metadata.,Match,INTENDED,Conceptual Quality Evidence,PatternAgnostic,Domain,LLMAssisted,True,Match,,
8,Conceptual Quality Gap,Uncertainty Analysis,Loose,Pattern-agnostic,"ensemble forcing, parameter perturbations",scenario-based dms emission uncertainty,,Both provide metadata.,Match,INTENDED,Conceptual Quality Evidence,PatternAgnostic,Domain,LLMAssisted,True,Match,,
8,Data Schema Mismatch,A.output,Loose,A.output ↔ B.input (≥1),temperature; salinity; u_velocity; v_velocity; w_velocity; mixed_layer_depth; sea_ice_cover; sea_ice_thickness; shortwave_radiation_at_depth,temperature; salinity; velocities; mld; shortwave_radiation_at_depth; sea_ice_fields; physical state from nemo; provides physical drivers,,temperature ↔ temperature (1.00); salinity ↔ salinity (1.00); shortwave_radiation_at_depth ↔ shortwave_radiation_at_depth (1.00),Match,INTENDED,Variable Semantic Compatibility,InformationLevel,Information,LLMAssisted,True,Match,,
8,Data Schema Mismatch,B.output,Loose,B.output ↔ A.input (≥1),dms_concentration; plankton_functional_types; nutrient_fields; air_sea_dms_flux; kd_bio; qbio; albedo_modifier,bathymetry; initial_temperature; initial_salinity; surface_forcing_fields; biological_optical_feedback; gas_exchange_modifiers; initial; boundary conditions for the physical ocean state. optionally receives biological optical feedbacks from planktom10.; biogeochemical feedback influencing optics or air-sea fluxes,,,Mismatch,INTENDED,Variable Semantic Compatibility,InformationLevel,Information,LLMAssisted,True,Mismatch,,
8,Data Schema Mismatch,(A or B).input vs AB.input,Loose,(A or B).input ↔ AB.input (similarity>0),A.in:bathymetry; initial_temperature; initial_salinity; surface_forcing_fields; biological_optical_feedback; gas_exchange_modifiers; initial; boundary conditions for the physical ocean state. optionally receives biological optical feedbacks from planktom10.; biogeochemical feedback influencing optics or air-sea fluxes | B.in:temperature; salinity; velocities; mld; shortwave_radiation_at_depth; sea_ice_fields; physical state from nemo; provides physical drivers,,temperature; salinity; velocities; mld; light_at_depth; sea_ice_fields,max=0.66,Match,INTENDED,Variable Semantic Compatibility,InformationLevel,Information,LLMAssisted,True,Match,,
8,Data Schema Mismatch,(A or B).output vs AB.output,Loose,(A or B).output ↔ AB.output (similarity>0),A.out:temperature; salinity; u_velocity; v_velocity; w_velocity; mixed_layer_depth; sea_ice_cover; sea_ice_thickness; shortwave_radiation_at_depth | B.out:dms_concentration; plankton_functional_types; nutrient_fields; air_sea_dms_flux; kd_bio; qbio; albedo_modifier,,temperature; salinity; nutrients; dms; chlorophyll; plankton_biomass,max=0.29,Match,INTENDED,Variable Semantic Compatibility,InformationLevel,Information,LLMAssisted,True,Match,,
8,Temporal Resolution Mismatch,time_steps_temporal_resolution,Loose,Common exchanged variables align semantically (or a declared conversion bridges them),hourly to daily,hourly to daily,hourly to daily,A<->B token-sim=1.00 (>0 means aligned),Match,INTENDED,Temporal Resolution Compatibility,InformationLevel,Information,Deterministic,True,Match,Deterministic check: A<->B token-sim=1.00 (>0 means aligned),No adaptation required.
8,Temporal Coverage Mismatch,temporal_extent_coverage,Loose,Common exchanged variables align semantically (or a declared conversion bridges them),multi-decadal,multi-year,multi-year,A<->B token-sim=0.00 (not aligned) and no resampling/conversion policy is declared.,Mismatch,INTENDED,(auxiliary) Temporal Coverage Mismatch / temporal_extent_coverage,RuntimeLevel,Information,Deterministic,False,Mismatch,Deterministic check: A<->B token-sim=0.00 (not aligned) and no resampling/conversion policy is declared.,Introduce an explicit mediation/adaptation step to resolve this incompatibility before integration.
8,Spatial Resolution Mismatch,spatial_resolution,Loose,Common exchanged variables align semantically (or a declared conversion bridges them),1 / 2° to 1 / 12°,matches nemo grid,shared nemo grid,A<->B token-sim=0.00 (not aligned) and no resampling/conversion policy is declared.,Mismatch,INTENDED,Spatial Resolution Compatibility,InformationLevel,Information,Deterministic,True,Mismatch,Deterministic check: A<->B token-sim=0.00 (not aligned) and no resampling/conversion policy is declared.,Regrid/aggregate the exchanged variable to the spatial resolution required by the receiving model.
8,Spatial Coverage Mismatch,spatial_extent_coverage,Loose,Common exchanged variables align semantically (or a declared conversion bridges them),global ocean,ocean water column,global ocean,A<->B token-sim=0.00 (not aligned) and no resampling/conversion policy is declared.,Mismatch,INTENDED,(auxiliary) Spatial Coverage Mismatch / spatial_extent_coverage,RuntimeLevel,Information,Deterministic,False,Mismatch,Deterministic check: A<->B token-sim=0.00 (not aligned) and no resampling/conversion policy is declared.,Introduce an explicit mediation/adaptation step to resolve this incompatibility before integration.
8,Dimensionality Mismatch,dimensionality,Loose,Common exchanged variables align semantically (or a declared conversion bridges them),3d,3d,3d,A<->B token-sim=1.00 (>0 means aligned),Match,INTENDED,Dimensionality Compatibility,InformationLevel,Information,Deterministic,True,Match,Deterministic check: A<->B token-sim=1.00 (>0 means aligned),No adaptation required.
8,Unit Mismatch,A.output(temperature) -> B.input(temperature),Loose,Units must be equal or known-equivalent,°C,various,,'°C' != 'various' and not in a known-equivalent class; conversion required.,Mismatch,INTENDED,Unit Compatibility,InformationLevel,Information,Deterministic,True,Mismatch,Deterministic check: '°C' != 'various' and not in a known-equivalent class; conversion required.,Apply a unit conversion between the declared source and target units before data exchange.
8,Unit Mismatch,A.output(salinity) -> B.input(salinity),Loose,Both sides must declare a unit for the exchanged variable,PSU,,,Unit not declared on one or both sides.,Missing,INTENDED,Unit Compatibility,InformationLevel,Information,Deterministic,True,Gap,Deterministic check: Unit not declared on one or both sides.,Provide the missing metadata field(s) for both models before this constraint can be assessed.
8,Unit Mismatch,A.output(shortwave_radiation_at_depth) -> B.input(shortwave_radiation_at_depth),Loose,Both sides must declare a unit for the exchanged variable,,,,Unit not declared on one or both sides.,Missing,INTENDED,Unit Compatibility,InformationLevel,Information,Deterministic,True,Gap,Deterministic check: Unit not declared on one or both sides.,Provide the missing metadata field(s) for both models before this constraint can be assessed.
8,Communication Mechanism Mismatch,communication_mechanism,Loose,Pattern-graded requirement,,,,Both sides or AB canonical interface required.,Missing,INTENDED,Interface Compatibility,RuntimeLevel,Computational,LLMAssisted,True,Gap,,
8,Error Handling Mismatch,error_handling,Loose,Pattern-graded requirement,"cfl limit checks, nan trapping, restart dumps, timestep reduction.","tracer bounds checks, invalid values reset, restart safety","tracer cfl checks, nan trapping, restart dumps",Both A and B or AB canonical required.,Match,INTENDED,Error-Handling Compatibility,RuntimeLevel,Computational,LLMAssisted,True,Match,,
8,Execution Instruction Gap,execution_instructions,Loose,Require A or B,"compile via makenemo, configure using reference configs, namelists","enabled via nemo top / top_src, activated in tracer namelists",,At least one side must provide.,Match,INTENDED,Execution Environment Compatibility,RuntimeLevel,Technology,LLMAssisted,True,Match,,
8,Parallel Execution Incompatibility,parallel_execution,Loose,Pattern-graded requirement,true,true,true,Loose requires at least one side (or AB) to declare this.,Match,INTENDED,Execution Constraint Compatibility,RuntimeLevel,Engineering,LLMAssisted,True,Match,,
8,Execution Constraint Mismatch,execution_constraints,Loose,Pattern-graded requirement,"requires stable baroclinic / barotropic splitting, mpi domain consistency.; shared grid, timestep consistency with tracer package","grid, timestep must match nemo",,Loose requires at least one side (or AB) to declare this.,Match,INTENDED,Execution Ordering Compatibility,RuntimeLevel,Engineering,Deterministic,True,Match,Deterministic check: Loose requires at least one side (or AB) to declare this.,No adaptation required.
8,Acknowledgment Protocol Mismatch,acknowledgment_protocols,Loose,Pattern-graded requirement,,,,Loose requires at least one side (or AB) to declare this.,Missing,INTENDED,Synchronization Compatibility,RuntimeLevel,Engineering,LLMAssisted,True,Gap,,
8,Latency Expectation Mismatch,latency_expectations,Loose,Pattern-graded requirement,,,,Loose requires at least one side (or AB) to declare this.,Missing,INTENDED,Latency Compatibility,RuntimeLevel,Engineering,LLMAssisted,True,Gap,,
8,Data Synchronization,data_synchronization,Loose,Pattern-graded requirement,physical state transferred each timestep to planktom10,tracer exchange with nemo each timestep,timestep-level tracer exchange,Loose requires at least one declaration of synchronization.,Match,INTENDED,Synchronization Compatibility,RuntimeLevel,Engineering,LLMAssisted,True,Match,,
8,Programming Language Incompatibility,programming_language,Loose,Pattern-graded similarity/equality,fortran 90,fortran 90,fortran 90,A↔B token-sim=1.00 (> 0.00),Match,INTENDED,Execution Environment Compatibility,RuntimeLevel,Technology,LLMAssisted,True,Match,,
8,Source Code Availability Gap,availability_of_source_code (A),Loose,Presence required,,,,A provides metadata,Missing,INTENDED,(auxiliary) Source Code Availability Gap / availability_of_source_code (A),RuntimeLevel,Technology,Deterministic,False,Gap,Deterministic check: A provides metadata,Provide the missing metadata field(s) for both models before this constraint can be assessed.
8,Source Code Availability Gap,availability_of_source_code (B),Loose,Optional at this pattern,,,,Optional.,Match,INTENDED,(auxiliary) Source Code Availability Gap / availability_of_source_code (B),RuntimeLevel,Technology,Deterministic,False,Match,Deterministic check: Optional.,No adaptation required.
8,Implementation Verification Gap,implementation_verification (A),Loose,Presence required,"reference test cases orca2 / orca1 reproduced; compared against climatologies, reanalysis",,,A provides metadata,Match,INTENDED,(auxiliary) Implementation Verification Gap / implementation_verification (A),RuntimeLevel,Technology,Deterministic,False,Match,Deterministic check: A provides metadata,No adaptation required.
8,Implementation Verification Gap,implementation_verification (B),Loose,Presence required,compared to global dms datasets,,,B provides metadata,Match,INTENDED,(auxiliary) Implementation Verification Gap / implementation_verification (B),RuntimeLevel,Technology,Deterministic,False,Match,Deterministic check: B provides metadata,No adaptation required.
8,Software Environment Mismatch,software_specification_and_requirements,Loose,Presence required,,,,Neither provides metadata.,Missing,INTENDED,Execution Environment Compatibility,RuntimeLevel,Technology,LLMAssisted,True,Gap,,
8,Hardware Resource Mismatch,hardware_specification_and_requirements,Loose,Pattern-graded similarity/equality,hpc cluster,hpc cluster,hpc cluster,A↔B token-sim=1.00 (> 0.00),Match,INTENDED,Execution Environment Compatibility,RuntimeLevel,Technology,LLMAssisted,True,Match,,
8,Distribution Version Mismatch,distribution_version,Loose,Presence required,v3.3,,,Only one side provides metadata.,Missing,INTENDED,Execution Environment Compatibility,RuntimeLevel,Technology,LLMAssisted,True,Gap,,
8,File Format Mismatch,file_formats,Loose,Presence required,,,,Neither provides metadata.,Missing,INTENDED,Data Format Compatibility,InformationLevel,Information,Deterministic,True,Gap,Deterministic check: Neither provides metadata.,Provide the missing metadata field(s) for both models before this constraint can be assessed.
8,License Incompatibility,license,Loose,Pattern-graded requirement,cecill,cecill,,A↔B token-sim=1.00 (> 0.00),Match,INTENDED,License Compatibility,RuntimeLevel,Technology,LLMAssisted,True,Match,,
8,Landing Page Gap,landing_page (A),Loose,Presence required,,,,A provides landing page,Missing,INTENDED,(auxiliary) Landing Page Gap / landing_page (A),RuntimeLevel,Technology,Deterministic,False,Gap,Deterministic check: A provides landing page,Provide the missing metadata field(s) for both models before this constraint can be assessed.
8,Landing Page Gap,landing_page (B),Loose,Optional at this pattern,,,,Optional.,Match,INTENDED,(auxiliary) Landing Page Gap / landing_page (B),RuntimeLevel,Technology,Deterministic,False,Match,Deterministic check: Optional.,No adaptation required.
8,Operating Environment Mismatch,operating_system,Loose,Declared operating systems must overlap,,,,Operating system not declared on one or both sides.,Missing,INTENDED,Operating Environment Compatibility,RuntimeLevel,Technology,Deterministic,True,Gap,Deterministic check: Operating system not declared on one or both sides.,Provide the missing metadata field(s) for both models before this constraint can be assessed.
8,Semantic Mismatch,Title,Loose,Coverage threshold ≥ 0.50,nemo ocean circulation model; g. madec,"planktom10 biogeochemical model; vogt, m.","integrated nemo-planktom10 ocean biogeochemical model; vogt, m.","A→AB:0.20 (covered: nemo) | B→AB:0.60 (covered: biogeochemical, planktom10, vogt) | A∪B→AB:0.80 (covered: biogeochemical, nemo, planktom10, vogt) | uncovered_AB: integrated",Match,INTEGRATED,(auxiliary) Semantic Mismatch / Title,PatternAgnostic,Domain,Deterministic,False,Match,"Deterministic check: A→AB:0.20 (covered: nemo) | B→AB:0.60 (covered: biogeochemical, planktom10, vogt) | A∪B→AB:0.80 (covered: biogeochemical, nemo, planktom10, vogt) | uncovered_AB: integrated",No adaptation required.
8,Semantic Mismatch,Model Version,Loose,A or B must equal AB exactly,v3.3; 2010,2010; v3.3,v3.3,A==AB:×; B==AB:×,Mismatch,INTEGRATED,(auxiliary) Semantic Mismatch / Model Version,PatternAgnostic,Domain,Deterministic,False,Mismatch,Deterministic check: A==AB:×; B==AB:×,Introduce an explicit mediation/adaptation step to resolve this incompatibility before integration.
8,Semantic Mismatch,Description,Loose,Coverage threshold ≥ 0.50,"a 3d hydrostatic, primitive-equation ocean circulation model simulating dynamics, mixing, thermohaline structure, sea ice, surface fluxes. provides physical drivers to biogeochemical models such as planktom10, which may return optical or radiative feedback fields.; initial, boundary conditions for the physical ocean state. optionally receives biological optical feedbacks from planktom10.; biogeochemical feedback influencing optics or air-sea fluxes","a 3d marine biogeochemical model simulating nutrients, plankton functional types, sulfur cycle, dimethylsulphide dms production. online coupled to nemo through its tracer, biogeochemical interface.; physical state from nemo; provides physical drivers","integrated ocean modeling system combining the nemo physical circulation model with the planktom10 biogeochemical model. simulates hydrodynamics, nutrients, plankton functional types, dms production with interactive tracer exchange.; physical ocean fields from nemo used to drive planktom10","A→AB:0.19 (covered: biogeochemical, circulation, physical, planktom10) | B→AB:0.48 (covered: biogeochemical, dms, functional, nemo, nutrients, physical, plankton, production, tracer, types) | A∪B→AB:0.57 (covered: biogeochemical, circulation, dms, functional, nemo, nutrients, physical, planktom10, plankton, production, tracer, types) | uncovered_AB: combining, drive, hydrodynamics, integrated, interactive, modeling, simulates, system, used",Match,INTEGRATED,(auxiliary) Semantic Mismatch / Description,PatternAgnostic,Domain,Deterministic,False,Match,"Deterministic check: A→AB:0.19 (covered: biogeochemical, circulation, physical, planktom10) | B→AB:0.48 (covered: biogeochemical, dms, functional, nemo, nutrients, physical, plankton, production, tracer, types) | A∪B→AB:0.57 (covered: biogeochemical, circulation, dms, functional, nemo, nutrients, physical, planktom10, plankton, production, tracer, types) | uncovered_AB: combining, drive, hydrodynamics, integrated, interactive, modeling, simulates, system, used",No adaptation required.
8,Semantic Mismatch,Keywords,Loose,Coverage threshold ≥ 0.50,ocean circulation; hydrodynamics; sea ice; nemo; climate modeling,biogeochemistry; dimethylsulphide; marine ecosystem; plankton; carbon cycle,ocean biogeochemistry; coupled modeling; dimethylsulphide; climate modeling; nemo; planktom10,"A→AB:0.50 (covered: climate, modeling, nemo) | B→AB:0.33 (covered: biogeochemistry, dimethylsulphide) | A∪B→AB:0.83 (covered: biogeochemistry, climate, dimethylsulphide, modeling, nemo) | uncovered_AB: planktom10",Match,INTEGRATED,(auxiliary) Semantic Mismatch / Keywords,PatternAgnostic,Domain,Deterministic,False,Match,"Deterministic check: A→AB:0.50 (covered: climate, modeling, nemo) | B→AB:0.33 (covered: biogeochemistry, dimethylsulphide) | A∪B→AB:0.83 (covered: biogeochemistry, climate, dimethylsulphide, modeling, nemo) | uncovered_AB: planktom10",No adaptation required.
8,Semantic Mismatch,Model Type,Loose,Coverage threshold ≥ 0.50,mechanistic,mechanistic,mechanistic,A→AB:1.00 (covered: mechanistic) | B→AB:1.00 (covered: mechanistic) | A∪B→AB:1.00 (covered: mechanistic) | uncovered_AB: —,Match,INTEGRATED,(auxiliary) Semantic Mismatch / Model Type,PatternAgnostic,Domain,Deterministic,False,Match,Deterministic check: A→AB:1.00 (covered: mechanistic) | B→AB:1.00 (covered: mechanistic) | A∪B→AB:1.00 (covered: mechanistic) | uncovered_AB: —,No adaptation required.
8,Semantic Mismatch,Scope,Loose,Coverage threshold ≥ 0.50,"global, regional ocean domains",global marine ecosystems,global marine ecosystems,"A→AB:0.33 (covered: global) | B→AB:1.00 (covered: ecosystems, global, marine) | A∪B→AB:1.00 (covered: ecosystems, global, marine) | uncovered_AB: —",Match,INTEGRATED,Scope Compatibility,PatternAgnostic,Domain,LLMAssisted,True,Match,,
8,Semantic Mismatch,Purpose & Pattern,Loose,Coverage threshold ≥ 0.50,"simulate physical ocean state, circulation; 3d structured-grid hydrostatic ocean model with parameterized mixing",simulate biogeochemical cycles including dms production; online biogeochemical tracer module within physical host,"simulate coupled physical, biogeochemical processes including dms; online tracer coupling within shared nemo grid; loose","A→AB:0.21 (covered: grid, physical, simulate) | B→AB:0.57 (covered: biogeochemical, dms, including, online, physical, simulate, tracer, within) | A∪B→AB:0.64 (covered: biogeochemical, dms, grid, including, online, physical, simulate, tracer, within) | uncovered_AB: coupling, loose, nemo, processes, shared",Match,INTEGRATED,Purpose Compatibility,PatternAgnostic,Domain,LLMAssisted,True,Match,,
8,Semantic Mismatch,Assumptions,Loose,Coverage threshold ≥ 0.50,hydrostatic approximation; boussinesq approximation; finite-difference discretization; time-split barotropic / baroclinic modes,"stoichiometric phytoplankton growth; light-, temperature-dependent dms production; multiple plankton functional groups","dynamic tracer exchange each timestep; plankton processes depend on light, temperature; dms emissions affect surface fluxes optional feedback","A→AB:0.00 (covered: —) | B→AB:0.29 (covered: dms, light, plankton, temperature) | A∪B→AB:0.29 (covered: dms, light, plankton, temperature) | uncovered_AB: affect, depend, dynamic, each, emissions, feedback, optional, processes, timestep, tracer",Mismatch,INTEGRATED,Assumption Compatibility,PatternAgnostic,Domain,LLMAssisted,True,Mismatch,,
8,Conceptual Quality Gap,Links to Publications & Reports,Loose,Pattern-agnostic,"madec et al., 2008; vogt et al., 2010","vogt et al., 2010",,Both provide metadata.,Match,INTEGRATED,Conceptual Quality Evidence,PatternAgnostic,Domain,LLMAssisted,True,Match,,
8,Conceptual Quality Gap,Authors’ Unique Identifier,Loose,Pattern-agnostic,g. madec; lead developer,"vogt, m.; ecological model developer",,Both provide metadata.,Match,INTEGRATED,Conceptual Quality Evidence,PatternAgnostic,Domain,LLMAssisted,True,Match,,
8,Conceptual Quality Gap,Conceptual Model Evaluation,Loose,Pattern-agnostic,"widely validated in cmip configurations, strong physical basis",represents major global seasonal patterns of dms,,Both provide metadata.,Match,INTEGRATED,Conceptual Quality Evidence,PatternAgnostic,Domain,LLMAssisted,True,Match,,
8,Conceptual Quality Gap,Calibration Tools/Data,Loose,Pattern-agnostic,"ocean reanalysis glorys, oras , argo profiles, satellite sst / ssh","in situ, satellite dms & chlorophyll",,Both provide metadata.,Match,INTEGRATED,Conceptual Quality Evidence,PatternAgnostic,Domain,LLMAssisted,True,Match,,
8,Conceptual Quality Gap,Validation Capabilities,Loose,Pattern-agnostic,"climatology, reanalysis comparisons available","global comparisons with climatologies, cruises",,Both provide metadata.,Match,INTEGRATED,Conceptual Quality Evidence,PatternAgnostic,Domain,LLMAssisted,True,Match,,
8,Conceptual Quality Gap,Sensitivity Analysis,Loose,Pattern-agnostic,"parameter sets allow sensitivity to mixing, drag, eos",tracer parameter sweeps,,Both provide metadata.,Match,INTEGRATED,Conceptual Quality Evidence,PatternAgnostic,Domain,LLMAssisted,True,Match,,
8,Conceptual Quality Gap,Uncertainty Analysis,Loose,Pattern-agnostic,"ensemble forcing, parameter perturbations",scenario-based dms emission uncertainty,,Both provide metadata.,Match,INTEGRATED,Conceptual Quality Evidence,PatternAgnostic,Domain,LLMAssisted,True,Match,,
8,Data Schema Mismatch,A.output,Loose,A.output ↔ B.input (≥1),temperature; salinity; u_velocity; v_velocity; w_velocity; mixed_layer_depth; sea_ice_cover; sea_ice_thickness; shortwave_radiation_at_depth,temperature; salinity; velocities; mld; shortwave_radiation_at_depth; sea_ice_fields; physical state from nemo; provides physical drivers,,temperature ↔ temperature (1.00); salinity ↔ salinity (1.00); shortwave_radiation_at_depth ↔ shortwave_radiation_at_depth (1.00),Match,INTEGRATED,Variable Semantic Compatibility,InformationLevel,Information,LLMAssisted,True,Match,,
8,Data Schema Mismatch,B.output,Loose,B.output ↔ A.input (≥1),dms_concentration; plankton_functional_types; nutrient_fields; air_sea_dms_flux; kd_bio; qbio; albedo_modifier,bathymetry; initial_temperature; initial_salinity; surface_forcing_fields; biological_optical_feedback; gas_exchange_modifiers; initial; boundary conditions for the physical ocean state. optionally receives biological optical feedbacks from planktom10.; biogeochemical feedback influencing optics or air-sea fluxes,,,Mismatch,INTEGRATED,Variable Semantic Compatibility,InformationLevel,Information,LLMAssisted,True,Mismatch,,
8,Data Schema Mismatch,(A or B).input vs AB.input,Loose,(A or B).input ↔ AB.input (similarity>0),A.in:bathymetry; initial_temperature; initial_salinity; surface_forcing_fields; biological_optical_feedback; gas_exchange_modifiers; initial; boundary conditions for the physical ocean state. optionally receives biological optical feedbacks from planktom10.; biogeochemical feedback influencing optics or air-sea fluxes | B.in:temperature; salinity; velocities; mld; shortwave_radiation_at_depth; sea_ice_fields; physical state from nemo; provides physical drivers,,temperature; salinity; velocities; mld; light_at_depth; sea_ice_fields,max=0.66,Match,INTEGRATED,Variable Semantic Compatibility,InformationLevel,Information,LLMAssisted,True,Match,,
8,Data Schema Mismatch,(A or B).output vs AB.output,Loose,(A or B).output ↔ AB.output (similarity>0),A.out:temperature; salinity; u_velocity; v_velocity; w_velocity; mixed_layer_depth; sea_ice_cover; sea_ice_thickness; shortwave_radiation_at_depth | B.out:dms_concentration; plankton_functional_types; nutrient_fields; air_sea_dms_flux; kd_bio; qbio; albedo_modifier,,temperature; salinity; nutrients; dms; chlorophyll; plankton_biomass,max=0.29,Match,INTEGRATED,Variable Semantic Compatibility,InformationLevel,Information,LLMAssisted,True,Match,,
8,Temporal Resolution Mismatch,time_steps_temporal_resolution,Loose,Common exchanged variables align semantically (or a declared conversion bridges them),hourly to daily,hourly to daily,hourly to daily,A<->B token-sim=1.00 (>0 means aligned),Match,INTEGRATED,Temporal Resolution Compatibility,InformationLevel,Information,Deterministic,True,Match,Deterministic check: A<->B token-sim=1.00 (>0 means aligned),No adaptation required.
8,Temporal Coverage Mismatch,temporal_extent_coverage,Loose,Common exchanged variables align semantically (or a declared conversion bridges them),multi-decadal,multi-year,multi-year,A<->B token-sim=0.00 (not aligned) and no resampling/conversion policy is declared.,Mismatch,INTEGRATED,(auxiliary) Temporal Coverage Mismatch / temporal_extent_coverage,RuntimeLevel,Information,Deterministic,False,Mismatch,Deterministic check: A<->B token-sim=0.00 (not aligned) and no resampling/conversion policy is declared.,Introduce an explicit mediation/adaptation step to resolve this incompatibility before integration.
8,Spatial Resolution Mismatch,spatial_resolution,Loose,Common exchanged variables align semantically (or a declared conversion bridges them),1 / 2° to 1 / 12°,matches nemo grid,shared nemo grid,A<->B token-sim=0.00 (not aligned) and no resampling/conversion policy is declared.,Mismatch,INTEGRATED,Spatial Resolution Compatibility,InformationLevel,Information,Deterministic,True,Mismatch,Deterministic check: A<->B token-sim=0.00 (not aligned) and no resampling/conversion policy is declared.,Regrid/aggregate the exchanged variable to the spatial resolution required by the receiving model.
8,Spatial Coverage Mismatch,spatial_extent_coverage,Loose,Common exchanged variables align semantically (or a declared conversion bridges them),global ocean,ocean water column,global ocean,A<->B token-sim=0.00 (not aligned) and no resampling/conversion policy is declared.,Mismatch,INTEGRATED,(auxiliary) Spatial Coverage Mismatch / spatial_extent_coverage,RuntimeLevel,Information,Deterministic,False,Mismatch,Deterministic check: A<->B token-sim=0.00 (not aligned) and no resampling/conversion policy is declared.,Introduce an explicit mediation/adaptation step to resolve this incompatibility before integration.
8,Dimensionality Mismatch,dimensionality,Loose,Common exchanged variables align semantically (or a declared conversion bridges them),3d,3d,3d,A<->B token-sim=1.00 (>0 means aligned),Match,INTEGRATED,Dimensionality Compatibility,InformationLevel,Information,Deterministic,True,Match,Deterministic check: A<->B token-sim=1.00 (>0 means aligned),No adaptation required.
8,Unit Mismatch,A.output(temperature) -> B.input(temperature),Loose,Units must be equal or known-equivalent,°C,various,,'°C' != 'various' and not in a known-equivalent class; conversion required.,Mismatch,INTEGRATED,Unit Compatibility,InformationLevel,Information,Deterministic,True,Mismatch,Deterministic check: '°C' != 'various' and not in a known-equivalent class; conversion required.,Apply a unit conversion between the declared source and target units before data exchange.
8,Unit Mismatch,A.output(salinity) -> B.input(salinity),Loose,Both sides must declare a unit for the exchanged variable,PSU,,,Unit not declared on one or both sides.,Missing,INTEGRATED,Unit Compatibility,InformationLevel,Information,Deterministic,True,Gap,Deterministic check: Unit not declared on one or both sides.,Provide the missing metadata field(s) for both models before this constraint can be assessed.
8,Unit Mismatch,A.output(shortwave_radiation_at_depth) -> B.input(shortwave_radiation_at_depth),Loose,Both sides must declare a unit for the exchanged variable,,,,Unit not declared on one or both sides.,Missing,INTEGRATED,Unit Compatibility,InformationLevel,Information,Deterministic,True,Gap,Deterministic check: Unit not declared on one or both sides.,Provide the missing metadata field(s) for both models before this constraint can be assessed.
8,Communication Mechanism Mismatch,communication_mechanism,Loose,Pattern-graded requirement,,,,Both sides or AB canonical interface required.,Missing,INTEGRATED,Interface Compatibility,RuntimeLevel,Computational,LLMAssisted,True,Gap,,
8,Error Handling Mismatch,error_handling,Loose,Pattern-graded requirement,"cfl limit checks, nan trapping, restart dumps, timestep reduction.","tracer bounds checks, invalid values reset, restart safety","tracer cfl checks, nan trapping, restart dumps",Both A and B or AB canonical required.,Match,INTEGRATED,Error-Handling Compatibility,RuntimeLevel,Computational,LLMAssisted,True,Match,,
8,Execution Instruction Gap,execution_instructions,Loose,Require A or B,"compile via makenemo, configure using reference configs, namelists","enabled via nemo top / top_src, activated in tracer namelists",,At least one side must provide.,Match,INTEGRATED,Execution Environment Compatibility,RuntimeLevel,Technology,LLMAssisted,True,Match,,
8,Parallel Execution Incompatibility,parallel_execution,Loose,Pattern-graded requirement,true,true,true,Loose requires at least one side (or AB) to declare this.,Match,INTEGRATED,Execution Constraint Compatibility,RuntimeLevel,Engineering,LLMAssisted,True,Match,,
8,Execution Constraint Mismatch,execution_constraints,Loose,Pattern-graded requirement,"requires stable baroclinic / barotropic splitting, mpi domain consistency.; shared grid, timestep consistency with tracer package","grid, timestep must match nemo","requires shared timestep, vertical grid; timestep, grid, tracer list must match",Loose requires at least one side (or AB) to declare this.,Match,INTEGRATED,Execution Ordering Compatibility,RuntimeLevel,Engineering,Deterministic,True,Match,Deterministic check: Loose requires at least one side (or AB) to declare this.,No adaptation required.
8,Acknowledgment Protocol Mismatch,acknowledgment_protocols,Loose,Pattern-graded requirement,,,,Loose requires at least one side (or AB) to declare this.,Missing,INTEGRATED,Synchronization Compatibility,RuntimeLevel,Engineering,LLMAssisted,True,Gap,,
8,Latency Expectation Mismatch,latency_expectations,Loose,Pattern-graded requirement,,,,Loose requires at least one side (or AB) to declare this.,Missing,INTEGRATED,Latency Compatibility,RuntimeLevel,Engineering,LLMAssisted,True,Gap,,
8,Data Synchronization,data_synchronization,Loose,Pattern-graded requirement,physical state transferred each timestep to planktom10,tracer exchange with nemo each timestep,timestep-level tracer exchange,Loose requires at least one declaration of synchronization.,Match,INTEGRATED,Synchronization Compatibility,RuntimeLevel,Engineering,LLMAssisted,True,Match,,
8,Programming Language Incompatibility,programming_language,Loose,Pattern-graded similarity/equality,fortran 90,fortran 90,fortran 90,A↔B token-sim=1.00 (> 0.00),Match,INTEGRATED,Execution Environment Compatibility,RuntimeLevel,Technology,LLMAssisted,True,Match,,
8,Source Code Availability Gap,availability_of_source_code (A),Loose,Presence required,,,,A provides metadata,Missing,INTEGRATED,(auxiliary) Source Code Availability Gap / availability_of_source_code (A),RuntimeLevel,Technology,Deterministic,False,Gap,Deterministic check: A provides metadata,Provide the missing metadata field(s) for both models before this constraint can be assessed.
8,Source Code Availability Gap,availability_of_source_code (B),Loose,Optional at this pattern,,,,Optional.,Match,INTEGRATED,(auxiliary) Source Code Availability Gap / availability_of_source_code (B),RuntimeLevel,Technology,Deterministic,False,Match,Deterministic check: Optional.,No adaptation required.
8,Implementation Verification Gap,implementation_verification (A),Loose,Presence required,"reference test cases orca2 / orca1 reproduced; compared against climatologies, reanalysis",,,A provides metadata,Match,INTEGRATED,(auxiliary) Implementation Verification Gap / implementation_verification (A),RuntimeLevel,Technology,Deterministic,False,Match,Deterministic check: A provides metadata,No adaptation required.
8,Implementation Verification Gap,implementation_verification (B),Loose,Presence required,compared to global dms datasets,,,B provides metadata,Match,INTEGRATED,(auxiliary) Implementation Verification Gap / implementation_verification (B),RuntimeLevel,Technology,Deterministic,False,Match,Deterministic check: B provides metadata,No adaptation required.
8,Software Environment Mismatch,software_specification_and_requirements,Loose,Presence required,,,,Neither provides metadata.,Missing,INTEGRATED,Execution Environment Compatibility,RuntimeLevel,Technology,LLMAssisted,True,Gap,,
8,Hardware Resource Mismatch,hardware_specification_and_requirements,Loose,Pattern-graded similarity/equality,hpc cluster,hpc cluster,hpc cluster,A↔B token-sim=1.00 (> 0.00),Match,INTEGRATED,Execution Environment Compatibility,RuntimeLevel,Technology,LLMAssisted,True,Match,,
8,Distribution Version Mismatch,distribution_version,Loose,Presence required,v3.3,,,Only one side provides metadata.,Missing,INTEGRATED,Execution Environment Compatibility,RuntimeLevel,Technology,LLMAssisted,True,Gap,,
8,File Format Mismatch,file_formats,Loose,Presence required,,,,Neither provides metadata.,Missing,INTEGRATED,Data Format Compatibility,InformationLevel,Information,Deterministic,True,Gap,Deterministic check: Neither provides metadata.,Provide the missing metadata field(s) for both models before this constraint can be assessed.
8,License Incompatibility,license,Loose,Pattern-graded requirement,cecill,cecill,,A↔B token-sim=1.00 (> 0.00),Match,INTEGRATED,License Compatibility,RuntimeLevel,Technology,LLMAssisted,True,Match,,
8,Landing Page Gap,landing_page (A),Loose,Presence required,,,,A provides landing page,Missing,INTEGRATED,(auxiliary) Landing Page Gap / landing_page (A),RuntimeLevel,Technology,Deterministic,False,Gap,Deterministic check: A provides landing page,Provide the missing metadata field(s) for both models before this constraint can be assessed.
8,Landing Page Gap,landing_page (B),Loose,Optional at this pattern,,,,Optional.,Match,INTEGRATED,(auxiliary) Landing Page Gap / landing_page (B),RuntimeLevel,Technology,Deterministic,False,Match,Deterministic check: Optional.,No adaptation required.
8,Operating Environment Mismatch,operating_system,Loose,Declared operating systems must overlap,,,,Operating system not declared on one or both sides.,Missing,INTEGRATED,Operating Environment Compatibility,RuntimeLevel,Technology,Deterministic,True,Gap,Deterministic check: Operating system not declared on one or both sides.,Provide the missing metadata field(s) for both models before this constraint can be assessed.
9,Semantic Mismatch,Title,Loose,Coverage threshold ≥ 0.50,"canadian atmospheric model version 4 canam4; fyfe, j.c.","ncar community ocean model version 1.3 ncom1.3; fyfe, j.c.","integrated canesm2 climate modeling system; fyfe, j.c.","A→AB:0.17 (covered: fyfe) | B→AB:0.17 (covered: fyfe) | A∪B→AB:0.17 (covered: fyfe) | uncovered_AB: canesm2, climate, integrated, modeling, system",Mismatch,INTEGRATED,(auxiliary) Semantic Mismatch / Title,PatternAgnostic,Domain,Deterministic,False,Mismatch,"Deterministic check: A→AB:0.17 (covered: fyfe) | B→AB:0.17 (covered: fyfe) | A∪B→AB:0.17 (covered: fyfe) | uncovered_AB: canesm2, climate, integrated, modeling, system",Introduce an explicit mediation/adaptation step to resolve this incompatibility before integration.
9,Semantic Mismatch,Model Version,Loose,A or B must equal AB exactly,v4,v1.3; v4,v2,A==AB:×; B==AB:×,Mismatch,INTEGRATED,(auxiliary) Semantic Mismatch / Model Version,PatternAgnostic,Domain,Deterministic,False,Mismatch,Deterministic check: A==AB:×; B==AB:×,Introduce an explicit mediation/adaptation step to resolve this incompatibility before integration.
9,Semantic Mismatch,Description,Loose,Coverage threshold ≥ 0.50,"spectral atmospheric general circulation model used as the atmospheric component of the canesm2 earth system model. simulates global atmospheric dynamics, radiation, cloud microphysics, boundary-layer processes, exchanges surface fluxes, lower-boundary fields with the ocean model ncom1.3 via the canesm2 internal coupler.; fortran compiler, mpi, netcdf, canesm2 internal coupler infrastructure; ocean lower-boundary, sea-ice fields from ncom1.3 provided via the canesm2 internal coupler when running in coupled mode, prescribed sst / sic fields when run in atmosphere-only mode.","three-dimensional ocean general circulation model simulating currents, temperature, salinity, mixing, sea ice in the canesm2 framework. acts as the ocean component coupled to canam4 via the internal canesm2 coupler, receiving atmospheric surface forcing, returning sea surface state, sea-ice fields.; compiled as part of canesm2 with mpi, netcdf, internal coupler support; atmospheric surface forcing from canam4 exchanged via the canesm2 internal coupler, including momentum, heat, freshwater fluxes, related surface fields.; atmospheric surface fluxes, pressure forcing for ocean surface boundary conditions via canesm2 coupler","the canadian earth system model version 2 canesm2 integrates the canam4 atmospheric model with the ncom1.3 ocean model via an internal coupler. the coupled system simulates global climate dynamics, including the surface response to stratospheric aerosol changes, by exchanging fluxes, state variables between the atmosphere, ocean components on synchronized coupling intervals.; ncom1.3, canam4 components, canesm2 coupler, netcdf, mpi; external forcing datasets ghgs, aerosols, solar, land use , initialization fields for atmosphere, ocean, internal two-way flux, state exchange between canam4, ncom1.3 via coupler.","A→AB:0.35 (covered: atmosphere, atmospheric, canesm2, coupler, dynamics, earth, global, internal, mpi, ncom1, netcdf, simulates, system, via) | B→AB:0.28 (covered: atmospheric, canam4, canesm2, coupler, forcing, including, internal, mpi, netcdf, state, via) | A∪B→AB:0.45 (covered: atmosphere, atmospheric, canam4, canesm2, coupler, dynamics, earth, forcing, global, including, internal, mpi, ncom1, netcdf, simulates, state, system, via) | uncovered_AB: aerosol, aerosols, between, canadian, changes, climate, coupling, exchanging, external, ghgs, initialization, integrates, intervals, land, response, solar, stratospheric, synchronized, two, use, version, way",Mismatch,INTEGRATED,(auxiliary) Semantic Mismatch / Description,PatternAgnostic,Domain,Deterministic,False,Mismatch,"Deterministic check: A→AB:0.35 (covered: atmosphere, atmospheric, canesm2, coupler, dynamics, earth, global, internal, mpi, ncom1, netcdf, simulates, system, via) | B→AB:0.28 (covered: atmospheric, canam4, canesm2, coupler, forcing, including, internal, mpi, netcdf, state, via) | A∪B→AB:0.45 (covered: atmosphere, atmospheric, canam4, canesm2, coupler, dynamics, earth, forcing, global, including, internal, mpi, ncom1, netcdf, simulates, state, system, via) | uncovered_AB: aerosol, aerosols, between, canadian, changes, climate, coupling, exchanging, external, ghgs, initialization, integrates, intervals, land, response, solar, stratospheric, synchronized, two, use, version, way",Introduce an explicit mediation/adaptation step to resolve this incompatibility before integration.
9,Semantic Mismatch,Keywords,Loose,Coverage threshold ≥ 0.50,atmospheric model; spectral gcm; radiation; cloud processes; climate modeling; canesm2,ocean model; ogcm; climate model; canesm2; marine processes,earth system model; climate modeling; atmosphere-ocean coupling; stratospheric aerosols; surface temperature; canesm2,"A→AB:0.30 (covered: canesm2, climate, modeling) | B→AB:0.20 (covered: canesm2, climate) | A∪B→AB:0.30 (covered: canesm2, climate, modeling) | uncovered_AB: aerosols, atmosphere, coupling, earth, stratospheric, system, temperature",Mismatch,INTEGRATED,(auxiliary) Semantic Mismatch / Keywords,PatternAgnostic,Domain,Deterministic,False,Mismatch,"Deterministic check: A→AB:0.30 (covered: canesm2, climate, modeling) | B→AB:0.20 (covered: canesm2, climate) | A∪B→AB:0.30 (covered: canesm2, climate, modeling) | uncovered_AB: aerosols, atmosphere, coupling, earth, stratospheric, system, temperature",Introduce an explicit mediation/adaptation step to resolve this incompatibility before integration.
9,Semantic Mismatch,Model Type,Loose,Coverage threshold ≥ 0.50,mechanistic,mechanistic,mechanistic,A→AB:1.00 (covered: mechanistic) | B→AB:1.00 (covered: mechanistic) | A∪B→AB:1.00 (covered: mechanistic) | uncovered_AB: —,Match,INTEGRATED,(auxiliary) Semantic Mismatch / Model Type,PatternAgnostic,Domain,Deterministic,False,Match,Deterministic check: A→AB:1.00 (covered: mechanistic) | B→AB:1.00 (covered: mechanistic) | A∪B→AB:1.00 (covered: mechanistic) | uncovered_AB: —,No adaptation required.
9,Semantic Mismatch,Scope,Loose,Coverage threshold ≥ 0.50,"global atmospheric dynamics, climate",global ocean circulation,global coupled atmosphere-ocean climate system,"A→AB:0.50 (covered: climate, global) | B→AB:0.25 (covered: global) | A∪B→AB:0.50 (covered: climate, global) | uncovered_AB: atmosphere, system",Match,INTEGRATED,Scope Compatibility,PatternAgnostic,Domain,LLMAssisted,True,Match,,
9,Semantic Mismatch,Purpose & Pattern,Loose,Coverage threshold ≥ 0.50,"simulate atmospheric circulation, energy-moisture balance in an earth system framework; spectral dynamical core with parameterized physics, loose atmosphere-ocean coupling via coupler","simulate large-scale oceanic processes, storage of heat, freshwater in coupled climate modeling; grid-based ocean gcm with vertical mixing schemes, loose coupling to atmosphere via coupler","simulate climate response to internal variability, external forcings in a coupled aogcm framework; integrated atmosphere-ocean coupling via internal coupler with loose component integration; loose","A→AB:0.40 (covered: atmosphere, coupler, coupling, loose, simulate, via) | B→AB:0.47 (covered: atmosphere, climate, coupler, coupling, loose, simulate, via) | A∪B→AB:0.47 (covered: atmosphere, climate, coupler, coupling, loose, simulate, via) | uncovered_AB: aogcm, external, forcings, integrated, integration, internal, response, variability",Mismatch,INTEGRATED,Purpose Compatibility,PatternAgnostic,Domain,LLMAssisted,True,Mismatch,,
9,Semantic Mismatch,Assumptions,Loose,Coverage threshold ≥ 0.50,"hydrostatic balance in the dynamical core; spherical harmonics basis for the spectral core; radiative forcing from prescribed or interactive greenhouse gases, aerosols; surface lower boundary provided by an ogcm ncom1.3 or prescribed sst / sic","boussinesq, hydrostatic approximations; no explicit tides or coastal fine-scale processes in standard global configurations; bulk formulae for air-sea fluxes received from atmosphere via coupler","hydrostatic atmosphere, ocean components; flux-based coupling between agcm, ogcm at fixed coupling timesteps; aerosol perturbations influence radiative transfer, cloud microphysics in the atmosphere; ocean, atmosphere share a common calendar, coupling period","A→AB:0.15 (covered: hydrostatic, ogcm, radiative) | B→AB:0.10 (covered: atmosphere, hydrostatic) | A∪B→AB:0.20 (covered: atmosphere, hydrostatic, ogcm, radiative) | uncovered_AB: aerosol, agcm, based, between, calendar, cloud, common, coupling, fixed, influence, microphysics, period, perturbations, share, timesteps, transfer",Mismatch,INTEGRATED,Assumption Compatibility,PatternAgnostic,Domain,LLMAssisted,True,Mismatch,,
9,Conceptual Quality Gap,Links to Publications & Reports,Loose,Pattern-agnostic,"fyfe et al., 2013","fyfe et al., 2013",,Both provide metadata.,Match,INTEGRATED,Conceptual Quality Evidence,PatternAgnostic,Domain,LLMAssisted,True,Match,,
9,Conceptual Quality Gap,Authors’ Unique Identifier,Loose,Pattern-agnostic,"fyfe, j.c.; modeling, climate simulation","fyfe, j.c.; coupled modeling",,Both provide metadata.,Match,INTEGRATED,Conceptual Quality Evidence,PatternAgnostic,Domain,LLMAssisted,True,Match,,
9,Conceptual Quality Gap,Conceptual Model Evaluation,Loose,Pattern-agnostic,"extensively used, evaluated within cmip5 / canesm2 experiments",used as the ocean component in canesm2 cmip5 simulations,,Both provide metadata.,Match,INTEGRATED,Conceptual Quality Evidence,PatternAgnostic,Domain,LLMAssisted,True,Match,,
9,Conceptual Quality Gap,Calibration Tools/Data,Loose,Pattern-agnostic,"tuned against observed climatology, reanalysis e.g., winds, temperature, precipitation","tuned against ocean reanalysis products, climatological temperature / salinity, heat-content observations",,Both provide metadata.,Match,INTEGRATED,Conceptual Quality Evidence,PatternAgnostic,Domain,LLMAssisted,True,Match,,
9,Conceptual Quality Gap,Validation Capabilities,Loose,Pattern-agnostic,"validated against reanalyses, satellite datasets for key climate fields","evaluated against observed ocean heat content, sst, large-scale circulation patterns",,Both provide metadata.,Match,INTEGRATED,Conceptual Quality Evidence,PatternAgnostic,Domain,LLMAssisted,True,Match,,
9,Conceptual Quality Gap,Sensitivity Analysis,Loose,Pattern-agnostic,"supported via parameter perturbations, multi-member ensembles","supported via coupled perturbation experiments, parameter variations",,Both provide metadata.,Match,INTEGRATED,Conceptual Quality Evidence,PatternAgnostic,Domain,LLMAssisted,True,Match,,
9,Conceptual Quality Gap,Uncertainty Analysis,Loose,Pattern-agnostic,scenario-based ensembles for different forcing pathways,exploration of long-term variability under different forcing scenarios,,Both provide metadata.,Match,INTEGRATED,Conceptual Quality Evidence,PatternAgnostic,Domain,LLMAssisted,True,Match,,
9,Data Schema Mismatch,A.output,Loose,A.output ↔ B.input (≥1),surface wind stress tau_x; tau_y; 10 m wind u10; v10 optional; net shortwave radiation at surface sw_down; net longwave radiation at surface lw_down; sensible heat flux q_sens; latent heat flux q_lat; precipitation rate p; evaporation rate e; freshwater flux p_minus_e; runoff flux r optional; mean sea level pressure mslp; downwelling par at surface optional,surface wind stress tau_x; tau_y; 10 m wind u10; v10 optional; net shortwave radiation at surface sw_down; net longwave radiation at surface lw_down; sensible heat flux q_sens; latent heat flux q_lat; precipitation rate p; evaporation rate e; freshwater flux p_minus_e; runoff flux r optional; mean sea level pressure mslp; downwelling par at surface optional; atmospheric surface forcing from canam4 exchanged via the canesm2 internal coupler; including momentum; heat; freshwater fluxes; related surface fields.; atmospheric surface fluxes; pressure forcing for ocean surface boundary conditions via canesm2 coupler,,surface wind stress tau_x ↔ surface wind stress tau_x (1.00); tau_y ↔ tau_y (1.00); 10 m wind u10 ↔ 10 m wind u10 (1.00); v10 optional ↔ v10 optional (1.00); net shortwave radiation at surface sw_down ↔ net shortwave radiation at surface sw_down (1.00); net longwave radiation at surface lw_down ↔ net longwave radiation at surface lw_down (1.00); sensible heat flux q_sens ↔ sensible heat flux q_sens (1.00); latent heat flux q_lat ↔ latent heat flux q_lat (1.00); precipitation rate p ↔ precipitation rate p (1.00); evaporation rate e ↔ evaporation rate e (1.00); freshwater flux p_minus_e ↔ freshwater flux p_minus_e (1.00); runoff flux r optional ↔ runoff flux r optional (1.00); mean sea level pressure mslp ↔ mean sea level pressure mslp (1.00); downwelling par at surface optional ↔ downwelling par at surface optional (1.00),Match,INTEGRATED,Variable Semantic Compatibility,InformationLevel,Information,LLMAssisted,True,Match,,
9,Data Schema Mismatch,B.output,Loose,B.output ↔ A.input (≥1),sea surface temperature sst; sea surface salinity sss; ocean surface currents u_ocean; v_ocean; sea surface height ssh; sea ice concentration sic; sea ice thickness sith,sea surface temperature sst; sea surface salinity sss optional; sea ice concentration sic; sea ice thickness sith optional; ocean surface currents u_ocean; v_ocean; sea surface height ssh optional; ocean lower-boundary; sea-ice fields from ncom1.3 provided via the canesm2 internal coupler when running in coupled mode; prescribed sst / sic fields when run in atmosphere-only mode.,,sea surface temperature sst ↔ sea surface temperature sst (1.00); sea surface salinity sss ↔ sea surface salinity sss optional (0.90); ocean surface currents u_ocean ↔ ocean surface currents u_ocean (1.00); v_ocean ↔ v_ocean (1.00); sea surface height ssh ↔ sea surface height ssh optional (0.90); sea ice concentration sic ↔ sea ice concentration sic (1.00); sea ice thickness sith ↔ sea ice thickness sith optional (0.90),Match,INTEGRATED,Variable Semantic Compatibility,InformationLevel,Information,LLMAssisted,True,Match,,
9,Data Schema Mismatch,(A or B).input vs AB.input,Loose,(A or B).input ↔ AB.input (similarity>0),A.in:sea surface temperature sst; sea surface salinity sss optional; sea ice concentration sic; sea ice thickness sith optional; ocean surface currents u_ocean; v_ocean; sea surface height ssh optional; ocean lower-boundary; sea-ice fields from ncom1.3 provided via the canesm2 internal coupler when running in coupled mode; prescribed sst / sic fields when run in atmosphere-only mode. | B.in:surface wind stress tau_x; tau_y; 10 m wind u10; v10 optional; net shortwave radiation at surface sw_down; net longwave radiation at surface lw_down; sensible heat flux q_sens; latent heat flux q_lat; precipitation rate p; evaporation rate e; freshwater flux p_minus_e; runoff flux r optional; mean sea level pressure mslp; downwelling par at surface optional; atmospheric surface forcing from canam4 exchanged via the canesm2 internal coupler; including momentum; heat; freshwater fluxes; related surface fields.; atmospheric surface fluxes; pressure forcing for ocean surface boundary conditions via canesm2 coupler,,external forcings ghgs; aerosols; solar; land use; initial 3d atmosphere fields; initial ocean t / s; currents,max=0.09,Match,INTEGRATED,Variable Semantic Compatibility,InformationLevel,Information,LLMAssisted,True,Match,,
9,Data Schema Mismatch,(A or B).output vs AB.output,Loose,(A or B).output ↔ AB.output (similarity>0),A.out:surface wind stress tau_x; tau_y; 10 m wind u10; v10 optional; net shortwave radiation at surface sw_down; net longwave radiation at surface lw_down; sensible heat flux q_sens; latent heat flux q_lat; precipitation rate p; evaporation rate e; freshwater flux p_minus_e; runoff flux r optional; mean sea level pressure mslp; downwelling par at surface optional | B.out:sea surface temperature sst; sea surface salinity sss; ocean surface currents u_ocean; v_ocean; sea surface height ssh; sea ice concentration sic; sea ice thickness sith,,atmospheric fields; sst; sea ice; ocean heat content; fluxes; other cmip variables,max=0.39,Match,INTEGRATED,Variable Semantic Compatibility,InformationLevel,Information,LLMAssisted,True,Match,,
9,Temporal Resolution Mismatch,time_steps_temporal_resolution,Loose,Common exchanged variables align semantically (or a declared conversion bridges them),30 min - 1 hr,hourly to daily model time steps,"30 min atmosphere to daily coupling, diagnostics",A<->B token-sim=0.00 (not aligned) and no resampling/conversion policy is declared.,Mismatch,INTEGRATED,Temporal Resolution Compatibility,InformationLevel,Information,Deterministic,True,Mismatch,Deterministic check: A<->B token-sim=0.00 (not aligned) and no resampling/conversion policy is declared.,Resample the exchanged variable to the temporal resolution required by the receiving model.
9,Temporal Coverage Mismatch,temporal_extent_coverage,Loose,Common exchanged variables align semantically (or a declared conversion bridges them),multi-decadal climate integrations,multi-decadal climate integrations,multi-decadal to centennial integrations,A<->B token-sim=1.00 (>0 means aligned),Match,INTEGRATED,(auxiliary) Temporal Coverage Mismatch / temporal_extent_coverage,RuntimeLevel,Information,Deterministic,False,Match,Deterministic check: A<->B token-sim=1.00 (>0 means aligned),No adaptation required.
9,Spatial Resolution Mismatch,spatial_resolution,Loose,Common exchanged variables align semantically (or a declared conversion bridges them),t63 ~2.8° × 2.8°,"1.4° × 1.4°, 40 vertical levels","atmosphere, t63 ~2.8° , ocean, ~1.4° × 1.4°",A<->B token-sim=0.00 (not aligned) and no resampling/conversion policy is declared.,Mismatch,INTEGRATED,Spatial Resolution Compatibility,InformationLevel,Information,Deterministic,True,Mismatch,Deterministic check: A<->B token-sim=0.00 (not aligned) and no resampling/conversion policy is declared.,Regrid/aggregate the exchanged variable to the spatial resolution required by the receiving model.
9,Spatial Coverage Mismatch,spatial_extent_coverage,Loose,Common exchanged variables align semantically (or a declared conversion bridges them),global atmosphere,global ocean,global,A<->B token-sim=0.50 (>0 means aligned),Match,INTEGRATED,(auxiliary) Spatial Coverage Mismatch / spatial_extent_coverage,RuntimeLevel,Information,Deterministic,False,Match,Deterministic check: A<->B token-sim=0.50 (>0 means aligned),No adaptation required.
9,Dimensionality Mismatch,dimensionality,Loose,Common exchanged variables align semantically (or a declared conversion bridges them),3d,3d,3d,A<->B token-sim=1.00 (>0 means aligned),Match,INTEGRATED,Dimensionality Compatibility,InformationLevel,Information,Deterministic,True,Match,Deterministic check: A<->B token-sim=1.00 (>0 means aligned),No adaptation required.
9,Unit Mismatch,A.output(surface wind stress tau_x) -> B.input(surface wind stress tau_x),Loose,Units must be equal or known-equivalent,N m⁻²,N m⁻²,,'N m⁻²' ~ 'N m⁻²' (equivalent).,Match,INTEGRATED,Unit Compatibility,InformationLevel,Information,Deterministic,True,Match,Deterministic check: 'N m⁻²' ~ 'N m⁻²' (equivalent).,No adaptation required.
9,Unit Mismatch,A.output(tau_y) -> B.input(tau_y),Loose,Units must be equal or known-equivalent,m s⁻¹,m s⁻¹,,'m s⁻¹' ~ 'm s⁻¹' (equivalent).,Match,INTEGRATED,Unit Compatibility,InformationLevel,Information,Deterministic,True,Match,Deterministic check: 'm s⁻¹' ~ 'm s⁻¹' (equivalent).,No adaptation required.
9,Unit Mismatch,A.output(10 m wind u10) -> B.input(10 m wind u10),Loose,Units must be equal or known-equivalent,W m⁻²,W m⁻²,,'W m⁻²' ~ 'W m⁻²' (equivalent).,Match,INTEGRATED,Unit Compatibility,InformationLevel,Information,Deterministic,True,Match,Deterministic check: 'W m⁻²' ~ 'W m⁻²' (equivalent).,No adaptation required.
9,Unit Mismatch,A.output(v10 optional) -> B.input(v10 optional),Loose,Units must be equal or known-equivalent,kg m⁻² s⁻¹,kg m⁻² s⁻¹,,'kg m⁻² s⁻¹' ~ 'kg m⁻² s⁻¹' (equivalent).,Match,INTEGRATED,Unit Compatibility,InformationLevel,Information,Deterministic,True,Match,Deterministic check: 'kg m⁻² s⁻¹' ~ 'kg m⁻² s⁻¹' (equivalent).,No adaptation required.
9,Unit Mismatch,A.output(net shortwave radiation at surface sw_down) -> B.input(net shortwave radiation at surface sw_down),Loose,Units must be equal or known-equivalent,hPa,hPa,,'hPa' ~ 'hPa' (equivalent).,Match,INTEGRATED,Unit Compatibility,InformationLevel,Information,Deterministic,True,Match,Deterministic check: 'hPa' ~ 'hPa' (equivalent).,No adaptation required.
9,Unit Mismatch,A.output(net longwave radiation at surface lw_down) -> B.input(net longwave radiation at surface lw_down),Loose,Both sides must declare a unit for the exchanged variable,,,,Unit not declared on one or both sides.,Missing,INTEGRATED,Unit Compatibility,InformationLevel,Information,Deterministic,True,Gap,Deterministic check: Unit not declared on one or both sides.,Provide the missing metadata field(s) for both models before this constraint can be assessed.
9,Unit Mismatch,A.output(sensible heat flux q_sens) -> B.input(sensible heat flux q_sens),Loose,Both sides must declare a unit for the exchanged variable,,,,Unit not declared on one or both sides.,Missing,INTEGRATED,Unit Compatibility,InformationLevel,Information,Deterministic,True,Gap,Deterministic check: Unit not declared on one or both sides.,Provide the missing metadata field(s) for both models before this constraint can be assessed.
9,Unit Mismatch,A.output(latent heat flux q_lat) -> B.input(latent heat flux q_lat),Loose,Both sides must declare a unit for the exchanged variable,,,,Unit not declared on one or both sides.,Missing,INTEGRATED,Unit Compatibility,InformationLevel,Information,Deterministic,True,Gap,Deterministic check: Unit not declared on one or both sides.,Provide the missing metadata field(s) for both models before this constraint can be assessed.
9,Unit Mismatch,A.output(precipitation rate p) -> B.input(precipitation rate p),Loose,Both sides must declare a unit for the exchanged variable,,,,Unit not declared on one or both sides.,Missing,INTEGRATED,Unit Compatibility,InformationLevel,Information,Deterministic,True,Gap,Deterministic check: Unit not declared on one or both sides.,Provide the missing metadata field(s) for both models before this constraint can be assessed.
9,Unit Mismatch,A.output(evaporation rate e) -> B.input(evaporation rate e),Loose,Both sides must declare a unit for the exchanged variable,,,,Unit not declared on one or both sides.,Missing,INTEGRATED,Unit Compatibility,InformationLevel,Information,Deterministic,True,Gap,Deterministic check: Unit not declared on one or both sides.,Provide the missing metadata field(s) for both models before this constraint can be assessed.
9,Unit Mismatch,A.output(freshwater flux p_minus_e) -> B.input(freshwater flux p_minus_e),Loose,Both sides must declare a unit for the exchanged variable,,,,Unit not declared on one or both sides.,Missing,INTEGRATED,Unit Compatibility,InformationLevel,Information,Deterministic,True,Gap,Deterministic check: Unit not declared on one or both sides.,Provide the missing metadata field(s) for both models before this constraint can be assessed.
9,Unit Mismatch,A.output(runoff flux r optional) -> B.input(runoff flux r optional),Loose,Both sides must declare a unit for the exchanged variable,,,,Unit not declared on one or both sides.,Missing,INTEGRATED,Unit Compatibility,InformationLevel,Information,Deterministic,True,Gap,Deterministic check: Unit not declared on one or both sides.,Provide the missing metadata field(s) for both models before this constraint can be assessed.
9,Unit Mismatch,A.output(mean sea level pressure mslp) -> B.input(mean sea level pressure mslp),Loose,Both sides must declare a unit for the exchanged variable,,,,Unit not declared on one or both sides.,Missing,INTEGRATED,Unit Compatibility,InformationLevel,Information,Deterministic,True,Gap,Deterministic check: Unit not declared on one or both sides.,Provide the missing metadata field(s) for both models before this constraint can be assessed.
9,Unit Mismatch,A.output(downwelling par at surface optional) -> B.input(downwelling par at surface optional),Loose,Both sides must declare a unit for the exchanged variable,,,,Unit not declared on one or both sides.,Missing,INTEGRATED,Unit Compatibility,InformationLevel,Information,Deterministic,True,Gap,Deterministic check: Unit not declared on one or both sides.,Provide the missing metadata field(s) for both models before this constraint can be assessed.
9,Unit Mismatch,B.output(sea surface temperature sst) -> A.input(sea surface temperature sst),Loose,Units must be equal or known-equivalent,°C,°C,,'°C' ~ '°C' (equivalent).,Match,INTEGRATED,Unit Compatibility,InformationLevel,Information,Deterministic,True,Match,Deterministic check: '°C' ~ '°C' (equivalent).,No adaptation required.
9,Unit Mismatch,B.output(sea surface salinity sss) -> A.input(sea surface salinity sss optional),Loose,Units must be equal or known-equivalent,PSU,PSU,,'PSU' ~ 'PSU' (equivalent).,Match,INTEGRATED,Unit Compatibility,InformationLevel,Information,Deterministic,True,Match,Deterministic check: 'PSU' ~ 'PSU' (equivalent).,No adaptation required.
9,Unit Mismatch,B.output(ocean surface currents u_ocean) -> A.input(ocean surface currents u_ocean),Loose,Units must be equal or known-equivalent,m s⁻¹,m s⁻¹,,'m s⁻¹' ~ 'm s⁻¹' (equivalent).,Match,INTEGRATED,Unit Compatibility,InformationLevel,Information,Deterministic,True,Match,Deterministic check: 'm s⁻¹' ~ 'm s⁻¹' (equivalent).,No adaptation required.
9,Unit Mismatch,B.output(v_ocean) -> A.input(v_ocean),Loose,Both sides must declare a unit for the exchanged variable,m,,,Unit not declared on one or both sides.,Missing,INTEGRATED,Unit Compatibility,InformationLevel,Information,Deterministic,True,Gap,Deterministic check: Unit not declared on one or both sides.,Provide the missing metadata field(s) for both models before this constraint can be assessed.
9,Unit Mismatch,B.output(sea surface height ssh) -> A.input(sea surface height ssh optional),Loose,Both sides must declare a unit for the exchanged variable,0–1 (fraction),,,Unit not declared on one or both sides.,Missing,INTEGRATED,Unit Compatibility,InformationLevel,Information,Deterministic,True,Gap,Deterministic check: Unit not declared on one or both sides.,Provide the missing metadata field(s) for both models before this constraint can be assessed.
9,Unit Mismatch,B.output(sea ice concentration sic) -> A.input(sea ice concentration sic),Loose,Both sides must declare a unit for the exchanged variable,,0–1 (fraction),,Unit not declared on one or both sides.,Missing,INTEGRATED,Unit Compatibility,InformationLevel,Information,Deterministic,True,Gap,Deterministic check: Unit not declared on one or both sides.,Provide the missing metadata field(s) for both models before this constraint can be assessed.
9,Unit Mismatch,B.output(sea ice thickness sith) -> A.input(sea ice thickness sith optional),Loose,Both sides must declare a unit for the exchanged variable,,m,,Unit not declared on one or both sides.,Missing,INTEGRATED,Unit Compatibility,InformationLevel,Information,Deterministic,True,Gap,Deterministic check: Unit not declared on one or both sides.,Provide the missing metadata field(s) for both models before this constraint can be assessed.
9,Communication Mechanism Mismatch,communication_mechanism,Loose,Pattern-graded requirement,,,,Both sides or AB canonical interface required.,Missing,INTEGRATED,Interface Compatibility,RuntimeLevel,Computational,LLMAssisted,True,Gap,,
9,Error Handling Mismatch,error_handling,Loose,Pattern-graded requirement,"internal stability checks cfl, divergence , coupler diagnostics for missing or nan fields, restart files for recovery from failed steps.","tracer bounds checks, cfl, stability diagnostics, restart capability, coupler aborts or warnings if flux or state fields contain nans or inconsistencies.","coupler, component-level checks for nans, cfl violations, flux imbalances, restart capability for long integrations, controlled aborts on coupling failures.",Both A and B or AB canonical required.,Match,INTEGRATED,Error-Handling Compatibility,RuntimeLevel,Computational,LLMAssisted,True,Match,,
9,Execution Instruction Gap,execution_instructions,Loose,Require A or B,"configure experiment via canesm2 setup files, namelists, compile canam4 with mpi, netcdf support, run as the atmospheric component under the canesm2 coupled driver or in atmosphere-only mode with prescribed sst / sic .","run as the ocean component of canesm2 under the coupled driver, configuration, forcing supplied via canesm2 experiment setup scripts, namelists.",,At least one side must provide.,Match,INTEGRATED,Execution Environment Compatibility,RuntimeLevel,Technology,LLMAssisted,True,Match,,
9,Parallel Execution Incompatibility,parallel_execution,Loose,Pattern-graded requirement,true,true,true,Loose requires at least one side (or AB) to declare this.,Match,INTEGRATED,Execution Constraint Compatibility,RuntimeLevel,Engineering,LLMAssisted,True,Match,,
9,Execution Constraint Mismatch,execution_constraints,Loose,Pattern-graded requirement,"coupling timestep aligned with ocean component e.g., hourly-6-hourly , conservative flux remapping, synchronized calendars, coupling intervals enforced by the canesm2 coupler.","consistent coupling timestep with canam4, conservative flux coupling, identical calendars, simulation periods, ocean advances on its own timestep between coupling calls.","flux coupling timestep synchronization between atmosphere, ocean, conservative remapping between atmospheric, oceanic grids, strict consistency of calendars, experiment timelines.",Loose requires at least one side (or AB) to declare this.,Match,INTEGRATED,Execution Ordering Compatibility,RuntimeLevel,Engineering,Deterministic,True,Match,Deterministic check: Loose requires at least one side (or AB) to declare this.,No adaptation required.
9,Acknowledgment Protocol Mismatch,acknowledgment_protocols,Loose,Pattern-graded requirement,"users should acknowledge canesm2 / canam4, fyfe et al. 2013 in publications using coupled outputs.",,,Loose requires at least one side (or AB) to declare this.,Match,INTEGRATED,Synchronization Compatibility,RuntimeLevel,Engineering,LLMAssisted,True,Match,,
9,Latency Expectation Mismatch,latency_expectations,Loose,Pattern-graded requirement,"flux, state exchange each coupling step via coupler, low to moderate latency mpi-based communication.","exchange each coupling step via internal coupler, mpi-based, low latency relative to model timestep.",low-latency mpi-based coupler exchange at each coupling step,Loose requires at least one side (or AB) to declare this.,Match,INTEGRATED,Latency Compatibility,RuntimeLevel,Engineering,LLMAssisted,True,Match,,
9,Data Synchronization,data_synchronization,Loose,Pattern-graded requirement,"loose, coupler-mediated exchange at discrete coupling steps, atmosphere, ocean advance independently between coupling calls but share fluxes, surface state via synchronous coupler barriers.","loose, coupler-mediated synchronization, ocean receives atmospheric fluxes, returns surface state at each coupling barrier, fields are remapped between atmospheric, oceanic grids.","integrated but loose component coupling, atmosphere, ocean run on their own internal timesteps, with synchronous barrier-style coupler calls exchanging fluxes atm→ocn , surface state ocn→atm on hourly-daily coupling intervals.",Loose requires at least one declaration of synchronization.,Match,INTEGRATED,Synchronization Compatibility,RuntimeLevel,Engineering,LLMAssisted,True,Match,,
9,Programming Language Incompatibility,programming_language,Loose,Pattern-graded similarity/equality,fortran,fortran,fortran,A↔B token-sim=1.00 (> 0.00),Match,INTEGRATED,Execution Environment Compatibility,RuntimeLevel,Technology,LLMAssisted,True,Match,,
9,Source Code Availability Gap,availability_of_source_code (A),Loose,Presence required,,,,A provides metadata,Missing,INTEGRATED,(auxiliary) Source Code Availability Gap / availability_of_source_code (A),RuntimeLevel,Technology,Deterministic,False,Gap,Deterministic check: A provides metadata,Provide the missing metadata field(s) for both models before this constraint can be assessed.
9,Source Code Availability Gap,availability_of_source_code (B),Loose,Optional at this pattern,,,,Optional.,Match,INTEGRATED,(auxiliary) Source Code Availability Gap / availability_of_source_code (B),RuntimeLevel,Technology,Deterministic,False,Match,Deterministic check: Optional.,No adaptation required.
9,Implementation Verification Gap,implementation_verification (A),Loose,Presence required,"evaluated using cmip protocols, canesm2 reference experiments; compared against reanalysis-derived surface fluxes, atmospheric fields",,,A provides metadata,Match,INTEGRATED,(auxiliary) Implementation Verification Gap / implementation_verification (A),RuntimeLevel,Technology,Deterministic,False,Match,Deterministic check: A provides metadata,No adaptation required.
9,Implementation Verification Gap,implementation_verification (B),Loose,Presence required,"validated within canesm2 earth system simulations, long control runs; compared with reanalysis ocean datasets, climatologies",,,B provides metadata,Match,INTEGRATED,(auxiliary) Implementation Verification Gap / implementation_verification (B),RuntimeLevel,Technology,Deterministic,False,Match,Deterministic check: B provides metadata,No adaptation required.
9,Software Environment Mismatch,software_specification_and_requirements,Loose,Pattern-graded similarity/equality,"fortran compiler, mpi, netcdf, canesm2 internal coupler infrastructure","compiled as part of canesm2 with mpi, netcdf, internal coupler support","ncom1.3, canam4 components, canesm2 coupler, netcdf, mpi",A↔B token-sim=0.45 (> 0.00),Match,INTEGRATED,Execution Environment Compatibility,RuntimeLevel,Technology,LLMAssisted,True,Match,,
9,Hardware Resource Mismatch,hardware_specification_and_requirements,Loose,Pattern-graded similarity/equality,hpc cluster / supercomputing environment,hpc / supercomputing system required for long coupled runs,supercomputing clusters required for multi-decadal ensemble simulations,A↔B token-sim=0.25 (> 0.00),Match,INTEGRATED,Execution Environment Compatibility,RuntimeLevel,Technology,LLMAssisted,True,Match,,
9,Distribution Version Mismatch,distribution_version,Loose,Pattern-graded similarity/equality,v4,v1.3,v2,A↔B token-sim=0.00 (> 0.00),Mismatch,INTEGRATED,Execution Environment Compatibility,RuntimeLevel,Technology,LLMAssisted,True,Mismatch,,
9,File Format Mismatch,file_formats,Loose,Presence required,,,,Neither provides metadata.,Missing,INTEGRATED,Data Format Compatibility,InformationLevel,Information,Deterministic,True,Gap,Deterministic check: Neither provides metadata.,Provide the missing metadata field(s) for both models before this constraint can be assessed.
9,License Incompatibility,license,Loose,Pattern-graded requirement,institutional cccma / environment canada,institutional cccma / ncar as embedded in canesm2,,A↔B token-sim=0.29 (> 0.00),Match,INTEGRATED,License Compatibility,RuntimeLevel,Technology,LLMAssisted,True,Match,,
9,Landing Page Gap,landing_page (A),Loose,Presence required,"https, / / climate-modelling.canada.ca / climatemodels / canesm2 /",,,A provides landing page,Match,INTEGRATED,(auxiliary) Landing Page Gap / landing_page (A),RuntimeLevel,Technology,Deterministic,False,Match,Deterministic check: A provides landing page,No adaptation required.
9,Landing Page Gap,landing_page (B),Loose,Presence required,"https, / / climate-modelling.canada.ca /",,,B provides landing page,Match,INTEGRATED,(auxiliary) Landing Page Gap / landing_page (B),RuntimeLevel,Technology,Deterministic,False,Match,Deterministic check: B provides landing page,No adaptation required.
9,Operating Environment Mismatch,operating_system,Loose,Declared operating systems must overlap,,,,Operating system not declared on one or both sides.,Missing,INTEGRATED,Operating Environment Compatibility,RuntimeLevel,Technology,Deterministic,True,Gap,Deterministic check: Operating system not declared on one or both sides.,Provide the missing metadata field(s) for both models before this constraint can be assessed.
